asset_id,material,weight_grams,initial_date
JUG_00000,HDPE_Plastic,120,2025-11-01
JUG_00001,HDPE_Plastic,120,2025-11-01
JUG_00002,HDPE_Plastic,120,2025-11-01
JUG_00003,HDPE_Plastic,120,2025-11-01
JUG_00004,HDPE_Plastic,120,2025-11-01
JUG_00005,HDPE_Plastic,120,2025-11-01
JUG_00006,HDPE_Plastic,120,2025-11-01
JUG_00007,HDPE_Plastic,120,2025-11-01
JUG_00008,HDPE_Plastic,120,2025-11-01
JUG_00009,HDPE_Plastic,120,2025-11-01
JUG_00010,HDPE_Plastic,120,2025-11-01
JUG_00011,HDPE_Plastic,120,2025-11-01
JUG_00012,HDPE_Plastic,120,2025-11-01
JUG_00013,HDPE_Plastic,120,2025-11-01
JUG_00014,HDPE_Plastic,120,2025-11-01
JUG_00015,HDPE_Plastic,120,2025-11-01
JUG_00016,HDPE_Plastic,120,2025-11-01
JUG_00017,HDPE_Plastic,120,2025-11-01
JUG_00018,HDPE_Plastic,120,2025-11-01
JUG_00019,HDPE_Plastic,120,2025-11-01
JUG_00020,HDPE_Plastic,120,2025-11-01
JUG_00021,HDPE_Plastic,120,2025-11-01
JUG_00022,HDPE_Plastic,120,2025-11-01
JUG_00023,HDPE_Plastic,120,2025-11-01
JUG_00024,HDPE_Plastic,120,2025-11-01
JUG_00025,HDPE_Plastic,120,2025-11-01
JUG_00026,HDPE_Plastic,120,2025-11-01
JUG_00027,HDPE_Plastic,120,2025-11-01
JUG_00028,HDPE_Plastic,120,2025-11-01
JUG_00029,HDPE_Plastic,120,2025-11-01
JUG_00030,HDPE_Plastic,120,2025-11-01
JUG_00031,HDPE_Plastic,120,2025-11-01
JUG_00032,HDPE_Plastic,120,2025-11-01
JUG_00033,HDPE_Plastic,120,2025-11-01
JUG_00034,HDPE_Plastic,120,2025-11-01
JUG_00035,HDPE_Plastic,120,2025-11-01
JUG_00036,HDPE_Plastic,120,2025-11-01
JUG_00037,HDPE_Plastic,120,2025-11-01
JUG_00038,HDPE_Plastic,120,2025-11-01
JUG_00039,HDPE_Plastic,120,2025-11-01
JUG_00040,HDPE_Plastic,120,2025-11-01
JUG_00041,HDPE_Plastic,120,2025-11-01
JUG_00042,HDPE_Plastic,120,2025-11-01
JUG_00043,HDPE_Plastic,120,2025-11-01
JUG_00044,HDPE_Plastic,120,2025-11-01
JUG_00045,HDPE_Plastic,120,2025-11-01
JUG_00046,HDPE_Plastic,120,2025-11-01
JUG_00047,HDPE_Plastic,120,2025-11-01
JUG_00048,HDPE_Plastic,120,2025-11-01
JUG_00049,HDPE_Plastic,120,2025-11-01
JUG_00050,HDPE_Plastic,120,2025-11-01
JUG_00051,HDPE_Plastic,120,2025-11-01
JUG_00052,HDPE_Plastic,120,2025-11-01
JUG_00053,HDPE_Plastic,120,2025-11-01
JUG_00054,HDPE_Plastic,120,2025-11-01
JUG_00055,HDPE_Plastic,120,2025-11-01
JUG_00056,HDPE_Plastic,120,2025-11-01
JUG_00057,HDPE_Plastic,120,2025-11-01
JUG_00058,HDPE_Plastic,120,2025-11-01
JUG_00059,HDPE_Plastic,120,2025-11-01
JUG_00060,HDPE_Plastic,120,2025-11-01
JUG_00061,HDPE_Plastic,120,2025-11-01
JUG_00062,HDPE_Plastic,120,2025-11-01
JUG_00063,HDPE_Plastic,120,2025-11-01
JUG_00064,HDPE_Plastic,120,2025-11-01
JUG_00065,HDPE_Plastic,120,2025-11-01
JUG_00066,HDPE_Plastic,120,2025-11-01
JUG_00067,HDPE_Plastic,120,2025-11-01
JUG_00068,HDPE_Plastic,120,2025-11-01
JUG_00069,HDPE_Plastic,120,2025-11-01
JUG_00070,HDPE_Plastic,120,2025-11-01
JUG_00071,HDPE_Plastic,120,2025-11-01
JUG_00072,HDPE_Plastic,120,2025-11-01
JUG_00073,HDPE_Plastic,120,2025-11-01
JUG_00074,HDPE_Plastic,120,2025-11-01
JUG_00075,HDPE_Plastic,120,2025-11-01
JUG_00076,HDPE_Plastic,120,2025-11-01
JUG_00077,HDPE_Plastic,120,2025-11-01
JUG_00078,HDPE_Plastic,120,2025-11-01
JUG_00079,HDPE_Plastic,120,2025-11-01
JUG_00080,HDPE_Plastic,120,2025-11-01
JUG_00081,HDPE_Plastic,120,2025-11-01
JUG_00082,HDPE_Plastic,120,2025-11-01
JUG_00083,HDPE_Plastic,120,2025-11-01
JUG_00084,HDPE_Plastic,120,2025-11-01
JUG_00085,HDPE_Plastic,120,2025-11-01
JUG_00086,HDPE_Plastic,120,2025-11-01
JUG_00087,HDPE_Plastic,120,2025-11-01
JUG_00088,HDPE_Plastic,120,2025-11-01
JUG_00089,HDPE_Plastic,120,2025-11-01
JUG_00090,HDPE_Plastic,120,2025-11-01
JUG_00091,HDPE_Plastic,120,2025-11-01
JUG_00092,HDPE_Plastic,120,2025-11-01
JUG_00093,HDPE_Plastic,120,2025-11-01
JUG_00094,HDPE_Plastic,120,2025-11-01
JUG_00095,HDPE_Plastic,120,2025-11-01
JUG_00096,HDPE_Plastic,120,2025-11-01
JUG_00097,HDPE_Plastic,120,2025-11-01
JUG_00098,HDPE_Plastic,120,2025-11-01
JUG_00099,HDPE_Plastic,120,2025-11-01
JUG_00100,HDPE_Plastic,120,2025-11-01
JUG_00101,HDPE_Plastic,120,2025-11-01
JUG_00102,HDPE_Plastic,120,2025-11-01
JUG_00103,HDPE_Plastic,120,2025-11-01
JUG_00104,HDPE_Plastic,120,2025-11-01
JUG_00105,HDPE_Plastic,120,2025-11-01
JUG_00106,HDPE_Plastic,120,2025-11-01
JUG_00107,HDPE_Plastic,120,2025-11-01
JUG_00108,HDPE_Plastic,120,2025-11-01
JUG_00109,HDPE_Plastic,120,2025-11-01
JUG_00110,HDPE_Plastic,120,2025-11-01
JUG_00111,HDPE_Plastic,120,2025-11-01
JUG_00112,HDPE_Plastic,120,2025-11-01
JUG_00113,HDPE_Plastic,120,2025-11-01
JUG_00114,HDPE_Plastic,120,2025-11-01
JUG_00115,HDPE_Plastic,120,2025-11-01
JUG_00116,HDPE_Plastic,120,2025-11-01
JUG_00117,HDPE_Plastic,120,2025-11-01
JUG_00118,HDPE_Plastic,120,2025-11-01
JUG_00119,HDPE_Plastic,120,2025-11-01
JUG_00120,HDPE_Plastic,120,2025-11-01
JUG_00121,HDPE_Plastic,120,2025-11-01
JUG_00122,HDPE_Plastic,120,2025-11-01
JUG_00123,HDPE_Plastic,120,2025-11-01
JUG_00124,HDPE_Plastic,120,2025-11-01
JUG_00125,HDPE_Plastic,120,2025-11-01
JUG_00126,HDPE_Plastic,120,2025-11-01
JUG_00127,HDPE_Plastic,120,2025-11-01
JUG_00128,HDPE_Plastic,120,2025-11-01
JUG_00129,HDPE_Plastic,120,2025-11-01
JUG_00130,HDPE_Plastic,120,2025-11-01
JUG_00131,HDPE_Plastic,120,2025-11-01
JUG_00132,HDPE_Plastic,120,2025-11-01
JUG_00133,HDPE_Plastic,120,2025-11-01
JUG_00134,HDPE_Plastic,120,2025-11-01
JUG_00135,HDPE_Plastic,120,2025-11-01
JUG_00136,HDPE_Plastic,120,2025-11-01
JUG_00137,HDPE_Plastic,120,2025-11-01
JUG_00138,HDPE_Plastic,120,2025-11-01
JUG_00139,HDPE_Plastic,120,2025-11-01
JUG_00140,HDPE_Plastic,120,2025-11-01
JUG_00141,HDPE_Plastic,120,2025-11-01
JUG_00142,HDPE_Plastic,120,2025-11-01
JUG_00143,HDPE_Plastic,120,2025-11-01
JUG_00144,HDPE_Plastic,120,2025-11-01
JUG_00145,HDPE_Plastic,120,2025-11-01
JUG_00146,HDPE_Plastic,120,2025-11-01
JUG_00147,HDPE_Plastic,120,2025-11-01
JUG_00148,HDPE_Plastic,120,2025-11-01
JUG_00149,HDPE_Plastic,120,2025-11-01
JUG_00150,HDPE_Plastic,120,2025-11-01
JUG_00151,HDPE_Plastic,120,2025-11-01
JUG_00152,HDPE_Plastic,120,2025-11-01
JUG_00153,HDPE_Plastic,120,2025-11-01
JUG_00154,HDPE_Plastic,120,2025-11-01
JUG_00155,HDPE_Plastic,120,2025-11-01
JUG_00156,HDPE_Plastic,120,2025-11-01
JUG_00157,HDPE_Plastic,120,2025-11-01
JUG_00158,HDPE_Plastic,120,2025-11-01
JUG_00159,HDPE_Plastic,120,2025-11-01
JUG_00160,HDPE_Plastic,120,2025-11-01
JUG_00161,HDPE_Plastic,120,2025-11-01
JUG_00162,HDPE_Plastic,120,2025-11-01
JUG_00163,HDPE_Plastic,120,2025-11-01
JUG_00164,HDPE_Plastic,120,2025-11-01
JUG_00165,HDPE_Plastic,120,2025-11-01
JUG_00166,HDPE_Plastic,120,2025-11-01
JUG_00167,HDPE_Plastic,120,2025-11-01
JUG_00168,HDPE_Plastic,120,2025-11-01
JUG_00169,HDPE_Plastic,120,2025-11-01
JUG_00170,HDPE_Plastic,120,2025-11-01
JUG_00171,HDPE_Plastic,120,2025-11-01
JUG_00172,HDPE_Plastic,120,2025-11-01
JUG_00173,HDPE_Plastic,120,2025-11-01
JUG_00174,HDPE_Plastic,120,2025-11-01
JUG_00175,HDPE_Plastic,120,2025-11-01
JUG_00176,HDPE_Plastic,120,2025-11-01
JUG_00177,HDPE_Plastic,120,2025-11-01
JUG_00178,HDPE_Plastic,120,2025-11-01
JUG_00179,HDPE_Plastic,120,2025-11-01
JUG_00180,HDPE_Plastic,120,2025-11-01
JUG_00181,HDPE_Plastic,120,2025-11-01
JUG_00182,HDPE_Plastic,120,2025-11-01
JUG_00183,HDPE_Plastic,120,2025-11-01
JUG_00184,HDPE_Plastic,120,2025-11-01
JUG_00185,HDPE_Plastic,120,2025-11-01
JUG_00186,HDPE_Plastic,120,2025-11-01
JUG_00187,HDPE_Plastic,120,2025-11-01
JUG_00188,HDPE_Plastic,120,2025-11-01
JUG_00189,HDPE_Plastic,120,2025-11-01
JUG_00190,HDPE_Plastic,120,2025-11-01
JUG_00191,HDPE_Plastic,120,2025-11-01
JUG_00192,HDPE_Plastic,120,2025-11-01
JUG_00193,HDPE_Plastic,120,2025-11-01
JUG_00194,HDPE_Plastic,120,2025-11-01
JUG_00195,HDPE_Plastic,120,2025-11-01
JUG_00196,HDPE_Plastic,120,2025-11-01
JUG_00197,HDPE_Plastic,120,2025-11-01
JUG_00198,HDPE_Plastic,120,2025-11-01
JUG_00199,HDPE_Plastic,120,2025-11-01
JUG_00200,HDPE_Plastic,120,2025-11-01
JUG_00201,HDPE_Plastic,120,2025-11-01
JUG_00202,HDPE_Plastic,120,2025-11-01
JUG_00203,HDPE_Plastic,120,2025-11-01
JUG_00204,HDPE_Plastic,120,2025-11-01
JUG_00205,HDPE_Plastic,120,2025-11-01
JUG_00206,HDPE_Plastic,120,2025-11-01
JUG_00207,HDPE_Plastic,120,2025-11-01
JUG_00208,HDPE_Plastic,120,2025-11-01
JUG_00209,HDPE_Plastic,120,2025-11-01
JUG_00210,HDPE_Plastic,120,2025-11-01
JUG_00211,HDPE_Plastic,120,2025-11-01
JUG_00212,HDPE_Plastic,120,2025-11-01
JUG_00213,HDPE_Plastic,120,2025-11-01
JUG_00214,HDPE_Plastic,120,2025-11-01
JUG_00215,HDPE_Plastic,120,2025-11-01
JUG_00216,HDPE_Plastic,120,2025-11-01
JUG_00217,HDPE_Plastic,120,2025-11-01
JUG_00218,HDPE_Plastic,120,2025-11-01
JUG_00219,HDPE_Plastic,120,2025-11-01
JUG_00220,HDPE_Plastic,120,2025-11-01
JUG_00221,HDPE_Plastic,120,2025-11-01
JUG_00222,HDPE_Plastic,120,2025-11-01
JUG_00223,HDPE_Plastic,120,2025-11-01
JUG_00224,HDPE_Plastic,120,2025-11-01
JUG_00225,HDPE_Plastic,120,2025-11-01
JUG_00226,HDPE_Plastic,120,2025-11-01
JUG_00227,HDPE_Plastic,120,2025-11-01
JUG_00228,HDPE_Plastic,120,2025-11-01
JUG_00229,HDPE_Plastic,120,2025-11-01
JUG_00230,HDPE_Plastic,120,2025-11-01
JUG_00231,HDPE_Plastic,120,2025-11-01
JUG_00232,HDPE_Plastic,120,2025-11-01
JUG_00233,HDPE_Plastic,120,2025-11-01
JUG_00234,HDPE_Plastic,120,2025-11-01
JUG_00235,HDPE_Plastic,120,2025-11-01
JUG_00236,HDPE_Plastic,120,2025-11-01
JUG_00237,HDPE_Plastic,120,2025-11-01
JUG_00238,HDPE_Plastic,120,2025-11-01
JUG_00239,HDPE_Plastic,120,2025-11-01
JUG_00240,HDPE_Plastic,120,2025-11-01
JUG_00241,HDPE_Plastic,120,2025-11-01
JUG_00242,HDPE_Plastic,120,2025-11-01
JUG_00243,HDPE_Plastic,120,2025-11-01
JUG_00244,HDPE_Plastic,120,2025-11-01
JUG_00245,HDPE_Plastic,120,2025-11-01
JUG_00246,HDPE_Plastic,120,2025-11-01
JUG_00247,HDPE_Plastic,120,2025-11-01
JUG_00248,HDPE_Plastic,120,2025-11-01
JUG_00249,HDPE_Plastic,120,2025-11-01
JUG_00250,HDPE_Plastic,120,2025-11-01
JUG_00251,HDPE_Plastic,120,2025-11-01
JUG_00252,HDPE_Plastic,120,2025-11-01
JUG_00253,HDPE_Plastic,120,2025-11-01
JUG_00254,HDPE_Plastic,120,2025-11-01
JUG_00255,HDPE_Plastic,120,2025-11-01
JUG_00256,HDPE_Plastic,120,2025-11-01
JUG_00257,HDPE_Plastic,120,2025-11-01
JUG_00258,HDPE_Plastic,120,2025-11-01
JUG_00259,HDPE_Plastic,120,2025-11-01
JUG_00260,HDPE_Plastic,120,2025-11-01
JUG_00261,HDPE_Plastic,120,2025-11-01
JUG_00262,HDPE_Plastic,120,2025-11-01
JUG_00263,HDPE_Plastic,120,2025-11-01
JUG_00264,HDPE_Plastic,120,2025-11-01
JUG_00265,HDPE_Plastic,120,2025-11-01
JUG_00266,HDPE_Plastic,120,2025-11-01
JUG_00267,HDPE_Plastic,120,2025-11-01
JUG_00268,HDPE_Plastic,120,2025-11-01
JUG_00269,HDPE_Plastic,120,2025-11-01
JUG_00270,HDPE_Plastic,120,2025-11-01
JUG_00271,HDPE_Plastic,120,2025-11-01
JUG_00272,HDPE_Plastic,120,2025-11-01
JUG_00273,HDPE_Plastic,120,2025-11-01
JUG_00274,HDPE_Plastic,120,2025-11-01
JUG_00275,HDPE_Plastic,120,2025-11-01
JUG_00276,HDPE_Plastic,120,2025-11-01
JUG_00277,HDPE_Plastic,120,2025-11-01
JUG_00278,HDPE_Plastic,120,2025-11-01
JUG_00279,HDPE_Plastic,120,2025-11-01
JUG_00280,HDPE_Plastic,120,2025-11-01
JUG_00281,HDPE_Plastic,120,2025-11-01
JUG_00282,HDPE_Plastic,120,2025-11-01
JUG_00283,HDPE_Plastic,120,2025-11-01
JUG_00284,HDPE_Plastic,120,2025-11-01
JUG_00285,HDPE_Plastic,120,2025-11-01
JUG_00286,HDPE_Plastic,120,2025-11-01
JUG_00287,HDPE_Plastic,120,2025-11-01
JUG_00288,HDPE_Plastic,120,2025-11-01
JUG_00289,HDPE_Plastic,120,2025-11-01
JUG_00290,HDPE_Plastic,120,2025-11-01
JUG_00291,HDPE_Plastic,120,2025-11-01
JUG_00292,HDPE_Plastic,120,2025-11-01
JUG_00293,HDPE_Plastic,120,2025-11-01
JUG_00294,HDPE_Plastic,120,2025-11-01
JUG_00295,HDPE_Plastic,120,2025-11-01
JUG_00296,HDPE_Plastic,120,2025-11-01
JUG_00297,HDPE_Plastic,120,2025-11-01
JUG_00298,HDPE_Plastic,120,2025-11-01
JUG_00299,HDPE_Plastic,120,2025-11-01
JUG_00300,HDPE_Plastic,120,2025-11-01
JUG_00301,HDPE_Plastic,120,2025-11-01
JUG_00302,HDPE_Plastic,120,2025-11-01
JUG_00303,HDPE_Plastic,120,2025-11-01
JUG_00304,HDPE_Plastic,120,2025-11-01
JUG_00305,HDPE_Plastic,120,2025-11-01
JUG_00306,HDPE_Plastic,120,2025-11-01
JUG_00307,HDPE_Plastic,120,2025-11-01
JUG_00308,HDPE_Plastic,120,2025-11-01
JUG_00309,HDPE_Plastic,120,2025-11-01
JUG_00310,HDPE_Plastic,120,2025-11-01
JUG_00311,HDPE_Plastic,120,2025-11-01
JUG_00312,HDPE_Plastic,120,2025-11-01
JUG_00313,HDPE_Plastic,120,2025-11-01
JUG_00314,HDPE_Plastic,120,2025-11-01
JUG_00315,HDPE_Plastic,120,2025-11-01
JUG_00316,HDPE_Plastic,120,2025-11-01
JUG_00317,HDPE_Plastic,120,2025-11-01
JUG_00318,HDPE_Plastic,120,2025-11-01
JUG_00319,HDPE_Plastic,120,2025-11-01
JUG_00320,HDPE_Plastic,120,2025-11-01
JUG_00321,HDPE_Plastic,120,2025-11-01
JUG_00322,HDPE_Plastic,120,2025-11-01
JUG_00323,HDPE_Plastic,120,2025-11-01
JUG_00324,HDPE_Plastic,120,2025-11-01
JUG_00325,HDPE_Plastic,120,2025-11-01
JUG_00326,HDPE_Plastic,120,2025-11-01
JUG_00327,HDPE_Plastic,120,2025-11-01
JUG_00328,HDPE_Plastic,120,2025-11-01
JUG_00329,HDPE_Plastic,120,2025-11-01
JUG_00330,HDPE_Plastic,120,2025-11-01
JUG_00331,HDPE_Plastic,120,2025-11-01
JUG_00332,HDPE_Plastic,120,2025-11-01
JUG_00333,HDPE_Plastic,120,2025-11-01
JUG_00334,HDPE_Plastic,120,2025-11-01
JUG_00335,HDPE_Plastic,120,2025-11-01
JUG_00336,HDPE_Plastic,120,2025-11-01
JUG_00337,HDPE_Plastic,120,2025-11-01
JUG_00338,HDPE_Plastic,120,2025-11-01
JUG_00339,HDPE_Plastic,120,2025-11-01
JUG_00340,HDPE_Plastic,120,2025-11-01
JUG_00341,HDPE_Plastic,120,2025-11-01
JUG_00342,HDPE_Plastic,120,2025-11-01
JUG_00343,HDPE_Plastic,120,2025-11-01
JUG_00344,HDPE_Plastic,120,2025-11-01
JUG_00345,HDPE_Plastic,120,2025-11-01
JUG_00346,HDPE_Plastic,120,2025-11-01
JUG_00347,HDPE_Plastic,120,2025-11-01
JUG_00348,HDPE_Plastic,120,2025-11-01
JUG_00349,HDPE_Plastic,120,2025-11-01
JUG_00350,HDPE_Plastic,120,2025-11-01
JUG_00351,HDPE_Plastic,120,2025-11-01
JUG_00352,HDPE_Plastic,120,2025-11-01
JUG_00353,HDPE_Plastic,120,2025-11-01
JUG_00354,HDPE_Plastic,120,2025-11-01
JUG_00355,HDPE_Plastic,120,2025-11-01
JUG_00356,HDPE_Plastic,120,2025-11-01
JUG_00357,HDPE_Plastic,120,2025-11-01
JUG_00358,HDPE_Plastic,120,2025-11-01
JUG_00359,HDPE_Plastic,120,2025-11-01
JUG_00360,HDPE_Plastic,120,2025-11-01
JUG_00361,HDPE_Plastic,120,2025-11-01
JUG_00362,HDPE_Plastic,120,2025-11-01
JUG_00363,HDPE_Plastic,120,2025-11-01
JUG_00364,HDPE_Plastic,120,2025-11-01
JUG_00365,HDPE_Plastic,120,2025-11-01
JUG_00366,HDPE_Plastic,120,2025-11-01
JUG_00367,HDPE_Plastic,120,2025-11-01
JUG_00368,HDPE_Plastic,120,2025-11-01
JUG_00369,HDPE_Plastic,120,2025-11-01
JUG_00370,HDPE_Plastic,120,2025-11-01
JUG_00371,HDPE_Plastic,120,2025-11-01
JUG_00372,HDPE_Plastic,120,2025-11-01
JUG_00373,HDPE_Plastic,120,2025-11-01
JUG_00374,HDPE_Plastic,120,2025-11-01
JUG_00375,HDPE_Plastic,120,2025-11-01
JUG_00376,HDPE_Plastic,120,2025-11-01
JUG_00377,HDPE_Plastic,120,2025-11-01
JUG_00378,HDPE_Plastic,120,2025-11-01
JUG_00379,HDPE_Plastic,120,2025-11-01
JUG_00380,HDPE_Plastic,120,2025-11-01
JUG_00381,HDPE_Plastic,120,2025-11-01
JUG_00382,HDPE_Plastic,120,2025-11-01
JUG_00383,HDPE_Plastic,120,2025-11-01
JUG_00384,HDPE_Plastic,120,2025-11-01
JUG_00385,HDPE_Plastic,120,2025-11-01
JUG_00386,HDPE_Plastic,120,2025-11-01
JUG_00387,HDPE_Plastic,120,2025-11-01
JUG_00388,HDPE_Plastic,120,2025-11-01
JUG_00389,HDPE_Plastic,120,2025-11-01
JUG_00390,HDPE_Plastic,120,2025-11-01
JUG_00391,HDPE_Plastic,120,2025-11-01
JUG_00392,HDPE_Plastic,120,2025-11-01
JUG_00393,HDPE_Plastic,120,2025-11-01
JUG_00394,HDPE_Plastic,120,2025-11-01
JUG_00395,HDPE_Plastic,120,2025-11-01
JUG_00396,HDPE_Plastic,120,2025-11-01
JUG_00397,HDPE_Plastic,120,2025-11-01
JUG_00398,HDPE_Plastic,120,2025-11-01
JUG_00399,HDPE_Plastic,120,2025-11-01
JUG_00400,HDPE_Plastic,120,2025-11-01
JUG_00401,HDPE_Plastic,120,2025-11-01
JUG_00402,HDPE_Plastic,120,2025-11-01
JUG_00403,HDPE_Plastic,120,2025-11-01
JUG_00404,HDPE_Plastic,120,2025-11-01
JUG_00405,HDPE_Plastic,120,2025-11-01
JUG_00406,HDPE_Plastic,120,2025-11-01
JUG_00407,HDPE_Plastic,120,2025-11-01
JUG_00408,HDPE_Plastic,120,2025-11-01
JUG_00409,HDPE_Plastic,120,2025-11-01
JUG_00410,HDPE_Plastic,120,2025-11-01
JUG_00411,HDPE_Plastic,120,2025-11-01
JUG_00412,HDPE_Plastic,120,2025-11-01
JUG_00413,HDPE_Plastic,120,2025-11-01
JUG_00414,HDPE_Plastic,120,2025-11-01
JUG_00415,HDPE_Plastic,120,2025-11-01
JUG_00416,HDPE_Plastic,120,2025-11-01
JUG_00417,HDPE_Plastic,120,2025-11-01
JUG_00418,HDPE_Plastic,120,2025-11-01
JUG_00419,HDPE_Plastic,120,2025-11-01
JUG_00420,HDPE_Plastic,120,2025-11-01
JUG_00421,HDPE_Plastic,120,2025-11-01
JUG_00422,HDPE_Plastic,120,2025-11-01
JUG_00423,HDPE_Plastic,120,2025-11-01
JUG_00424,HDPE_Plastic,120,2025-11-01
JUG_00425,HDPE_Plastic,120,2025-11-01
JUG_00426,HDPE_Plastic,120,2025-11-01
JUG_00427,HDPE_Plastic,120,2025-11-01
JUG_00428,HDPE_Plastic,120,2025-11-01
JUG_00429,HDPE_Plastic,120,2025-11-01
JUG_00430,HDPE_Plastic,120,2025-11-01
JUG_00431,HDPE_Plastic,120,2025-11-01
JUG_00432,HDPE_Plastic,120,2025-11-01
JUG_00433,HDPE_Plastic,120,2025-11-01
JUG_00434,HDPE_Plastic,120,2025-11-01
JUG_00435,HDPE_Plastic,120,2025-11-01
JUG_00436,HDPE_Plastic,120,2025-11-01
JUG_00437,HDPE_Plastic,120,2025-11-01
JUG_00438,HDPE_Plastic,120,2025-11-01
JUG_00439,HDPE_Plastic,120,2025-11-01
JUG_00440,HDPE_Plastic,120,2025-11-01
JUG_00441,HDPE_Plastic,120,2025-11-01
JUG_00442,HDPE_Plastic,120,2025-11-01
JUG_00443,HDPE_Plastic,120,2025-11-01
JUG_00444,HDPE_Plastic,120,2025-11-01
JUG_00445,HDPE_Plastic,120,2025-11-01
JUG_00446,HDPE_Plastic,120,2025-11-01
JUG_00447,HDPE_Plastic,120,2025-11-01
JUG_00448,HDPE_Plastic,120,2025-11-01
JUG_00449,HDPE_Plastic,120,2025-11-01
JUG_00450,HDPE_Plastic,120,2025-11-01
JUG_00451,HDPE_Plastic,120,2025-11-01
JUG_00452,HDPE_Plastic,120,2025-11-01
JUG_00453,HDPE_Plastic,120,2025-11-01
JUG_00454,HDPE_Plastic,120,2025-11-01
JUG_00455,HDPE_Plastic,120,2025-11-01
JUG_00456,HDPE_Plastic,120,2025-11-01
JUG_00457,HDPE_Plastic,120,2025-11-01
JUG_00458,HDPE_Plastic,120,2025-11-01
JUG_00459,HDPE_Plastic,120,2025-11-01
JUG_00460,HDPE_Plastic,120,2025-11-01
JUG_00461,HDPE_Plastic,120,2025-11-01
JUG_00462,HDPE_Plastic,120,2025-11-01
JUG_00463,HDPE_Plastic,120,2025-11-01
JUG_00464,HDPE_Plastic,120,2025-11-01
JUG_00465,HDPE_Plastic,120,2025-11-01
JUG_00466,HDPE_Plastic,120,2025-11-01
JUG_00467,HDPE_Plastic,120,2025-11-01
JUG_00468,HDPE_Plastic,120,2025-11-01
JUG_00469,HDPE_Plastic,120,2025-11-01
JUG_00470,HDPE_Plastic,120,2025-11-01
JUG_00471,HDPE_Plastic,120,2025-11-01
JUG_00472,HDPE_Plastic,120,2025-11-01
JUG_00473,HDPE_Plastic,120,2025-11-01
JUG_00474,HDPE_Plastic,120,2025-11-01
JUG_00475,HDPE_Plastic,120,2025-11-01
JUG_00476,HDPE_Plastic,120,2025-11-01
JUG_00477,HDPE_Plastic,120,2025-11-01
JUG_00478,HDPE_Plastic,120,2025-11-01
JUG_00479,HDPE_Plastic,120,2025-11-01
JUG_00480,HDPE_Plastic,120,2025-11-01
JUG_00481,HDPE_Plastic,120,2025-11-01
JUG_00482,HDPE_Plastic,120,2025-11-01
JUG_00483,HDPE_Plastic,120,2025-11-01
JUG_00484,HDPE_Plastic,120,2025-11-01
JUG_00485,HDPE_Plastic,120,2025-11-01
JUG_00486,HDPE_Plastic,120,2025-11-01
JUG_00487,HDPE_Plastic,120,2025-11-01
JUG_00488,HDPE_Plastic,120,2025-11-01
JUG_00489,HDPE_Plastic,120,2025-11-01
JUG_00490,HDPE_Plastic,120,2025-11-01
JUG_00491,HDPE_Plastic,120,2025-11-01
JUG_00492,HDPE_Plastic,120,2025-11-01
JUG_00493,HDPE_Plastic,120,2025-11-01
JUG_00494,HDPE_Plastic,120,2025-11-01
JUG_00495,HDPE_Plastic,120,2025-11-01
JUG_00496,HDPE_Plastic,120,2025-11-01
JUG_00497,HDPE_Plastic,120,2025-11-01
JUG_00498,HDPE_Plastic,120,2025-11-01
JUG_00499,HDPE_Plastic,120,2025-11-01
JUG_00500,HDPE_Plastic,120,2025-11-01
JUG_00501,HDPE_Plastic,120,2025-11-01
JUG_00502,HDPE_Plastic,120,2025-11-01
JUG_00503,HDPE_Plastic,120,2025-11-01
JUG_00504,HDPE_Plastic,120,2025-11-01
JUG_00505,HDPE_Plastic,120,2025-11-01
JUG_00506,HDPE_Plastic,120,2025-11-01
JUG_00507,HDPE_Plastic,120,2025-11-01
JUG_00508,HDPE_Plastic,120,2025-11-01
JUG_00509,HDPE_Plastic,120,2025-11-01
JUG_00510,HDPE_Plastic,120,2025-11-01
JUG_00511,HDPE_Plastic,120,2025-11-01
JUG_00512,HDPE_Plastic,120,2025-11-01
JUG_00513,HDPE_Plastic,120,2025-11-01
JUG_00514,HDPE_Plastic,120,2025-11-01
JUG_00515,HDPE_Plastic,120,2025-11-01
JUG_00516,HDPE_Plastic,120,2025-11-01
JUG_00517,HDPE_Plastic,120,2025-11-01
JUG_00518,HDPE_Plastic,120,2025-11-01
JUG_00519,HDPE_Plastic,120,2025-11-01
JUG_00520,HDPE_Plastic,120,2025-11-01
JUG_00521,HDPE_Plastic,120,2025-11-01
JUG_00522,HDPE_Plastic,120,2025-11-01
JUG_00523,HDPE_Plastic,120,2025-11-01
JUG_00524,HDPE_Plastic,120,2025-11-01
JUG_00525,HDPE_Plastic,120,2025-11-01
JUG_00526,HDPE_Plastic,120,2025-11-01
JUG_00527,HDPE_Plastic,120,2025-11-01
JUG_00528,HDPE_Plastic,120,2025-11-01
JUG_00529,HDPE_Plastic,120,2025-11-01
JUG_00530,HDPE_Plastic,120,2025-11-01
JUG_00531,HDPE_Plastic,120,2025-11-01
JUG_00532,HDPE_Plastic,120,2025-11-01
JUG_00533,HDPE_Plastic,120,2025-11-01
JUG_00534,HDPE_Plastic,120,2025-11-01
JUG_00535,HDPE_Plastic,120,2025-11-01
JUG_00536,HDPE_Plastic,120,2025-11-01
JUG_00537,HDPE_Plastic,120,2025-11-01
JUG_00538,HDPE_Plastic,120,2025-11-01
JUG_00539,HDPE_Plastic,120,2025-11-01
JUG_00540,HDPE_Plastic,120,2025-11-01
JUG_00541,HDPE_Plastic,120,2025-11-01
JUG_00542,HDPE_Plastic,120,2025-11-01
JUG_00543,HDPE_Plastic,120,2025-11-01
JUG_00544,HDPE_Plastic,120,2025-11-01
JUG_00545,HDPE_Plastic,120,2025-11-01
JUG_00546,HDPE_Plastic,120,2025-11-01
JUG_00547,HDPE_Plastic,120,2025-11-01
JUG_00548,HDPE_Plastic,120,2025-11-01
JUG_00549,HDPE_Plastic,120,2025-11-01
JUG_00550,HDPE_Plastic,120,2025-11-01
JUG_00551,HDPE_Plastic,120,2025-11-01
JUG_00552,HDPE_Plastic,120,2025-11-01
JUG_00553,HDPE_Plastic,120,2025-11-01
JUG_00554,HDPE_Plastic,120,2025-11-01
JUG_00555,HDPE_Plastic,120,2025-11-01
JUG_00556,HDPE_Plastic,120,2025-11-01
JUG_00557,HDPE_Plastic,120,2025-11-01
JUG_00558,HDPE_Plastic,120,2025-11-01
JUG_00559,HDPE_Plastic,120,2025-11-01
JUG_00560,HDPE_Plastic,120,2025-11-01
JUG_00561,HDPE_Plastic,120,2025-11-01
JUG_00562,HDPE_Plastic,120,2025-11-01
JUG_00563,HDPE_Plastic,120,2025-11-01
JUG_00564,HDPE_Plastic,120,2025-11-01
JUG_00565,HDPE_Plastic,120,2025-11-01
JUG_00566,HDPE_Plastic,120,2025-11-01
JUG_00567,HDPE_Plastic,120,2025-11-01
JUG_00568,HDPE_Plastic,120,2025-11-01
JUG_00569,HDPE_Plastic,120,2025-11-01
JUG_00570,HDPE_Plastic,120,2025-11-01
JUG_00571,HDPE_Plastic,120,2025-11-01
JUG_00572,HDPE_Plastic,120,2025-11-01
JUG_00573,HDPE_Plastic,120,2025-11-01
JUG_00574,HDPE_Plastic,120,2025-11-01
JUG_00575,HDPE_Plastic,120,2025-11-01
JUG_00576,HDPE_Plastic,120,2025-11-01
JUG_00577,HDPE_Plastic,120,2025-11-01
JUG_00578,HDPE_Plastic,120,2025-11-01
JUG_00579,HDPE_Plastic,120,2025-11-01
JUG_00580,HDPE_Plastic,120,2025-11-01
JUG_00581,HDPE_Plastic,120,2025-11-01
JUG_00582,HDPE_Plastic,120,2025-11-01
JUG_00583,HDPE_Plastic,120,2025-11-01
JUG_00584,HDPE_Plastic,120,2025-11-01
JUG_00585,HDPE_Plastic,120,2025-11-01
JUG_00586,HDPE_Plastic,120,2025-11-01
JUG_00587,HDPE_Plastic,120,2025-11-01
JUG_00588,HDPE_Plastic,120,2025-11-01
JUG_00589,HDPE_Plastic,120,2025-11-01
JUG_00590,HDPE_Plastic,120,2025-11-01
JUG_00591,HDPE_Plastic,120,2025-11-01
JUG_00592,HDPE_Plastic,120,2025-11-01
JUG_00593,HDPE_Plastic,120,2025-11-01
JUG_00594,HDPE_Plastic,120,2025-11-01
JUG_00595,HDPE_Plastic,120,2025-11-01
JUG_00596,HDPE_Plastic,120,2025-11-01
JUG_00597,HDPE_Plastic,120,2025-11-01
JUG_00598,HDPE_Plastic,120,2025-11-01
JUG_00599,HDPE_Plastic,120,2025-11-01
JUG_00600,HDPE_Plastic,120,2025-11-01
JUG_00601,HDPE_Plastic,120,2025-11-01
JUG_00602,HDPE_Plastic,120,2025-11-01
JUG_00603,HDPE_Plastic,120,2025-11-01
JUG_00604,HDPE_Plastic,120,2025-11-01
JUG_00605,HDPE_Plastic,120,2025-11-01
JUG_00606,HDPE_Plastic,120,2025-11-01
JUG_00607,HDPE_Plastic,120,2025-11-01
JUG_00608,HDPE_Plastic,120,2025-11-01
JUG_00609,HDPE_Plastic,120,2025-11-01
JUG_00610,HDPE_Plastic,120,2025-11-01
JUG_00611,HDPE_Plastic,120,2025-11-01
JUG_00612,HDPE_Plastic,120,2025-11-01
JUG_00613,HDPE_Plastic,120,2025-11-01
JUG_00614,HDPE_Plastic,120,2025-11-01
JUG_00615,HDPE_Plastic,120,2025-11-01
JUG_00616,HDPE_Plastic,120,2025-11-01
JUG_00617,HDPE_Plastic,120,2025-11-01
JUG_00618,HDPE_Plastic,120,2025-11-01
JUG_00619,HDPE_Plastic,120,2025-11-01
JUG_00620,HDPE_Plastic,120,2025-11-01
JUG_00621,HDPE_Plastic,120,2025-11-01
JUG_00622,HDPE_Plastic,120,2025-11-01
JUG_00623,HDPE_Plastic,120,2025-11-01
JUG_00624,HDPE_Plastic,120,2025-11-01
JUG_00625,HDPE_Plastic,120,2025-11-01
JUG_00626,HDPE_Plastic,120,2025-11-01
JUG_00627,HDPE_Plastic,120,2025-11-01
JUG_00628,HDPE_Plastic,120,2025-11-01
JUG_00629,HDPE_Plastic,120,2025-11-01
JUG_00630,HDPE_Plastic,120,2025-11-01
JUG_00631,HDPE_Plastic,120,2025-11-01
JUG_00632,HDPE_Plastic,120,2025-11-01
JUG_00633,HDPE_Plastic,120,2025-11-01
JUG_00634,HDPE_Plastic,120,2025-11-01
JUG_00635,HDPE_Plastic,120,2025-11-01
JUG_00636,HDPE_Plastic,120,2025-11-01
JUG_00637,HDPE_Plastic,120,2025-11-01
JUG_00638,HDPE_Plastic,120,2025-11-01
JUG_00639,HDPE_Plastic,120,2025-11-01
JUG_00640,HDPE_Plastic,120,2025-11-01
JUG_00641,HDPE_Plastic,120,2025-11-01
JUG_00642,HDPE_Plastic,120,2025-11-01
JUG_00643,HDPE_Plastic,120,2025-11-01
JUG_00644,HDPE_Plastic,120,2025-11-01
JUG_00645,HDPE_Plastic,120,2025-11-01
JUG_00646,HDPE_Plastic,120,2025-11-01
JUG_00647,HDPE_Plastic,120,2025-11-01
JUG_00648,HDPE_Plastic,120,2025-11-01
JUG_00649,HDPE_Plastic,120,2025-11-01
JUG_00650,HDPE_Plastic,120,2025-11-01
JUG_00651,HDPE_Plastic,120,2025-11-01
JUG_00652,HDPE_Plastic,120,2025-11-01
JUG_00653,HDPE_Plastic,120,2025-11-01
JUG_00654,HDPE_Plastic,120,2025-11-01
JUG_00655,HDPE_Plastic,120,2025-11-01
JUG_00656,HDPE_Plastic,120,2025-11-01
JUG_00657,HDPE_Plastic,120,2025-11-01
JUG_00658,HDPE_Plastic,120,2025-11-01
JUG_00659,HDPE_Plastic,120,2025-11-01
JUG_00660,HDPE_Plastic,120,2025-11-01
JUG_00661,HDPE_Plastic,120,2025-11-01
JUG_00662,HDPE_Plastic,120,2025-11-01
JUG_00663,HDPE_Plastic,120,2025-11-01
JUG_00664,HDPE_Plastic,120,2025-11-01
JUG_00665,HDPE_Plastic,120,2025-11-01
JUG_00666,HDPE_Plastic,120,2025-11-01
JUG_00667,HDPE_Plastic,120,2025-11-01
JUG_00668,HDPE_Plastic,120,2025-11-01
JUG_00669,HDPE_Plastic,120,2025-11-01
JUG_00670,HDPE_Plastic,120,2025-11-01
JUG_00671,HDPE_Plastic,120,2025-11-01
JUG_00672,HDPE_Plastic,120,2025-11-01
JUG_00673,HDPE_Plastic,120,2025-11-01
JUG_00674,HDPE_Plastic,120,2025-11-01
JUG_00675,HDPE_Plastic,120,2025-11-01
JUG_00676,HDPE_Plastic,120,2025-11-01
JUG_00677,HDPE_Plastic,120,2025-11-01
JUG_00678,HDPE_Plastic,120,2025-11-01
JUG_00679,HDPE_Plastic,120,2025-11-01
JUG_00680,HDPE_Plastic,120,2025-11-01
JUG_00681,HDPE_Plastic,120,2025-11-01
JUG_00682,HDPE_Plastic,120,2025-11-01
JUG_00683,HDPE_Plastic,120,2025-11-01
JUG_00684,HDPE_Plastic,120,2025-11-01
JUG_00685,HDPE_Plastic,120,2025-11-01
JUG_00686,HDPE_Plastic,120,2025-11-01
JUG_00687,HDPE_Plastic,120,2025-11-01
JUG_00688,HDPE_Plastic,120,2025-11-01
JUG_00689,HDPE_Plastic,120,2025-11-01
JUG_00690,HDPE_Plastic,120,2025-11-01
JUG_00691,HDPE_Plastic,120,2025-11-01
JUG_00692,HDPE_Plastic,120,2025-11-01
JUG_00693,HDPE_Plastic,120,2025-11-01
JUG_00694,HDPE_Plastic,120,2025-11-01
JUG_00695,HDPE_Plastic,120,2025-11-01
JUG_00696,HDPE_Plastic,120,2025-11-01
JUG_00697,HDPE_Plastic,120,2025-11-01
JUG_00698,HDPE_Plastic,120,2025-11-01
JUG_00699,HDPE_Plastic,120,2025-11-01
JUG_00700,HDPE_Plastic,120,2025-11-01
JUG_00701,HDPE_Plastic,120,2025-11-01
JUG_00702,HDPE_Plastic,120,2025-11-01
JUG_00703,HDPE_Plastic,120,2025-11-01
JUG_00704,HDPE_Plastic,120,2025-11-01
JUG_00705,HDPE_Plastic,120,2025-11-01
JUG_00706,HDPE_Plastic,120,2025-11-01
JUG_00707,HDPE_Plastic,120,2025-11-01
JUG_00708,HDPE_Plastic,120,2025-11-01
JUG_00709,HDPE_Plastic,120,2025-11-01
JUG_00710,HDPE_Plastic,120,2025-11-01
JUG_00711,HDPE_Plastic,120,2025-11-01
JUG_00712,HDPE_Plastic,120,2025-11-01
JUG_00713,HDPE_Plastic,120,2025-11-01
JUG_00714,HDPE_Plastic,120,2025-11-01
JUG_00715,HDPE_Plastic,120,2025-11-01
JUG_00716,HDPE_Plastic,120,2025-11-01
JUG_00717,HDPE_Plastic,120,2025-11-01
JUG_00718,HDPE_Plastic,120,2025-11-01
JUG_00719,HDPE_Plastic,120,2025-11-01
JUG_00720,HDPE_Plastic,120,2025-11-01
JUG_00721,HDPE_Plastic,120,2025-11-01
JUG_00722,HDPE_Plastic,120,2025-11-01
JUG_00723,HDPE_Plastic,120,2025-11-01
JUG_00724,HDPE_Plastic,120,2025-11-01
JUG_00725,HDPE_Plastic,120,2025-11-01
JUG_00726,HDPE_Plastic,120,2025-11-01
JUG_00727,HDPE_Plastic,120,2025-11-01
JUG_00728,HDPE_Plastic,120,2025-11-01
JUG_00729,HDPE_Plastic,120,2025-11-01
JUG_00730,HDPE_Plastic,120,2025-11-01
JUG_00731,HDPE_Plastic,120,2025-11-01
JUG_00732,HDPE_Plastic,120,2025-11-01
JUG_00733,HDPE_Plastic,120,2025-11-01
JUG_00734,HDPE_Plastic,120,2025-11-01
JUG_00735,HDPE_Plastic,120,2025-11-01
JUG_00736,HDPE_Plastic,120,2025-11-01
JUG_00737,HDPE_Plastic,120,2025-11-01
JUG_00738,HDPE_Plastic,120,2025-11-01
JUG_00739,HDPE_Plastic,120,2025-11-01
JUG_00740,HDPE_Plastic,120,2025-11-01
JUG_00741,HDPE_Plastic,120,2025-11-01
JUG_00742,HDPE_Plastic,120,2025-11-01
JUG_00743,HDPE_Plastic,120,2025-11-01
JUG_00744,HDPE_Plastic,120,2025-11-01
JUG_00745,HDPE_Plastic,120,2025-11-01
JUG_00746,HDPE_Plastic,120,2025-11-01
JUG_00747,HDPE_Plastic,120,2025-11-01
JUG_00748,HDPE_Plastic,120,2025-11-01
JUG_00749,HDPE_Plastic,120,2025-11-01
JUG_00750,HDPE_Plastic,120,2025-11-01
JUG_00751,HDPE_Plastic,120,2025-11-01
JUG_00752,HDPE_Plastic,120,2025-11-01
JUG_00753,HDPE_Plastic,120,2025-11-01
JUG_00754,HDPE_Plastic,120,2025-11-01
JUG_00755,HDPE_Plastic,120,2025-11-01
JUG_00756,HDPE_Plastic,120,2025-11-01
JUG_00757,HDPE_Plastic,120,2025-11-01
JUG_00758,HDPE_Plastic,120,2025-11-01
JUG_00759,HDPE_Plastic,120,2025-11-01
JUG_00760,HDPE_Plastic,120,2025-11-01
JUG_00761,HDPE_Plastic,120,2025-11-01
JUG_00762,HDPE_Plastic,120,2025-11-01
JUG_00763,HDPE_Plastic,120,2025-11-01
JUG_00764,HDPE_Plastic,120,2025-11-01
JUG_00765,HDPE_Plastic,120,2025-11-01
JUG_00766,HDPE_Plastic,120,2025-11-01
JUG_00767,HDPE_Plastic,120,2025-11-01
JUG_00768,HDPE_Plastic,120,2025-11-01
JUG_00769,HDPE_Plastic,120,2025-11-01
JUG_00770,HDPE_Plastic,120,2025-11-01
JUG_00771,HDPE_Plastic,120,2025-11-01
JUG_00772,HDPE_Plastic,120,2025-11-01
JUG_00773,HDPE_Plastic,120,2025-11-01
JUG_00774,HDPE_Plastic,120,2025-11-01
JUG_00775,HDPE_Plastic,120,2025-11-01
JUG_00776,HDPE_Plastic,120,2025-11-01
JUG_00777,HDPE_Plastic,120,2025-11-01
JUG_00778,HDPE_Plastic,120,2025-11-01
JUG_00779,HDPE_Plastic,120,2025-11-01
JUG_00780,HDPE_Plastic,120,2025-11-01
JUG_00781,HDPE_Plastic,120,2025-11-01
JUG_00782,HDPE_Plastic,120,2025-11-01
JUG_00783,HDPE_Plastic,120,2025-11-01
JUG_00784,HDPE_Plastic,120,2025-11-01
JUG_00785,HDPE_Plastic,120,2025-11-01
JUG_00786,HDPE_Plastic,120,2025-11-01
JUG_00787,HDPE_Plastic,120,2025-11-01
JUG_00788,HDPE_Plastic,120,2025-11-01
JUG_00789,HDPE_Plastic,120,2025-11-01
JUG_00790,HDPE_Plastic,120,2025-11-01
JUG_00791,HDPE_Plastic,120,2025-11-01
JUG_00792,HDPE_Plastic,120,2025-11-01
JUG_00793,HDPE_Plastic,120,2025-11-01
JUG_00794,HDPE_Plastic,120,2025-11-01
JUG_00795,HDPE_Plastic,120,2025-11-01
JUG_00796,HDPE_Plastic,120,2025-11-01
JUG_00797,HDPE_Plastic,120,2025-11-01
JUG_00798,HDPE_Plastic,120,2025-11-01
JUG_00799,HDPE_Plastic,120,2025-11-01
JUG_00800,HDPE_Plastic,120,2025-11-01
JUG_00801,HDPE_Plastic,120,2025-11-01
JUG_00802,HDPE_Plastic,120,2025-11-01
JUG_00803,HDPE_Plastic,120,2025-11-01
JUG_00804,HDPE_Plastic,120,2025-11-01
JUG_00805,HDPE_Plastic,120,2025-11-01
JUG_00806,HDPE_Plastic,120,2025-11-01
JUG_00807,HDPE_Plastic,120,2025-11-01
JUG_00808,HDPE_Plastic,120,2025-11-01
JUG_00809,HDPE_Plastic,120,2025-11-01
JUG_00810,HDPE_Plastic,120,2025-11-01
JUG_00811,HDPE_Plastic,120,2025-11-01
JUG_00812,HDPE_Plastic,120,2025-11-01
JUG_00813,HDPE_Plastic,120,2025-11-01
JUG_00814,HDPE_Plastic,120,2025-11-01
JUG_00815,HDPE_Plastic,120,2025-11-01
JUG_00816,HDPE_Plastic,120,2025-11-01
JUG_00817,HDPE_Plastic,120,2025-11-01
JUG_00818,HDPE_Plastic,120,2025-11-01
JUG_00819,HDPE_Plastic,120,2025-11-01
JUG_00820,HDPE_Plastic,120,2025-11-01
JUG_00821,HDPE_Plastic,120,2025-11-01
JUG_00822,HDPE_Plastic,120,2025-11-01
JUG_00823,HDPE_Plastic,120,2025-11-01
JUG_00824,HDPE_Plastic,120,2025-11-01
JUG_00825,HDPE_Plastic,120,2025-11-01
JUG_00826,HDPE_Plastic,120,2025-11-01
JUG_00827,HDPE_Plastic,120,2025-11-01
JUG_00828,HDPE_Plastic,120,2025-11-01
JUG_00829,HDPE_Plastic,120,2025-11-01
JUG_00830,HDPE_Plastic,120,2025-11-01
JUG_00831,HDPE_Plastic,120,2025-11-01
JUG_00832,HDPE_Plastic,120,2025-11-01
JUG_00833,HDPE_Plastic,120,2025-11-01
JUG_00834,HDPE_Plastic,120,2025-11-01
JUG_00835,HDPE_Plastic,120,2025-11-01
JUG_00836,HDPE_Plastic,120,2025-11-01
JUG_00837,HDPE_Plastic,120,2025-11-01
JUG_00838,HDPE_Plastic,120,2025-11-01
JUG_00839,HDPE_Plastic,120,2025-11-01
JUG_00840,HDPE_Plastic,120,2025-11-01
JUG_00841,HDPE_Plastic,120,2025-11-01
JUG_00842,HDPE_Plastic,120,2025-11-01
JUG_00843,HDPE_Plastic,120,2025-11-01
JUG_00844,HDPE_Plastic,120,2025-11-01
JUG_00845,HDPE_Plastic,120,2025-11-01
JUG_00846,HDPE_Plastic,120,2025-11-01
JUG_00847,HDPE_Plastic,120,2025-11-01
JUG_00848,HDPE_Plastic,120,2025-11-01
JUG_00849,HDPE_Plastic,120,2025-11-01
JUG_00850,HDPE_Plastic,120,2025-11-01
JUG_00851,HDPE_Plastic,120,2025-11-01
JUG_00852,HDPE_Plastic,120,2025-11-01
JUG_00853,HDPE_Plastic,120,2025-11-01
JUG_00854,HDPE_Plastic,120,2025-11-01
JUG_00855,HDPE_Plastic,120,2025-11-01
JUG_00856,HDPE_Plastic,120,2025-11-01
JUG_00857,HDPE_Plastic,120,2025-11-01
JUG_00858,HDPE_Plastic,120,2025-11-01
JUG_00859,HDPE_Plastic,120,2025-11-01
JUG_00860,HDPE_Plastic,120,2025-11-01
JUG_00861,HDPE_Plastic,120,2025-11-01
JUG_00862,HDPE_Plastic,120,2025-11-01
JUG_00863,HDPE_Plastic,120,2025-11-01
JUG_00864,HDPE_Plastic,120,2025-11-01
JUG_00865,HDPE_Plastic,120,2025-11-01
JUG_00866,HDPE_Plastic,120,2025-11-01
JUG_00867,HDPE_Plastic,120,2025-11-01
JUG_00868,HDPE_Plastic,120,2025-11-01
JUG_00869,HDPE_Plastic,120,2025-11-01
JUG_00870,HDPE_Plastic,120,2025-11-01
JUG_00871,HDPE_Plastic,120,2025-11-01
JUG_00872,HDPE_Plastic,120,2025-11-01
JUG_00873,HDPE_Plastic,120,2025-11-01
JUG_00874,HDPE_Plastic,120,2025-11-01
JUG_00875,HDPE_Plastic,120,2025-11-01
JUG_00876,HDPE_Plastic,120,2025-11-01
JUG_00877,HDPE_Plastic,120,2025-11-01
JUG_00878,HDPE_Plastic,120,2025-11-01
JUG_00879,HDPE_Plastic,120,2025-11-01
JUG_00880,HDPE_Plastic,120,2025-11-01
JUG_00881,HDPE_Plastic,120,2025-11-01
JUG_00882,HDPE_Plastic,120,2025-11-01
JUG_00883,HDPE_Plastic,120,2025-11-01
JUG_00884,HDPE_Plastic,120,2025-11-01
JUG_00885,HDPE_Plastic,120,2025-11-01
JUG_00886,HDPE_Plastic,120,2025-11-01
JUG_00887,HDPE_Plastic,120,2025-11-01
JUG_00888,HDPE_Plastic,120,2025-11-01
JUG_00889,HDPE_Plastic,120,2025-11-01
JUG_00890,HDPE_Plastic,120,2025-11-01
JUG_00891,HDPE_Plastic,120,2025-11-01
JUG_00892,HDPE_Plastic,120,2025-11-01
JUG_00893,HDPE_Plastic,120,2025-11-01
JUG_00894,HDPE_Plastic,120,2025-11-01
JUG_00895,HDPE_Plastic,120,2025-11-01
JUG_00896,HDPE_Plastic,120,2025-11-01
JUG_00897,HDPE_Plastic,120,2025-11-01
JUG_00898,HDPE_Plastic,120,2025-11-01
JUG_00899,HDPE_Plastic,120,2025-11-01
JUG_00900,HDPE_Plastic,120,2025-11-01
JUG_00901,HDPE_Plastic,120,2025-11-01
JUG_00902,HDPE_Plastic,120,2025-11-01
JUG_00903,HDPE_Plastic,120,2025-11-01
JUG_00904,HDPE_Plastic,120,2025-11-01
JUG_00905,HDPE_Plastic,120,2025-11-01
JUG_00906,HDPE_Plastic,120,2025-11-01
JUG_00907,HDPE_Plastic,120,2025-11-01
JUG_00908,HDPE_Plastic,120,2025-11-01
JUG_00909,HDPE_Plastic,120,2025-11-01
JUG_00910,HDPE_Plastic,120,2025-11-01
JUG_00911,HDPE_Plastic,120,2025-11-01
JUG_00912,HDPE_Plastic,120,2025-11-01
JUG_00913,HDPE_Plastic,120,2025-11-01
JUG_00914,HDPE_Plastic,120,2025-11-01
JUG_00915,HDPE_Plastic,120,2025-11-01
JUG_00916,HDPE_Plastic,120,2025-11-01
JUG_00917,HDPE_Plastic,120,2025-11-01
JUG_00918,HDPE_Plastic,120,2025-11-01
JUG_00919,HDPE_Plastic,120,2025-11-01
JUG_00920,HDPE_Plastic,120,2025-11-01
JUG_00921,HDPE_Plastic,120,2025-11-01
JUG_00922,HDPE_Plastic,120,2025-11-01
JUG_00923,HDPE_Plastic,120,2025-11-01
JUG_00924,HDPE_Plastic,120,2025-11-01
JUG_00925,HDPE_Plastic,120,2025-11-01
JUG_00926,HDPE_Plastic,120,2025-11-01
JUG_00927,HDPE_Plastic,120,2025-11-01
JUG_00928,HDPE_Plastic,120,2025-11-01
JUG_00929,HDPE_Plastic,120,2025-11-01
JUG_00930,HDPE_Plastic,120,2025-11-01
JUG_00931,HDPE_Plastic,120,2025-11-01
JUG_00932,HDPE_Plastic,120,2025-11-01
JUG_00933,HDPE_Plastic,120,2025-11-01
JUG_00934,HDPE_Plastic,120,2025-11-01
JUG_00935,HDPE_Plastic,120,2025-11-01
JUG_00936,HDPE_Plastic,120,2025-11-01
JUG_00937,HDPE_Plastic,120,2025-11-01
JUG_00938,HDPE_Plastic,120,2025-11-01
JUG_00939,HDPE_Plastic,120,2025-11-01
JUG_00940,HDPE_Plastic,120,2025-11-01
JUG_00941,HDPE_Plastic,120,2025-11-01
JUG_00942,HDPE_Plastic,120,2025-11-01
JUG_00943,HDPE_Plastic,120,2025-11-01
JUG_00944,HDPE_Plastic,120,2025-11-01
JUG_00945,HDPE_Plastic,120,2025-11-01
JUG_00946,HDPE_Plastic,120,2025-11-01
JUG_00947,HDPE_Plastic,120,2025-11-01
JUG_00948,HDPE_Plastic,120,2025-11-01
JUG_00949,HDPE_Plastic,120,2025-11-01
JUG_00950,HDPE_Plastic,120,2025-11-01
JUG_00951,HDPE_Plastic,120,2025-11-01
JUG_00952,HDPE_Plastic,120,2025-11-01
JUG_00953,HDPE_Plastic,120,2025-11-01
JUG_00954,HDPE_Plastic,120,2025-11-01
JUG_00955,HDPE_Plastic,120,2025-11-01
JUG_00956,HDPE_Plastic,120,2025-11-01
JUG_00957,HDPE_Plastic,120,2025-11-01
JUG_00958,HDPE_Plastic,120,2025-11-01
JUG_00959,HDPE_Plastic,120,2025-11-01
JUG_00960,HDPE_Plastic,120,2025-11-01
JUG_00961,HDPE_Plastic,120,2025-11-01
JUG_00962,HDPE_Plastic,120,2025-11-01
JUG_00963,HDPE_Plastic,120,2025-11-01
JUG_00964,HDPE_Plastic,120,2025-11-01
JUG_00965,HDPE_Plastic,120,2025-11-01
JUG_00966,HDPE_Plastic,120,2025-11-01
JUG_00967,HDPE_Plastic,120,2025-11-01
JUG_00968,HDPE_Plastic,120,2025-11-01
JUG_00969,HDPE_Plastic,120,2025-11-01
JUG_00970,HDPE_Plastic,120,2025-11-01
JUG_00971,HDPE_Plastic,120,2025-11-01
JUG_00972,HDPE_Plastic,120,2025-11-01
JUG_00973,HDPE_Plastic,120,2025-11-01
JUG_00974,HDPE_Plastic,120,2025-11-01
JUG_00975,HDPE_Plastic,120,2025-11-01
JUG_00976,HDPE_Plastic,120,2025-11-01
JUG_00977,HDPE_Plastic,120,2025-11-01
JUG_00978,HDPE_Plastic,120,2025-11-01
JUG_00979,HDPE_Plastic,120,2025-11-01
JUG_00980,HDPE_Plastic,120,2025-11-01
JUG_00981,HDPE_Plastic,120,2025-11-01
JUG_00982,HDPE_Plastic,120,2025-11-01
JUG_00983,HDPE_Plastic,120,2025-11-01
JUG_00984,HDPE_Plastic,120,2025-11-01
JUG_00985,HDPE_Plastic,120,2025-11-01
JUG_00986,HDPE_Plastic,120,2025-11-01
JUG_00987,HDPE_Plastic,120,2025-11-01
JUG_00988,HDPE_Plastic,120,2025-11-01
JUG_00989,HDPE_Plastic,120,2025-11-01
JUG_00990,HDPE_Plastic,120,2025-11-01
JUG_00991,HDPE_Plastic,120,2025-11-01
JUG_00992,HDPE_Plastic,120,2025-11-01
JUG_00993,HDPE_Plastic,120,2025-11-01
JUG_00994,HDPE_Plastic,120,2025-11-01
JUG_00995,HDPE_Plastic,120,2025-11-01
JUG_00996,HDPE_Plastic,120,2025-11-01
JUG_00997,HDPE_Plastic,120,2025-11-01
JUG_00998,HDPE_Plastic,120,2025-11-01
JUG_00999,HDPE_Plastic,120,2025-11-01
JUG_01000,HDPE_Plastic,120,2025-11-01
JUG_01001,HDPE_Plastic,120,2025-11-01
JUG_01002,HDPE_Plastic,120,2025-11-01
JUG_01003,HDPE_Plastic,120,2025-11-01
JUG_01004,HDPE_Plastic,120,2025-11-01
JUG_01005,HDPE_Plastic,120,2025-11-01
JUG_01006,HDPE_Plastic,120,2025-11-01
JUG_01007,HDPE_Plastic,120,2025-11-01
JUG_01008,HDPE_Plastic,120,2025-11-01
JUG_01009,HDPE_Plastic,120,2025-11-01
JUG_01010,HDPE_Plastic,120,2025-11-01
JUG_01011,HDPE_Plastic,120,2025-11-01
JUG_01012,HDPE_Plastic,120,2025-11-01
JUG_01013,HDPE_Plastic,120,2025-11-01
JUG_01014,HDPE_Plastic,120,2025-11-01
JUG_01015,HDPE_Plastic,120,2025-11-01
JUG_01016,HDPE_Plastic,120,2025-11-01
JUG_01017,HDPE_Plastic,120,2025-11-01
JUG_01018,HDPE_Plastic,120,2025-11-01
JUG_01019,HDPE_Plastic,120,2025-11-01
JUG_01020,HDPE_Plastic,120,2025-11-01
JUG_01021,HDPE_Plastic,120,2025-11-01
JUG_01022,HDPE_Plastic,120,2025-11-01
JUG_01023,HDPE_Plastic,120,2025-11-01
JUG_01024,HDPE_Plastic,120,2025-11-01
JUG_01025,HDPE_Plastic,120,2025-11-01
JUG_01026,HDPE_Plastic,120,2025-11-01
JUG_01027,HDPE_Plastic,120,2025-11-01
JUG_01028,HDPE_Plastic,120,2025-11-01
JUG_01029,HDPE_Plastic,120,2025-11-01
JUG_01030,HDPE_Plastic,120,2025-11-01
JUG_01031,HDPE_Plastic,120,2025-11-01
JUG_01032,HDPE_Plastic,120,2025-11-01
JUG_01033,HDPE_Plastic,120,2025-11-01
JUG_01034,HDPE_Plastic,120,2025-11-01
JUG_01035,HDPE_Plastic,120,2025-11-01
JUG_01036,HDPE_Plastic,120,2025-11-01
JUG_01037,HDPE_Plastic,120,2025-11-01
JUG_01038,HDPE_Plastic,120,2025-11-01
JUG_01039,HDPE_Plastic,120,2025-11-01
JUG_01040,HDPE_Plastic,120,2025-11-01
JUG_01041,HDPE_Plastic,120,2025-11-01
JUG_01042,HDPE_Plastic,120,2025-11-01
JUG_01043,HDPE_Plastic,120,2025-11-01
JUG_01044,HDPE_Plastic,120,2025-11-01
JUG_01045,HDPE_Plastic,120,2025-11-01
JUG_01046,HDPE_Plastic,120,2025-11-01
JUG_01047,HDPE_Plastic,120,2025-11-01
JUG_01048,HDPE_Plastic,120,2025-11-01
JUG_01049,HDPE_Plastic,120,2025-11-01
JUG_01050,HDPE_Plastic,120,2025-11-01
JUG_01051,HDPE_Plastic,120,2025-11-01
JUG_01052,HDPE_Plastic,120,2025-11-01
JUG_01053,HDPE_Plastic,120,2025-11-01
JUG_01054,HDPE_Plastic,120,2025-11-01
JUG_01055,HDPE_Plastic,120,2025-11-01
JUG_01056,HDPE_Plastic,120,2025-11-01
JUG_01057,HDPE_Plastic,120,2025-11-01
JUG_01058,HDPE_Plastic,120,2025-11-01
JUG_01059,HDPE_Plastic,120,2025-11-01
JUG_01060,HDPE_Plastic,120,2025-11-01
JUG_01061,HDPE_Plastic,120,2025-11-01
JUG_01062,HDPE_Plastic,120,2025-11-01
JUG_01063,HDPE_Plastic,120,2025-11-01
JUG_01064,HDPE_Plastic,120,2025-11-01
JUG_01065,HDPE_Plastic,120,2025-11-01
JUG_01066,HDPE_Plastic,120,2025-11-01
JUG_01067,HDPE_Plastic,120,2025-11-01
JUG_01068,HDPE_Plastic,120,2025-11-01
JUG_01069,HDPE_Plastic,120,2025-11-01
JUG_01070,HDPE_Plastic,120,2025-11-01
JUG_01071,HDPE_Plastic,120,2025-11-01
JUG_01072,HDPE_Plastic,120,2025-11-01
JUG_01073,HDPE_Plastic,120,2025-11-01
JUG_01074,HDPE_Plastic,120,2025-11-01
JUG_01075,HDPE_Plastic,120,2025-11-01
JUG_01076,HDPE_Plastic,120,2025-11-01
JUG_01077,HDPE_Plastic,120,2025-11-01
JUG_01078,HDPE_Plastic,120,2025-11-01
JUG_01079,HDPE_Plastic,120,2025-11-01
JUG_01080,HDPE_Plastic,120,2025-11-01
JUG_01081,HDPE_Plastic,120,2025-11-01
JUG_01082,HDPE_Plastic,120,2025-11-01
JUG_01083,HDPE_Plastic,120,2025-11-01
JUG_01084,HDPE_Plastic,120,2025-11-01
JUG_01085,HDPE_Plastic,120,2025-11-01
JUG_01086,HDPE_Plastic,120,2025-11-01
JUG_01087,HDPE_Plastic,120,2025-11-01
JUG_01088,HDPE_Plastic,120,2025-11-01
JUG_01089,HDPE_Plastic,120,2025-11-01
JUG_01090,HDPE_Plastic,120,2025-11-01
JUG_01091,HDPE_Plastic,120,2025-11-01
JUG_01092,HDPE_Plastic,120,2025-11-01
JUG_01093,HDPE_Plastic,120,2025-11-01
JUG_01094,HDPE_Plastic,120,2025-11-01
JUG_01095,HDPE_Plastic,120,2025-11-01
JUG_01096,HDPE_Plastic,120,2025-11-01
JUG_01097,HDPE_Plastic,120,2025-11-01
JUG_01098,HDPE_Plastic,120,2025-11-01
JUG_01099,HDPE_Plastic,120,2025-11-01
JUG_01100,HDPE_Plastic,120,2025-11-01
JUG_01101,HDPE_Plastic,120,2025-11-01
JUG_01102,HDPE_Plastic,120,2025-11-01
JUG_01103,HDPE_Plastic,120,2025-11-01
JUG_01104,HDPE_Plastic,120,2025-11-01
JUG_01105,HDPE_Plastic,120,2025-11-01
JUG_01106,HDPE_Plastic,120,2025-11-01
JUG_01107,HDPE_Plastic,120,2025-11-01
JUG_01108,HDPE_Plastic,120,2025-11-01
JUG_01109,HDPE_Plastic,120,2025-11-01
JUG_01110,HDPE_Plastic,120,2025-11-01
JUG_01111,HDPE_Plastic,120,2025-11-01
JUG_01112,HDPE_Plastic,120,2025-11-01
JUG_01113,HDPE_Plastic,120,2025-11-01
JUG_01114,HDPE_Plastic,120,2025-11-01
JUG_01115,HDPE_Plastic,120,2025-11-01
JUG_01116,HDPE_Plastic,120,2025-11-01
JUG_01117,HDPE_Plastic,120,2025-11-01
JUG_01118,HDPE_Plastic,120,2025-11-01
JUG_01119,HDPE_Plastic,120,2025-11-01
JUG_01120,HDPE_Plastic,120,2025-11-01
JUG_01121,HDPE_Plastic,120,2025-11-01
JUG_01122,HDPE_Plastic,120,2025-11-01
JUG_01123,HDPE_Plastic,120,2025-11-01
JUG_01124,HDPE_Plastic,120,2025-11-01
JUG_01125,HDPE_Plastic,120,2025-11-01
JUG_01126,HDPE_Plastic,120,2025-11-01
JUG_01127,HDPE_Plastic,120,2025-11-01
JUG_01128,HDPE_Plastic,120,2025-11-01
JUG_01129,HDPE_Plastic,120,2025-11-01
JUG_01130,HDPE_Plastic,120,2025-11-01
JUG_01131,HDPE_Plastic,120,2025-11-01
JUG_01132,HDPE_Plastic,120,2025-11-01
JUG_01133,HDPE_Plastic,120,2025-11-01
JUG_01134,HDPE_Plastic,120,2025-11-01
JUG_01135,HDPE_Plastic,120,2025-11-01
JUG_01136,HDPE_Plastic,120,2025-11-01
JUG_01137,HDPE_Plastic,120,2025-11-01
JUG_01138,HDPE_Plastic,120,2025-11-01
JUG_01139,HDPE_Plastic,120,2025-11-01
JUG_01140,HDPE_Plastic,120,2025-11-01
JUG_01141,HDPE_Plastic,120,2025-11-01
JUG_01142,HDPE_Plastic,120,2025-11-01
JUG_01143,HDPE_Plastic,120,2025-11-01
JUG_01144,HDPE_Plastic,120,2025-11-01
JUG_01145,HDPE_Plastic,120,2025-11-01
JUG_01146,HDPE_Plastic,120,2025-11-01
JUG_01147,HDPE_Plastic,120,2025-11-01
JUG_01148,HDPE_Plastic,120,2025-11-01
JUG_01149,HDPE_Plastic,120,2025-11-01
JUG_01150,HDPE_Plastic,120,2025-11-01
JUG_01151,HDPE_Plastic,120,2025-11-01
JUG_01152,HDPE_Plastic,120,2025-11-01
JUG_01153,HDPE_Plastic,120,2025-11-01
JUG_01154,HDPE_Plastic,120,2025-11-01
JUG_01155,HDPE_Plastic,120,2025-11-01
JUG_01156,HDPE_Plastic,120,2025-11-01
JUG_01157,HDPE_Plastic,120,2025-11-01
JUG_01158,HDPE_Plastic,120,2025-11-01
JUG_01159,HDPE_Plastic,120,2025-11-01
JUG_01160,HDPE_Plastic,120,2025-11-01
JUG_01161,HDPE_Plastic,120,2025-11-01
JUG_01162,HDPE_Plastic,120,2025-11-01
JUG_01163,HDPE_Plastic,120,2025-11-01
JUG_01164,HDPE_Plastic,120,2025-11-01
JUG_01165,HDPE_Plastic,120,2025-11-01
JUG_01166,HDPE_Plastic,120,2025-11-01
JUG_01167,HDPE_Plastic,120,2025-11-01
JUG_01168,HDPE_Plastic,120,2025-11-01
JUG_01169,HDPE_Plastic,120,2025-11-01
JUG_01170,HDPE_Plastic,120,2025-11-01
JUG_01171,HDPE_Plastic,120,2025-11-01
JUG_01172,HDPE_Plastic,120,2025-11-01
JUG_01173,HDPE_Plastic,120,2025-11-01
JUG_01174,HDPE_Plastic,120,2025-11-01
JUG_01175,HDPE_Plastic,120,2025-11-01
JUG_01176,HDPE_Plastic,120,2025-11-01
JUG_01177,HDPE_Plastic,120,2025-11-01
JUG_01178,HDPE_Plastic,120,2025-11-01
JUG_01179,HDPE_Plastic,120,2025-11-01
JUG_01180,HDPE_Plastic,120,2025-11-01
JUG_01181,HDPE_Plastic,120,2025-11-01
JUG_01182,HDPE_Plastic,120,2025-11-01
JUG_01183,HDPE_Plastic,120,2025-11-01
JUG_01184,HDPE_Plastic,120,2025-11-01
JUG_01185,HDPE_Plastic,120,2025-11-01
JUG_01186,HDPE_Plastic,120,2025-11-01
JUG_01187,HDPE_Plastic,120,2025-11-01
JUG_01188,HDPE_Plastic,120,2025-11-01
JUG_01189,HDPE_Plastic,120,2025-11-01
JUG_01190,HDPE_Plastic,120,2025-11-01
JUG_01191,HDPE_Plastic,120,2025-11-01
JUG_01192,HDPE_Plastic,120,2025-11-01
JUG_01193,HDPE_Plastic,120,2025-11-01
JUG_01194,HDPE_Plastic,120,2025-11-01
JUG_01195,HDPE_Plastic,120,2025-11-01
JUG_01196,HDPE_Plastic,120,2025-11-01
JUG_01197,HDPE_Plastic,120,2025-11-01
JUG_01198,HDPE_Plastic,120,2025-11-01
JUG_01199,HDPE_Plastic,120,2025-11-01
JUG_01200,HDPE_Plastic,120,2025-11-01
JUG_01201,HDPE_Plastic,120,2025-11-01
JUG_01202,HDPE_Plastic,120,2025-11-01
JUG_01203,HDPE_Plastic,120,2025-11-01
JUG_01204,HDPE_Plastic,120,2025-11-01
JUG_01205,HDPE_Plastic,120,2025-11-01
JUG_01206,HDPE_Plastic,120,2025-11-01
JUG_01207,HDPE_Plastic,120,2025-11-01
JUG_01208,HDPE_Plastic,120,2025-11-01
JUG_01209,HDPE_Plastic,120,2025-11-01
JUG_01210,HDPE_Plastic,120,2025-11-01
JUG_01211,HDPE_Plastic,120,2025-11-01
JUG_01212,HDPE_Plastic,120,2025-11-01
JUG_01213,HDPE_Plastic,120,2025-11-01
JUG_01214,HDPE_Plastic,120,2025-11-01
JUG_01215,HDPE_Plastic,120,2025-11-01
JUG_01216,HDPE_Plastic,120,2025-11-01
JUG_01217,HDPE_Plastic,120,2025-11-01
JUG_01218,HDPE_Plastic,120,2025-11-01
JUG_01219,HDPE_Plastic,120,2025-11-01
JUG_01220,HDPE_Plastic,120,2025-11-01
JUG_01221,HDPE_Plastic,120,2025-11-01
JUG_01222,HDPE_Plastic,120,2025-11-01
JUG_01223,HDPE_Plastic,120,2025-11-01
JUG_01224,HDPE_Plastic,120,2025-11-01
JUG_01225,HDPE_Plastic,120,2025-11-01
JUG_01226,HDPE_Plastic,120,2025-11-01
JUG_01227,HDPE_Plastic,120,2025-11-01
JUG_01228,HDPE_Plastic,120,2025-11-01
JUG_01229,HDPE_Plastic,120,2025-11-01
JUG_01230,HDPE_Plastic,120,2025-11-01
JUG_01231,HDPE_Plastic,120,2025-11-01
JUG_01232,HDPE_Plastic,120,2025-11-01
JUG_01233,HDPE_Plastic,120,2025-11-01
JUG_01234,HDPE_Plastic,120,2025-11-01
JUG_01235,HDPE_Plastic,120,2025-11-01
JUG_01236,HDPE_Plastic,120,2025-11-01
JUG_01237,HDPE_Plastic,120,2025-11-01
JUG_01238,HDPE_Plastic,120,2025-11-01
JUG_01239,HDPE_Plastic,120,2025-11-01
JUG_01240,HDPE_Plastic,120,2025-11-01
JUG_01241,HDPE_Plastic,120,2025-11-01
JUG_01242,HDPE_Plastic,120,2025-11-01
JUG_01243,HDPE_Plastic,120,2025-11-01
JUG_01244,HDPE_Plastic,120,2025-11-01
JUG_01245,HDPE_Plastic,120,2025-11-01
JUG_01246,HDPE_Plastic,120,2025-11-01
JUG_01247,HDPE_Plastic,120,2025-11-01
JUG_01248,HDPE_Plastic,120,2025-11-01
JUG_01249,HDPE_Plastic,120,2025-11-01
JUG_01250,HDPE_Plastic,120,2025-11-01
JUG_01251,HDPE_Plastic,120,2025-11-01
JUG_01252,HDPE_Plastic,120,2025-11-01
JUG_01253,HDPE_Plastic,120,2025-11-01
JUG_01254,HDPE_Plastic,120,2025-11-01
JUG_01255,HDPE_Plastic,120,2025-11-01
JUG_01256,HDPE_Plastic,120,2025-11-01
JUG_01257,HDPE_Plastic,120,2025-11-01
JUG_01258,HDPE_Plastic,120,2025-11-01
JUG_01259,HDPE_Plastic,120,2025-11-01
JUG_01260,HDPE_Plastic,120,2025-11-01
JUG_01261,HDPE_Plastic,120,2025-11-01
JUG_01262,HDPE_Plastic,120,2025-11-01
JUG_01263,HDPE_Plastic,120,2025-11-01
JUG_01264,HDPE_Plastic,120,2025-11-01
JUG_01265,HDPE_Plastic,120,2025-11-01
JUG_01266,HDPE_Plastic,120,2025-11-01
JUG_01267,HDPE_Plastic,120,2025-11-01
JUG_01268,HDPE_Plastic,120,2025-11-01
JUG_01269,HDPE_Plastic,120,2025-11-01
JUG_01270,HDPE_Plastic,120,2025-11-01
JUG_01271,HDPE_Plastic,120,2025-11-01
JUG_01272,HDPE_Plastic,120,2025-11-01
JUG_01273,HDPE_Plastic,120,2025-11-01
JUG_01274,HDPE_Plastic,120,2025-11-01
JUG_01275,HDPE_Plastic,120,2025-11-01
JUG_01276,HDPE_Plastic,120,2025-11-01
JUG_01277,HDPE_Plastic,120,2025-11-01
JUG_01278,HDPE_Plastic,120,2025-11-01
JUG_01279,HDPE_Plastic,120,2025-11-01
JUG_01280,HDPE_Plastic,120,2025-11-01
JUG_01281,HDPE_Plastic,120,2025-11-01
JUG_01282,HDPE_Plastic,120,2025-11-01
JUG_01283,HDPE_Plastic,120,2025-11-01
JUG_01284,HDPE_Plastic,120,2025-11-01
JUG_01285,HDPE_Plastic,120,2025-11-01
JUG_01286,HDPE_Plastic,120,2025-11-01
JUG_01287,HDPE_Plastic,120,2025-11-01
JUG_01288,HDPE_Plastic,120,2025-11-01
JUG_01289,HDPE_Plastic,120,2025-11-01
JUG_01290,HDPE_Plastic,120,2025-11-01
JUG_01291,HDPE_Plastic,120,2025-11-01
JUG_01292,HDPE_Plastic,120,2025-11-01
JUG_01293,HDPE_Plastic,120,2025-11-01
JUG_01294,HDPE_Plastic,120,2025-11-01
JUG_01295,HDPE_Plastic,120,2025-11-01
JUG_01296,HDPE_Plastic,120,2025-11-01
JUG_01297,HDPE_Plastic,120,2025-11-01
JUG_01298,HDPE_Plastic,120,2025-11-01
JUG_01299,HDPE_Plastic,120,2025-11-01
JUG_01300,HDPE_Plastic,120,2025-11-01
JUG_01301,HDPE_Plastic,120,2025-11-01
JUG_01302,HDPE_Plastic,120,2025-11-01
JUG_01303,HDPE_Plastic,120,2025-11-01
JUG_01304,HDPE_Plastic,120,2025-11-01
JUG_01305,HDPE_Plastic,120,2025-11-01
JUG_01306,HDPE_Plastic,120,2025-11-01
JUG_01307,HDPE_Plastic,120,2025-11-01
JUG_01308,HDPE_Plastic,120,2025-11-01
JUG_01309,HDPE_Plastic,120,2025-11-01
JUG_01310,HDPE_Plastic,120,2025-11-01
JUG_01311,HDPE_Plastic,120,2025-11-01
JUG_01312,HDPE_Plastic,120,2025-11-01
JUG_01313,HDPE_Plastic,120,2025-11-01
JUG_01314,HDPE_Plastic,120,2025-11-01
JUG_01315,HDPE_Plastic,120,2025-11-01
JUG_01316,HDPE_Plastic,120,2025-11-01
JUG_01317,HDPE_Plastic,120,2025-11-01
JUG_01318,HDPE_Plastic,120,2025-11-01
JUG_01319,HDPE_Plastic,120,2025-11-01
JUG_01320,HDPE_Plastic,120,2025-11-01
JUG_01321,HDPE_Plastic,120,2025-11-01
JUG_01322,HDPE_Plastic,120,2025-11-01
JUG_01323,HDPE_Plastic,120,2025-11-01
JUG_01324,HDPE_Plastic,120,2025-11-01
JUG_01325,HDPE_Plastic,120,2025-11-01
JUG_01326,HDPE_Plastic,120,2025-11-01
JUG_01327,HDPE_Plastic,120,2025-11-01
JUG_01328,HDPE_Plastic,120,2025-11-01
JUG_01329,HDPE_Plastic,120,2025-11-01
JUG_01330,HDPE_Plastic,120,2025-11-01
JUG_01331,HDPE_Plastic,120,2025-11-01
JUG_01332,HDPE_Plastic,120,2025-11-01
JUG_01333,HDPE_Plastic,120,2025-11-01
JUG_01334,HDPE_Plastic,120,2025-11-01
JUG_01335,HDPE_Plastic,120,2025-11-01
JUG_01336,HDPE_Plastic,120,2025-11-01
JUG_01337,HDPE_Plastic,120,2025-11-01
JUG_01338,HDPE_Plastic,120,2025-11-01
JUG_01339,HDPE_Plastic,120,2025-11-01
JUG_01340,HDPE_Plastic,120,2025-11-01
JUG_01341,HDPE_Plastic,120,2025-11-01
JUG_01342,HDPE_Plastic,120,2025-11-01
JUG_01343,HDPE_Plastic,120,2025-11-01
JUG_01344,HDPE_Plastic,120,2025-11-01
JUG_01345,HDPE_Plastic,120,2025-11-01
JUG_01346,HDPE_Plastic,120,2025-11-01
JUG_01347,HDPE_Plastic,120,2025-11-01
JUG_01348,HDPE_Plastic,120,2025-11-01
JUG_01349,HDPE_Plastic,120,2025-11-01
JUG_01350,HDPE_Plastic,120,2025-11-01
JUG_01351,HDPE_Plastic,120,2025-11-01
JUG_01352,HDPE_Plastic,120,2025-11-01
JUG_01353,HDPE_Plastic,120,2025-11-01
JUG_01354,HDPE_Plastic,120,2025-11-01
JUG_01355,HDPE_Plastic,120,2025-11-01
JUG_01356,HDPE_Plastic,120,2025-11-01
JUG_01357,HDPE_Plastic,120,2025-11-01
JUG_01358,HDPE_Plastic,120,2025-11-01
JUG_01359,HDPE_Plastic,120,2025-11-01
JUG_01360,HDPE_Plastic,120,2025-11-01
JUG_01361,HDPE_Plastic,120,2025-11-01
JUG_01362,HDPE_Plastic,120,2025-11-01
JUG_01363,HDPE_Plastic,120,2025-11-01
JUG_01364,HDPE_Plastic,120,2025-11-01
JUG_01365,HDPE_Plastic,120,2025-11-01
JUG_01366,HDPE_Plastic,120,2025-11-01
JUG_01367,HDPE_Plastic,120,2025-11-01
JUG_01368,HDPE_Plastic,120,2025-11-01
JUG_01369,HDPE_Plastic,120,2025-11-01
JUG_01370,HDPE_Plastic,120,2025-11-01
JUG_01371,HDPE_Plastic,120,2025-11-01
JUG_01372,HDPE_Plastic,120,2025-11-01
JUG_01373,HDPE_Plastic,120,2025-11-01
JUG_01374,HDPE_Plastic,120,2025-11-01
JUG_01375,HDPE_Plastic,120,2025-11-01
JUG_01376,HDPE_Plastic,120,2025-11-01
JUG_01377,HDPE_Plastic,120,2025-11-01
JUG_01378,HDPE_Plastic,120,2025-11-01
JUG_01379,HDPE_Plastic,120,2025-11-01
JUG_01380,HDPE_Plastic,120,2025-11-01
JUG_01381,HDPE_Plastic,120,2025-11-01
JUG_01382,HDPE_Plastic,120,2025-11-01
JUG_01383,HDPE_Plastic,120,2025-11-01
JUG_01384,HDPE_Plastic,120,2025-11-01
JUG_01385,HDPE_Plastic,120,2025-11-01
JUG_01386,HDPE_Plastic,120,2025-11-01
JUG_01387,HDPE_Plastic,120,2025-11-01
JUG_01388,HDPE_Plastic,120,2025-11-01
JUG_01389,HDPE_Plastic,120,2025-11-01
JUG_01390,HDPE_Plastic,120,2025-11-01
JUG_01391,HDPE_Plastic,120,2025-11-01
JUG_01392,HDPE_Plastic,120,2025-11-01
JUG_01393,HDPE_Plastic,120,2025-11-01
JUG_01394,HDPE_Plastic,120,2025-11-01
JUG_01395,HDPE_Plastic,120,2025-11-01
JUG_01396,HDPE_Plastic,120,2025-11-01
JUG_01397,HDPE_Plastic,120,2025-11-01
JUG_01398,HDPE_Plastic,120,2025-11-01
JUG_01399,HDPE_Plastic,120,2025-11-01
JUG_01400,HDPE_Plastic,120,2025-11-01
JUG_01401,HDPE_Plastic,120,2025-11-01
JUG_01402,HDPE_Plastic,120,2025-11-01
JUG_01403,HDPE_Plastic,120,2025-11-01
JUG_01404,HDPE_Plastic,120,2025-11-01
JUG_01405,HDPE_Plastic,120,2025-11-01
JUG_01406,HDPE_Plastic,120,2025-11-01
JUG_01407,HDPE_Plastic,120,2025-11-01
JUG_01408,HDPE_Plastic,120,2025-11-01
JUG_01409,HDPE_Plastic,120,2025-11-01
JUG_01410,HDPE_Plastic,120,2025-11-01
JUG_01411,HDPE_Plastic,120,2025-11-01
JUG_01412,HDPE_Plastic,120,2025-11-01
JUG_01413,HDPE_Plastic,120,2025-11-01
JUG_01414,HDPE_Plastic,120,2025-11-01
JUG_01415,HDPE_Plastic,120,2025-11-01
JUG_01416,HDPE_Plastic,120,2025-11-01
JUG_01417,HDPE_Plastic,120,2025-11-01
JUG_01418,HDPE_Plastic,120,2025-11-01
JUG_01419,HDPE_Plastic,120,2025-11-01
JUG_01420,HDPE_Plastic,120,2025-11-01
JUG_01421,HDPE_Plastic,120,2025-11-01
JUG_01422,HDPE_Plastic,120,2025-11-01
JUG_01423,HDPE_Plastic,120,2025-11-01
JUG_01424,HDPE_Plastic,120,2025-11-01
JUG_01425,HDPE_Plastic,120,2025-11-01
JUG_01426,HDPE_Plastic,120,2025-11-01
JUG_01427,HDPE_Plastic,120,2025-11-01
JUG_01428,HDPE_Plastic,120,2025-11-01
JUG_01429,HDPE_Plastic,120,2025-11-01
JUG_01430,HDPE_Plastic,120,2025-11-01
JUG_01431,HDPE_Plastic,120,2025-11-01
JUG_01432,HDPE_Plastic,120,2025-11-01
JUG_01433,HDPE_Plastic,120,2025-11-01
JUG_01434,HDPE_Plastic,120,2025-11-01
JUG_01435,HDPE_Plastic,120,2025-11-01
JUG_01436,HDPE_Plastic,120,2025-11-01
JUG_01437,HDPE_Plastic,120,2025-11-01
JUG_01438,HDPE_Plastic,120,2025-11-01
JUG_01439,HDPE_Plastic,120,2025-11-01
JUG_01440,HDPE_Plastic,120,2025-11-01
JUG_01441,HDPE_Plastic,120,2025-11-01
JUG_01442,HDPE_Plastic,120,2025-11-01
JUG_01443,HDPE_Plastic,120,2025-11-01
JUG_01444,HDPE_Plastic,120,2025-11-01
JUG_01445,HDPE_Plastic,120,2025-11-01
JUG_01446,HDPE_Plastic,120,2025-11-01
JUG_01447,HDPE_Plastic,120,2025-11-01
JUG_01448,HDPE_Plastic,120,2025-11-01
JUG_01449,HDPE_Plastic,120,2025-11-01
JUG_01450,HDPE_Plastic,120,2025-11-01
JUG_01451,HDPE_Plastic,120,2025-11-01
JUG_01452,HDPE_Plastic,120,2025-11-01
JUG_01453,HDPE_Plastic,120,2025-11-01
JUG_01454,HDPE_Plastic,120,2025-11-01
JUG_01455,HDPE_Plastic,120,2025-11-01
JUG_01456,HDPE_Plastic,120,2025-11-01
JUG_01457,HDPE_Plastic,120,2025-11-01
JUG_01458,HDPE_Plastic,120,2025-11-01
JUG_01459,HDPE_Plastic,120,2025-11-01
JUG_01460,HDPE_Plastic,120,2025-11-01
JUG_01461,HDPE_Plastic,120,2025-11-01
JUG_01462,HDPE_Plastic,120,2025-11-01
JUG_01463,HDPE_Plastic,120,2025-11-01
JUG_01464,HDPE_Plastic,120,2025-11-01
JUG_01465,HDPE_Plastic,120,2025-11-01
JUG_01466,HDPE_Plastic,120,2025-11-01
JUG_01467,HDPE_Plastic,120,2025-11-01
JUG_01468,HDPE_Plastic,120,2025-11-01
JUG_01469,HDPE_Plastic,120,2025-11-01
JUG_01470,HDPE_Plastic,120,2025-11-01
JUG_01471,HDPE_Plastic,120,2025-11-01
JUG_01472,HDPE_Plastic,120,2025-11-01
JUG_01473,HDPE_Plastic,120,2025-11-01
JUG_01474,HDPE_Plastic,120,2025-11-01
JUG_01475,HDPE_Plastic,120,2025-11-01
JUG_01476,HDPE_Plastic,120,2025-11-01
JUG_01477,HDPE_Plastic,120,2025-11-01
JUG_01478,HDPE_Plastic,120,2025-11-01
JUG_01479,HDPE_Plastic,120,2025-11-01
JUG_01480,HDPE_Plastic,120,2025-11-01
JUG_01481,HDPE_Plastic,120,2025-11-01
JUG_01482,HDPE_Plastic,120,2025-11-01
JUG_01483,HDPE_Plastic,120,2025-11-01
JUG_01484,HDPE_Plastic,120,2025-11-01
JUG_01485,HDPE_Plastic,120,2025-11-01
JUG_01486,HDPE_Plastic,120,2025-11-01
JUG_01487,HDPE_Plastic,120,2025-11-01
JUG_01488,HDPE_Plastic,120,2025-11-01
JUG_01489,HDPE_Plastic,120,2025-11-01
JUG_01490,HDPE_Plastic,120,2025-11-01
JUG_01491,HDPE_Plastic,120,2025-11-01
JUG_01492,HDPE_Plastic,120,2025-11-01
JUG_01493,HDPE_Plastic,120,2025-11-01
JUG_01494,HDPE_Plastic,120,2025-11-01
JUG_01495,HDPE_Plastic,120,2025-11-01
JUG_01496,HDPE_Plastic,120,2025-11-01
JUG_01497,HDPE_Plastic,120,2025-11-01
JUG_01498,HDPE_Plastic,120,2025-11-01
JUG_01499,HDPE_Plastic,120,2025-11-01
JUG_01500,HDPE_Plastic,120,2025-11-01
JUG_01501,HDPE_Plastic,120,2025-11-01
JUG_01502,HDPE_Plastic,120,2025-11-01
JUG_01503,HDPE_Plastic,120,2025-11-01
JUG_01504,HDPE_Plastic,120,2025-11-01
JUG_01505,HDPE_Plastic,120,2025-11-01
JUG_01506,HDPE_Plastic,120,2025-11-01
JUG_01507,HDPE_Plastic,120,2025-11-01
JUG_01508,HDPE_Plastic,120,2025-11-01
JUG_01509,HDPE_Plastic,120,2025-11-01
JUG_01510,HDPE_Plastic,120,2025-11-01
JUG_01511,HDPE_Plastic,120,2025-11-01
JUG_01512,HDPE_Plastic,120,2025-11-01
JUG_01513,HDPE_Plastic,120,2025-11-01
JUG_01514,HDPE_Plastic,120,2025-11-01
JUG_01515,HDPE_Plastic,120,2025-11-01
JUG_01516,HDPE_Plastic,120,2025-11-01
JUG_01517,HDPE_Plastic,120,2025-11-01
JUG_01518,HDPE_Plastic,120,2025-11-01
JUG_01519,HDPE_Plastic,120,2025-11-01
JUG_01520,HDPE_Plastic,120,2025-11-01
JUG_01521,HDPE_Plastic,120,2025-11-01
JUG_01522,HDPE_Plastic,120,2025-11-01
JUG_01523,HDPE_Plastic,120,2025-11-01
JUG_01524,HDPE_Plastic,120,2025-11-01
JUG_01525,HDPE_Plastic,120,2025-11-01
JUG_01526,HDPE_Plastic,120,2025-11-01
JUG_01527,HDPE_Plastic,120,2025-11-01
JUG_01528,HDPE_Plastic,120,2025-11-01
JUG_01529,HDPE_Plastic,120,2025-11-01
JUG_01530,HDPE_Plastic,120,2025-11-01
JUG_01531,HDPE_Plastic,120,2025-11-01
JUG_01532,HDPE_Plastic,120,2025-11-01
JUG_01533,HDPE_Plastic,120,2025-11-01
JUG_01534,HDPE_Plastic,120,2025-11-01
JUG_01535,HDPE_Plastic,120,2025-11-01
JUG_01536,HDPE_Plastic,120,2025-11-01
JUG_01537,HDPE_Plastic,120,2025-11-01
JUG_01538,HDPE_Plastic,120,2025-11-01
JUG_01539,HDPE_Plastic,120,2025-11-01
JUG_01540,HDPE_Plastic,120,2025-11-01
JUG_01541,HDPE_Plastic,120,2025-11-01
JUG_01542,HDPE_Plastic,120,2025-11-01
JUG_01543,HDPE_Plastic,120,2025-11-01
JUG_01544,HDPE_Plastic,120,2025-11-01
JUG_01545,HDPE_Plastic,120,2025-11-01
JUG_01546,HDPE_Plastic,120,2025-11-01
JUG_01547,HDPE_Plastic,120,2025-11-01
JUG_01548,HDPE_Plastic,120,2025-11-01
JUG_01549,HDPE_Plastic,120,2025-11-01
JUG_01550,HDPE_Plastic,120,2025-11-01
JUG_01551,HDPE_Plastic,120,2025-11-01
JUG_01552,HDPE_Plastic,120,2025-11-01
JUG_01553,HDPE_Plastic,120,2025-11-01
JUG_01554,HDPE_Plastic,120,2025-11-01
JUG_01555,HDPE_Plastic,120,2025-11-01
JUG_01556,HDPE_Plastic,120,2025-11-01
JUG_01557,HDPE_Plastic,120,2025-11-01
JUG_01558,HDPE_Plastic,120,2025-11-01
JUG_01559,HDPE_Plastic,120,2025-11-01
JUG_01560,HDPE_Plastic,120,2025-11-01
JUG_01561,HDPE_Plastic,120,2025-11-01
JUG_01562,HDPE_Plastic,120,2025-11-01
JUG_01563,HDPE_Plastic,120,2025-11-01
JUG_01564,HDPE_Plastic,120,2025-11-01
JUG_01565,HDPE_Plastic,120,2025-11-01
JUG_01566,HDPE_Plastic,120,2025-11-01
JUG_01567,HDPE_Plastic,120,2025-11-01
JUG_01568,HDPE_Plastic,120,2025-11-01
JUG_01569,HDPE_Plastic,120,2025-11-01
JUG_01570,HDPE_Plastic,120,2025-11-01
JUG_01571,HDPE_Plastic,120,2025-11-01
JUG_01572,HDPE_Plastic,120,2025-11-01
JUG_01573,HDPE_Plastic,120,2025-11-01
JUG_01574,HDPE_Plastic,120,2025-11-01
JUG_01575,HDPE_Plastic,120,2025-11-01
JUG_01576,HDPE_Plastic,120,2025-11-01
JUG_01577,HDPE_Plastic,120,2025-11-01
JUG_01578,HDPE_Plastic,120,2025-11-01
JUG_01579,HDPE_Plastic,120,2025-11-01
JUG_01580,HDPE_Plastic,120,2025-11-01
JUG_01581,HDPE_Plastic,120,2025-11-01
JUG_01582,HDPE_Plastic,120,2025-11-01
JUG_01583,HDPE_Plastic,120,2025-11-01
JUG_01584,HDPE_Plastic,120,2025-11-01
JUG_01585,HDPE_Plastic,120,2025-11-01
JUG_01586,HDPE_Plastic,120,2025-11-01
JUG_01587,HDPE_Plastic,120,2025-11-01
JUG_01588,HDPE_Plastic,120,2025-11-01
JUG_01589,HDPE_Plastic,120,2025-11-01
JUG_01590,HDPE_Plastic,120,2025-11-01
JUG_01591,HDPE_Plastic,120,2025-11-01
JUG_01592,HDPE_Plastic,120,2025-11-01
JUG_01593,HDPE_Plastic,120,2025-11-01
JUG_01594,HDPE_Plastic,120,2025-11-01
JUG_01595,HDPE_Plastic,120,2025-11-01
JUG_01596,HDPE_Plastic,120,2025-11-01
JUG_01597,HDPE_Plastic,120,2025-11-01
JUG_01598,HDPE_Plastic,120,2025-11-01
JUG_01599,HDPE_Plastic,120,2025-11-01
JUG_01600,HDPE_Plastic,120,2025-11-01
JUG_01601,HDPE_Plastic,120,2025-11-01
JUG_01602,HDPE_Plastic,120,2025-11-01
JUG_01603,HDPE_Plastic,120,2025-11-01
JUG_01604,HDPE_Plastic,120,2025-11-01
JUG_01605,HDPE_Plastic,120,2025-11-01
JUG_01606,HDPE_Plastic,120,2025-11-01
JUG_01607,HDPE_Plastic,120,2025-11-01
JUG_01608,HDPE_Plastic,120,2025-11-01
JUG_01609,HDPE_Plastic,120,2025-11-01
JUG_01610,HDPE_Plastic,120,2025-11-01
JUG_01611,HDPE_Plastic,120,2025-11-01
JUG_01612,HDPE_Plastic,120,2025-11-01
JUG_01613,HDPE_Plastic,120,2025-11-01
JUG_01614,HDPE_Plastic,120,2025-11-01
JUG_01615,HDPE_Plastic,120,2025-11-01
JUG_01616,HDPE_Plastic,120,2025-11-01
JUG_01617,HDPE_Plastic,120,2025-11-01
JUG_01618,HDPE_Plastic,120,2025-11-01
JUG_01619,HDPE_Plastic,120,2025-11-01
JUG_01620,HDPE_Plastic,120,2025-11-01
JUG_01621,HDPE_Plastic,120,2025-11-01
JUG_01622,HDPE_Plastic,120,2025-11-01
JUG_01623,HDPE_Plastic,120,2025-11-01
JUG_01624,HDPE_Plastic,120,2025-11-01
JUG_01625,HDPE_Plastic,120,2025-11-01
JUG_01626,HDPE_Plastic,120,2025-11-01
JUG_01627,HDPE_Plastic,120,2025-11-01
JUG_01628,HDPE_Plastic,120,2025-11-01
JUG_01629,HDPE_Plastic,120,2025-11-01
JUG_01630,HDPE_Plastic,120,2025-11-01
JUG_01631,HDPE_Plastic,120,2025-11-01
JUG_01632,HDPE_Plastic,120,2025-11-01
JUG_01633,HDPE_Plastic,120,2025-11-01
JUG_01634,HDPE_Plastic,120,2025-11-01
JUG_01635,HDPE_Plastic,120,2025-11-01
JUG_01636,HDPE_Plastic,120,2025-11-01
JUG_01637,HDPE_Plastic,120,2025-11-01
JUG_01638,HDPE_Plastic,120,2025-11-01
JUG_01639,HDPE_Plastic,120,2025-11-01
JUG_01640,HDPE_Plastic,120,2025-11-01
JUG_01641,HDPE_Plastic,120,2025-11-01
JUG_01642,HDPE_Plastic,120,2025-11-01
JUG_01643,HDPE_Plastic,120,2025-11-01
JUG_01644,HDPE_Plastic,120,2025-11-01
JUG_01645,HDPE_Plastic,120,2025-11-01
JUG_01646,HDPE_Plastic,120,2025-11-01
JUG_01647,HDPE_Plastic,120,2025-11-01
JUG_01648,HDPE_Plastic,120,2025-11-01
JUG_01649,HDPE_Plastic,120,2025-11-01
JUG_01650,HDPE_Plastic,120,2025-11-01
JUG_01651,HDPE_Plastic,120,2025-11-01
JUG_01652,HDPE_Plastic,120,2025-11-01
JUG_01653,HDPE_Plastic,120,2025-11-01
JUG_01654,HDPE_Plastic,120,2025-11-01
JUG_01655,HDPE_Plastic,120,2025-11-01
JUG_01656,HDPE_Plastic,120,2025-11-01
JUG_01657,HDPE_Plastic,120,2025-11-01
JUG_01658,HDPE_Plastic,120,2025-11-01
JUG_01659,HDPE_Plastic,120,2025-11-01
JUG_01660,HDPE_Plastic,120,2025-11-01
JUG_01661,HDPE_Plastic,120,2025-11-01
JUG_01662,HDPE_Plastic,120,2025-11-01
JUG_01663,HDPE_Plastic,120,2025-11-01
JUG_01664,HDPE_Plastic,120,2025-11-01
JUG_01665,HDPE_Plastic,120,2025-11-01
JUG_01666,HDPE_Plastic,120,2025-11-01
JUG_01667,HDPE_Plastic,120,2025-11-01
JUG_01668,HDPE_Plastic,120,2025-11-01
JUG_01669,HDPE_Plastic,120,2025-11-01
JUG_01670,HDPE_Plastic,120,2025-11-01
JUG_01671,HDPE_Plastic,120,2025-11-01
JUG_01672,HDPE_Plastic,120,2025-11-01
JUG_01673,HDPE_Plastic,120,2025-11-01
JUG_01674,HDPE_Plastic,120,2025-11-01
JUG_01675,HDPE_Plastic,120,2025-11-01
JUG_01676,HDPE_Plastic,120,2025-11-01
JUG_01677,HDPE_Plastic,120,2025-11-01
JUG_01678,HDPE_Plastic,120,2025-11-01
JUG_01679,HDPE_Plastic,120,2025-11-01
JUG_01680,HDPE_Plastic,120,2025-11-01
JUG_01681,HDPE_Plastic,120,2025-11-01
JUG_01682,HDPE_Plastic,120,2025-11-01
JUG_01683,HDPE_Plastic,120,2025-11-01
JUG_01684,HDPE_Plastic,120,2025-11-01
JUG_01685,HDPE_Plastic,120,2025-11-01
JUG_01686,HDPE_Plastic,120,2025-11-01
JUG_01687,HDPE_Plastic,120,2025-11-01
JUG_01688,HDPE_Plastic,120,2025-11-01
JUG_01689,HDPE_Plastic,120,2025-11-01
JUG_01690,HDPE_Plastic,120,2025-11-01
JUG_01691,HDPE_Plastic,120,2025-11-01
JUG_01692,HDPE_Plastic,120,2025-11-01
JUG_01693,HDPE_Plastic,120,2025-11-01
JUG_01694,HDPE_Plastic,120,2025-11-01
JUG_01695,HDPE_Plastic,120,2025-11-01
JUG_01696,HDPE_Plastic,120,2025-11-01
JUG_01697,HDPE_Plastic,120,2025-11-01
JUG_01698,HDPE_Plastic,120,2025-11-01
JUG_01699,HDPE_Plastic,120,2025-11-01
JUG_01700,HDPE_Plastic,120,2025-11-01
JUG_01701,HDPE_Plastic,120,2025-11-01
JUG_01702,HDPE_Plastic,120,2025-11-01
JUG_01703,HDPE_Plastic,120,2025-11-01
JUG_01704,HDPE_Plastic,120,2025-11-01
JUG_01705,HDPE_Plastic,120,2025-11-01
JUG_01706,HDPE_Plastic,120,2025-11-01
JUG_01707,HDPE_Plastic,120,2025-11-01
JUG_01708,HDPE_Plastic,120,2025-11-01
JUG_01709,HDPE_Plastic,120,2025-11-01
JUG_01710,HDPE_Plastic,120,2025-11-01
JUG_01711,HDPE_Plastic,120,2025-11-01
JUG_01712,HDPE_Plastic,120,2025-11-01
JUG_01713,HDPE_Plastic,120,2025-11-01
JUG_01714,HDPE_Plastic,120,2025-11-01
JUG_01715,HDPE_Plastic,120,2025-11-01
JUG_01716,HDPE_Plastic,120,2025-11-01
JUG_01717,HDPE_Plastic,120,2025-11-01
JUG_01718,HDPE_Plastic,120,2025-11-01
JUG_01719,HDPE_Plastic,120,2025-11-01
JUG_01720,HDPE_Plastic,120,2025-11-01
JUG_01721,HDPE_Plastic,120,2025-11-01
JUG_01722,HDPE_Plastic,120,2025-11-01
JUG_01723,HDPE_Plastic,120,2025-11-01
JUG_01724,HDPE_Plastic,120,2025-11-01
JUG_01725,HDPE_Plastic,120,2025-11-01
JUG_01726,HDPE_Plastic,120,2025-11-01
JUG_01727,HDPE_Plastic,120,2025-11-01
JUG_01728,HDPE_Plastic,120,2025-11-01
JUG_01729,HDPE_Plastic,120,2025-11-01
JUG_01730,HDPE_Plastic,120,2025-11-01
JUG_01731,HDPE_Plastic,120,2025-11-01
JUG_01732,HDPE_Plastic,120,2025-11-01
JUG_01733,HDPE_Plastic,120,2025-11-01
JUG_01734,HDPE_Plastic,120,2025-11-01
JUG_01735,HDPE_Plastic,120,2025-11-01
JUG_01736,HDPE_Plastic,120,2025-11-01
JUG_01737,HDPE_Plastic,120,2025-11-01
JUG_01738,HDPE_Plastic,120,2025-11-01
JUG_01739,HDPE_Plastic,120,2025-11-01
JUG_01740,HDPE_Plastic,120,2025-11-01
JUG_01741,HDPE_Plastic,120,2025-11-01
JUG_01742,HDPE_Plastic,120,2025-11-01
JUG_01743,HDPE_Plastic,120,2025-11-01
JUG_01744,HDPE_Plastic,120,2025-11-01
JUG_01745,HDPE_Plastic,120,2025-11-01
JUG_01746,HDPE_Plastic,120,2025-11-01
JUG_01747,HDPE_Plastic,120,2025-11-01
JUG_01748,HDPE_Plastic,120,2025-11-01
JUG_01749,HDPE_Plastic,120,2025-11-01
JUG_01750,HDPE_Plastic,120,2025-11-01
JUG_01751,HDPE_Plastic,120,2025-11-01
JUG_01752,HDPE_Plastic,120,2025-11-01
JUG_01753,HDPE_Plastic,120,2025-11-01
JUG_01754,HDPE_Plastic,120,2025-11-01
JUG_01755,HDPE_Plastic,120,2025-11-01
JUG_01756,HDPE_Plastic,120,2025-11-01
JUG_01757,HDPE_Plastic,120,2025-11-01
JUG_01758,HDPE_Plastic,120,2025-11-01
JUG_01759,HDPE_Plastic,120,2025-11-01
JUG_01760,HDPE_Plastic,120,2025-11-01
JUG_01761,HDPE_Plastic,120,2025-11-01
JUG_01762,HDPE_Plastic,120,2025-11-01
JUG_01763,HDPE_Plastic,120,2025-11-01
JUG_01764,HDPE_Plastic,120,2025-11-01
JUG_01765,HDPE_Plastic,120,2025-11-01
JUG_01766,HDPE_Plastic,120,2025-11-01
JUG_01767,HDPE_Plastic,120,2025-11-01
JUG_01768,HDPE_Plastic,120,2025-11-01
JUG_01769,HDPE_Plastic,120,2025-11-01
JUG_01770,HDPE_Plastic,120,2025-11-01
JUG_01771,HDPE_Plastic,120,2025-11-01
JUG_01772,HDPE_Plastic,120,2025-11-01
JUG_01773,HDPE_Plastic,120,2025-11-01
JUG_01774,HDPE_Plastic,120,2025-11-01
JUG_01775,HDPE_Plastic,120,2025-11-01
JUG_01776,HDPE_Plastic,120,2025-11-01
JUG_01777,HDPE_Plastic,120,2025-11-01
JUG_01778,HDPE_Plastic,120,2025-11-01
JUG_01779,HDPE_Plastic,120,2025-11-01
JUG_01780,HDPE_Plastic,120,2025-11-01
JUG_01781,HDPE_Plastic,120,2025-11-01
JUG_01782,HDPE_Plastic,120,2025-11-01
JUG_01783,HDPE_Plastic,120,2025-11-01
JUG_01784,HDPE_Plastic,120,2025-11-01
JUG_01785,HDPE_Plastic,120,2025-11-01
JUG_01786,HDPE_Plastic,120,2025-11-01
JUG_01787,HDPE_Plastic,120,2025-11-01
JUG_01788,HDPE_Plastic,120,2025-11-01
JUG_01789,HDPE_Plastic,120,2025-11-01
JUG_01790,HDPE_Plastic,120,2025-11-01
JUG_01791,HDPE_Plastic,120,2025-11-01
JUG_01792,HDPE_Plastic,120,2025-11-01
JUG_01793,HDPE_Plastic,120,2025-11-01
JUG_01794,HDPE_Plastic,120,2025-11-01
JUG_01795,HDPE_Plastic,120,2025-11-01
JUG_01796,HDPE_Plastic,120,2025-11-01
JUG_01797,HDPE_Plastic,120,2025-11-01
JUG_01798,HDPE_Plastic,120,2025-11-01
JUG_01799,HDPE_Plastic,120,2025-11-01
JUG_01800,HDPE_Plastic,120,2025-11-01
JUG_01801,HDPE_Plastic,120,2025-11-01
JUG_01802,HDPE_Plastic,120,2025-11-01
JUG_01803,HDPE_Plastic,120,2025-11-01
JUG_01804,HDPE_Plastic,120,2025-11-01
JUG_01805,HDPE_Plastic,120,2025-11-01
JUG_01806,HDPE_Plastic,120,2025-11-01
JUG_01807,HDPE_Plastic,120,2025-11-01
JUG_01808,HDPE_Plastic,120,2025-11-01
JUG_01809,HDPE_Plastic,120,2025-11-01
JUG_01810,HDPE_Plastic,120,2025-11-01
JUG_01811,HDPE_Plastic,120,2025-11-01
JUG_01812,HDPE_Plastic,120,2025-11-01
JUG_01813,HDPE_Plastic,120,2025-11-01
JUG_01814,HDPE_Plastic,120,2025-11-01
JUG_01815,HDPE_Plastic,120,2025-11-01
JUG_01816,HDPE_Plastic,120,2025-11-01
JUG_01817,HDPE_Plastic,120,2025-11-01
JUG_01818,HDPE_Plastic,120,2025-11-01
JUG_01819,HDPE_Plastic,120,2025-11-01
JUG_01820,HDPE_Plastic,120,2025-11-01
JUG_01821,HDPE_Plastic,120,2025-11-01
JUG_01822,HDPE_Plastic,120,2025-11-01
JUG_01823,HDPE_Plastic,120,2025-11-01
JUG_01824,HDPE_Plastic,120,2025-11-01
JUG_01825,HDPE_Plastic,120,2025-11-01
JUG_01826,HDPE_Plastic,120,2025-11-01
JUG_01827,HDPE_Plastic,120,2025-11-01
JUG_01828,HDPE_Plastic,120,2025-11-01
JUG_01829,HDPE_Plastic,120,2025-11-01
JUG_01830,HDPE_Plastic,120,2025-11-01
JUG_01831,HDPE_Plastic,120,2025-11-01
JUG_01832,HDPE_Plastic,120,2025-11-01
JUG_01833,HDPE_Plastic,120,2025-11-01
JUG_01834,HDPE_Plastic,120,2025-11-01
JUG_01835,HDPE_Plastic,120,2025-11-01
JUG_01836,HDPE_Plastic,120,2025-11-01
JUG_01837,HDPE_Plastic,120,2025-11-01
JUG_01838,HDPE_Plastic,120,2025-11-01
JUG_01839,HDPE_Plastic,120,2025-11-01
JUG_01840,HDPE_Plastic,120,2025-11-01
JUG_01841,HDPE_Plastic,120,2025-11-01
JUG_01842,HDPE_Plastic,120,2025-11-01
JUG_01843,HDPE_Plastic,120,2025-11-01
JUG_01844,HDPE_Plastic,120,2025-11-01
JUG_01845,HDPE_Plastic,120,2025-11-01
JUG_01846,HDPE_Plastic,120,2025-11-01
JUG_01847,HDPE_Plastic,120,2025-11-01
JUG_01848,HDPE_Plastic,120,2025-11-01
JUG_01849,HDPE_Plastic,120,2025-11-01
JUG_01850,HDPE_Plastic,120,2025-11-01
JUG_01851,HDPE_Plastic,120,2025-11-01
JUG_01852,HDPE_Plastic,120,2025-11-01
JUG_01853,HDPE_Plastic,120,2025-11-01
JUG_01854,HDPE_Plastic,120,2025-11-01
JUG_01855,HDPE_Plastic,120,2025-11-01
JUG_01856,HDPE_Plastic,120,2025-11-01
JUG_01857,HDPE_Plastic,120,2025-11-01
JUG_01858,HDPE_Plastic,120,2025-11-01
JUG_01859,HDPE_Plastic,120,2025-11-01
JUG_01860,HDPE_Plastic,120,2025-11-01
JUG_01861,HDPE_Plastic,120,2025-11-01
JUG_01862,HDPE_Plastic,120,2025-11-01
JUG_01863,HDPE_Plastic,120,2025-11-01
JUG_01864,HDPE_Plastic,120,2025-11-01
JUG_01865,HDPE_Plastic,120,2025-11-01
JUG_01866,HDPE_Plastic,120,2025-11-01
JUG_01867,HDPE_Plastic,120,2025-11-01
JUG_01868,HDPE_Plastic,120,2025-11-01
JUG_01869,HDPE_Plastic,120,2025-11-01
JUG_01870,HDPE_Plastic,120,2025-11-01
JUG_01871,HDPE_Plastic,120,2025-11-01
JUG_01872,HDPE_Plastic,120,2025-11-01
JUG_01873,HDPE_Plastic,120,2025-11-01
JUG_01874,HDPE_Plastic,120,2025-11-01
JUG_01875,HDPE_Plastic,120,2025-11-01
JUG_01876,HDPE_Plastic,120,2025-11-01
JUG_01877,HDPE_Plastic,120,2025-11-01
JUG_01878,HDPE_Plastic,120,2025-11-01
JUG_01879,HDPE_Plastic,120,2025-11-01
JUG_01880,HDPE_Plastic,120,2025-11-01
JUG_01881,HDPE_Plastic,120,2025-11-01
JUG_01882,HDPE_Plastic,120,2025-11-01
JUG_01883,HDPE_Plastic,120,2025-11-01
JUG_01884,HDPE_Plastic,120,2025-11-01
JUG_01885,HDPE_Plastic,120,2025-11-01
JUG_01886,HDPE_Plastic,120,2025-11-01
JUG_01887,HDPE_Plastic,120,2025-11-01
JUG_01888,HDPE_Plastic,120,2025-11-01
JUG_01889,HDPE_Plastic,120,2025-11-01
JUG_01890,HDPE_Plastic,120,2025-11-01
JUG_01891,HDPE_Plastic,120,2025-11-01
JUG_01892,HDPE_Plastic,120,2025-11-01
JUG_01893,HDPE_Plastic,120,2025-11-01
JUG_01894,HDPE_Plastic,120,2025-11-01
JUG_01895,HDPE_Plastic,120,2025-11-01
JUG_01896,HDPE_Plastic,120,2025-11-01
JUG_01897,HDPE_Plastic,120,2025-11-01
JUG_01898,HDPE_Plastic,120,2025-11-01
JUG_01899,HDPE_Plastic,120,2025-11-01
JUG_01900,HDPE_Plastic,120,2025-11-01
JUG_01901,HDPE_Plastic,120,2025-11-01
JUG_01902,HDPE_Plastic,120,2025-11-01
JUG_01903,HDPE_Plastic,120,2025-11-01
JUG_01904,HDPE_Plastic,120,2025-11-01
JUG_01905,HDPE_Plastic,120,2025-11-01
JUG_01906,HDPE_Plastic,120,2025-11-01
JUG_01907,HDPE_Plastic,120,2025-11-01
JUG_01908,HDPE_Plastic,120,2025-11-01
JUG_01909,HDPE_Plastic,120,2025-11-01
JUG_01910,HDPE_Plastic,120,2025-11-01
JUG_01911,HDPE_Plastic,120,2025-11-01
JUG_01912,HDPE_Plastic,120,2025-11-01
JUG_01913,HDPE_Plastic,120,2025-11-01
JUG_01914,HDPE_Plastic,120,2025-11-01
JUG_01915,HDPE_Plastic,120,2025-11-01
JUG_01916,HDPE_Plastic,120,2025-11-01
JUG_01917,HDPE_Plastic,120,2025-11-01
JUG_01918,HDPE_Plastic,120,2025-11-01
JUG_01919,HDPE_Plastic,120,2025-11-01
JUG_01920,HDPE_Plastic,120,2025-11-01
JUG_01921,HDPE_Plastic,120,2025-11-01
JUG_01922,HDPE_Plastic,120,2025-11-01
JUG_01923,HDPE_Plastic,120,2025-11-01
JUG_01924,HDPE_Plastic,120,2025-11-01
JUG_01925,HDPE_Plastic,120,2025-11-01
JUG_01926,HDPE_Plastic,120,2025-11-01
JUG_01927,HDPE_Plastic,120,2025-11-01
JUG_01928,HDPE_Plastic,120,2025-11-01
JUG_01929,HDPE_Plastic,120,2025-11-01
JUG_01930,HDPE_Plastic,120,2025-11-01
JUG_01931,HDPE_Plastic,120,2025-11-01
JUG_01932,HDPE_Plastic,120,2025-11-01
JUG_01933,HDPE_Plastic,120,2025-11-01
JUG_01934,HDPE_Plastic,120,2025-11-01
JUG_01935,HDPE_Plastic,120,2025-11-01
JUG_01936,HDPE_Plastic,120,2025-11-01
JUG_01937,HDPE_Plastic,120,2025-11-01
JUG_01938,HDPE_Plastic,120,2025-11-01
JUG_01939,HDPE_Plastic,120,2025-11-01
JUG_01940,HDPE_Plastic,120,2025-11-01
JUG_01941,HDPE_Plastic,120,2025-11-01
JUG_01942,HDPE_Plastic,120,2025-11-01
JUG_01943,HDPE_Plastic,120,2025-11-01
JUG_01944,HDPE_Plastic,120,2025-11-01
JUG_01945,HDPE_Plastic,120,2025-11-01
JUG_01946,HDPE_Plastic,120,2025-11-01
JUG_01947,HDPE_Plastic,120,2025-11-01
JUG_01948,HDPE_Plastic,120,2025-11-01
JUG_01949,HDPE_Plastic,120,2025-11-01
JUG_01950,HDPE_Plastic,120,2025-11-01
JUG_01951,HDPE_Plastic,120,2025-11-01
JUG_01952,HDPE_Plastic,120,2025-11-01
JUG_01953,HDPE_Plastic,120,2025-11-01
JUG_01954,HDPE_Plastic,120,2025-11-01
JUG_01955,HDPE_Plastic,120,2025-11-01
JUG_01956,HDPE_Plastic,120,2025-11-01
JUG_01957,HDPE_Plastic,120,2025-11-01
JUG_01958,HDPE_Plastic,120,2025-11-01
JUG_01959,HDPE_Plastic,120,2025-11-01
JUG_01960,HDPE_Plastic,120,2025-11-01
JUG_01961,HDPE_Plastic,120,2025-11-01
JUG_01962,HDPE_Plastic,120,2025-11-01
JUG_01963,HDPE_Plastic,120,2025-11-01
JUG_01964,HDPE_Plastic,120,2025-11-01
JUG_01965,HDPE_Plastic,120,2025-11-01
JUG_01966,HDPE_Plastic,120,2025-11-01
JUG_01967,HDPE_Plastic,120,2025-11-01
JUG_01968,HDPE_Plastic,120,2025-11-01
JUG_01969,HDPE_Plastic,120,2025-11-01
JUG_01970,HDPE_Plastic,120,2025-11-01
JUG_01971,HDPE_Plastic,120,2025-11-01
JUG_01972,HDPE_Plastic,120,2025-11-01
JUG_01973,HDPE_Plastic,120,2025-11-01
JUG_01974,HDPE_Plastic,120,2025-11-01
JUG_01975,HDPE_Plastic,120,2025-11-01
JUG_01976,HDPE_Plastic,120,2025-11-01
JUG_01977,HDPE_Plastic,120,2025-11-01
JUG_01978,HDPE_Plastic,120,2025-11-01
JUG_01979,HDPE_Plastic,120,2025-11-01
JUG_01980,HDPE_Plastic,120,2025-11-01
JUG_01981,HDPE_Plastic,120,2025-11-01
JUG_01982,HDPE_Plastic,120,2025-11-01
JUG_01983,HDPE_Plastic,120,2025-11-01
JUG_01984,HDPE_Plastic,120,2025-11-01
JUG_01985,HDPE_Plastic,120,2025-11-01
JUG_01986,HDPE_Plastic,120,2025-11-01
JUG_01987,HDPE_Plastic,120,2025-11-01
JUG_01988,HDPE_Plastic,120,2025-11-01
JUG_01989,HDPE_Plastic,120,2025-11-01
JUG_01990,HDPE_Plastic,120,2025-11-01
JUG_01991,HDPE_Plastic,120,2025-11-01
JUG_01992,HDPE_Plastic,120,2025-11-01
JUG_01993,HDPE_Plastic,120,2025-11-01
JUG_01994,HDPE_Plastic,120,2025-11-01
JUG_01995,HDPE_Plastic,120,2025-11-01
JUG_01996,HDPE_Plastic,120,2025-11-01
JUG_01997,HDPE_Plastic,120,2025-11-01
JUG_01998,HDPE_Plastic,120,2025-11-01
JUG_01999,HDPE_Plastic,120,2025-11-01
JUG_02000,HDPE_Plastic,120,2025-11-01
JUG_02001,HDPE_Plastic,120,2025-11-01
JUG_02002,HDPE_Plastic,120,2025-11-01
JUG_02003,HDPE_Plastic,120,2025-11-01
JUG_02004,HDPE_Plastic,120,2025-11-01
JUG_02005,HDPE_Plastic,120,2025-11-01
JUG_02006,HDPE_Plastic,120,2025-11-01
JUG_02007,HDPE_Plastic,120,2025-11-01
JUG_02008,HDPE_Plastic,120,2025-11-01
JUG_02009,HDPE_Plastic,120,2025-11-01
JUG_02010,HDPE_Plastic,120,2025-11-01
JUG_02011,HDPE_Plastic,120,2025-11-01
JUG_02012,HDPE_Plastic,120,2025-11-01
JUG_02013,HDPE_Plastic,120,2025-11-01
JUG_02014,HDPE_Plastic,120,2025-11-01
JUG_02015,HDPE_Plastic,120,2025-11-01
JUG_02016,HDPE_Plastic,120,2025-11-01
JUG_02017,HDPE_Plastic,120,2025-11-01
JUG_02018,HDPE_Plastic,120,2025-11-01
JUG_02019,HDPE_Plastic,120,2025-11-01
JUG_02020,HDPE_Plastic,120,2025-11-01
JUG_02021,HDPE_Plastic,120,2025-11-01
JUG_02022,HDPE_Plastic,120,2025-11-01
JUG_02023,HDPE_Plastic,120,2025-11-01
JUG_02024,HDPE_Plastic,120,2025-11-01
JUG_02025,HDPE_Plastic,120,2025-11-01
JUG_02026,HDPE_Plastic,120,2025-11-01
JUG_02027,HDPE_Plastic,120,2025-11-01
JUG_02028,HDPE_Plastic,120,2025-11-01
JUG_02029,HDPE_Plastic,120,2025-11-01
JUG_02030,HDPE_Plastic,120,2025-11-01
JUG_02031,HDPE_Plastic,120,2025-11-01
JUG_02032,HDPE_Plastic,120,2025-11-01
JUG_02033,HDPE_Plastic,120,2025-11-01
JUG_02034,HDPE_Plastic,120,2025-11-01
JUG_02035,HDPE_Plastic,120,2025-11-01
JUG_02036,HDPE_Plastic,120,2025-11-01
JUG_02037,HDPE_Plastic,120,2025-11-01
JUG_02038,HDPE_Plastic,120,2025-11-01
JUG_02039,HDPE_Plastic,120,2025-11-01
JUG_02040,HDPE_Plastic,120,2025-11-01
JUG_02041,HDPE_Plastic,120,2025-11-01
JUG_02042,HDPE_Plastic,120,2025-11-01
JUG_02043,HDPE_Plastic,120,2025-11-01
JUG_02044,HDPE_Plastic,120,2025-11-01
JUG_02045,HDPE_Plastic,120,2025-11-01
JUG_02046,HDPE_Plastic,120,2025-11-01
JUG_02047,HDPE_Plastic,120,2025-11-01
JUG_02048,HDPE_Plastic,120,2025-11-01
JUG_02049,HDPE_Plastic,120,2025-11-01
JUG_02050,HDPE_Plastic,120,2025-11-01
JUG_02051,HDPE_Plastic,120,2025-11-01
JUG_02052,HDPE_Plastic,120,2025-11-01
JUG_02053,HDPE_Plastic,120,2025-11-01
JUG_02054,HDPE_Plastic,120,2025-11-01
JUG_02055,HDPE_Plastic,120,2025-11-01
JUG_02056,HDPE_Plastic,120,2025-11-01
JUG_02057,HDPE_Plastic,120,2025-11-01
JUG_02058,HDPE_Plastic,120,2025-11-01
JUG_02059,HDPE_Plastic,120,2025-11-01
JUG_02060,HDPE_Plastic,120,2025-11-01
JUG_02061,HDPE_Plastic,120,2025-11-01
JUG_02062,HDPE_Plastic,120,2025-11-01
JUG_02063,HDPE_Plastic,120,2025-11-01
JUG_02064,HDPE_Plastic,120,2025-11-01
JUG_02065,HDPE_Plastic,120,2025-11-01
JUG_02066,HDPE_Plastic,120,2025-11-01
JUG_02067,HDPE_Plastic,120,2025-11-01
JUG_02068,HDPE_Plastic,120,2025-11-01
JUG_02069,HDPE_Plastic,120,2025-11-01
JUG_02070,HDPE_Plastic,120,2025-11-01
JUG_02071,HDPE_Plastic,120,2025-11-01
JUG_02072,HDPE_Plastic,120,2025-11-01
JUG_02073,HDPE_Plastic,120,2025-11-01
JUG_02074,HDPE_Plastic,120,2025-11-01
JUG_02075,HDPE_Plastic,120,2025-11-01
JUG_02076,HDPE_Plastic,120,2025-11-01
JUG_02077,HDPE_Plastic,120,2025-11-01
JUG_02078,HDPE_Plastic,120,2025-11-01
JUG_02079,HDPE_Plastic,120,2025-11-01
JUG_02080,HDPE_Plastic,120,2025-11-01
JUG_02081,HDPE_Plastic,120,2025-11-01
JUG_02082,HDPE_Plastic,120,2025-11-01
JUG_02083,HDPE_Plastic,120,2025-11-01
JUG_02084,HDPE_Plastic,120,2025-11-01
JUG_02085,HDPE_Plastic,120,2025-11-01
JUG_02086,HDPE_Plastic,120,2025-11-01
JUG_02087,HDPE_Plastic,120,2025-11-01
JUG_02088,HDPE_Plastic,120,2025-11-01
JUG_02089,HDPE_Plastic,120,2025-11-01
JUG_02090,HDPE_Plastic,120,2025-11-01
JUG_02091,HDPE_Plastic,120,2025-11-01
JUG_02092,HDPE_Plastic,120,2025-11-01
JUG_02093,HDPE_Plastic,120,2025-11-01
JUG_02094,HDPE_Plastic,120,2025-11-01
JUG_02095,HDPE_Plastic,120,2025-11-01
JUG_02096,HDPE_Plastic,120,2025-11-01
JUG_02097,HDPE_Plastic,120,2025-11-01
JUG_02098,HDPE_Plastic,120,2025-11-01
JUG_02099,HDPE_Plastic,120,2025-11-01
JUG_02100,HDPE_Plastic,120,2025-11-01
JUG_02101,HDPE_Plastic,120,2025-11-01
JUG_02102,HDPE_Plastic,120,2025-11-01
JUG_02103,HDPE_Plastic,120,2025-11-01
JUG_02104,HDPE_Plastic,120,2025-11-01
JUG_02105,HDPE_Plastic,120,2025-11-01
JUG_02106,HDPE_Plastic,120,2025-11-01
JUG_02107,HDPE_Plastic,120,2025-11-01
JUG_02108,HDPE_Plastic,120,2025-11-01
JUG_02109,HDPE_Plastic,120,2025-11-01
JUG_02110,HDPE_Plastic,120,2025-11-01
JUG_02111,HDPE_Plastic,120,2025-11-01
JUG_02112,HDPE_Plastic,120,2025-11-01
JUG_02113,HDPE_Plastic,120,2025-11-01
JUG_02114,HDPE_Plastic,120,2025-11-01
JUG_02115,HDPE_Plastic,120,2025-11-01
JUG_02116,HDPE_Plastic,120,2025-11-01
JUG_02117,HDPE_Plastic,120,2025-11-01
JUG_02118,HDPE_Plastic,120,2025-11-01
JUG_02119,HDPE_Plastic,120,2025-11-01
JUG_02120,HDPE_Plastic,120,2025-11-01
JUG_02121,HDPE_Plastic,120,2025-11-01
JUG_02122,HDPE_Plastic,120,2025-11-01
JUG_02123,HDPE_Plastic,120,2025-11-01
JUG_02124,HDPE_Plastic,120,2025-11-01
JUG_02125,HDPE_Plastic,120,2025-11-01
JUG_02126,HDPE_Plastic,120,2025-11-01
JUG_02127,HDPE_Plastic,120,2025-11-01
JUG_02128,HDPE_Plastic,120,2025-11-01
JUG_02129,HDPE_Plastic,120,2025-11-01
JUG_02130,HDPE_Plastic,120,2025-11-01
JUG_02131,HDPE_Plastic,120,2025-11-01
JUG_02132,HDPE_Plastic,120,2025-11-01
JUG_02133,HDPE_Plastic,120,2025-11-01
JUG_02134,HDPE_Plastic,120,2025-11-01
JUG_02135,HDPE_Plastic,120,2025-11-01
JUG_02136,HDPE_Plastic,120,2025-11-01
JUG_02137,HDPE_Plastic,120,2025-11-01
JUG_02138,HDPE_Plastic,120,2025-11-01
JUG_02139,HDPE_Plastic,120,2025-11-01
JUG_02140,HDPE_Plastic,120,2025-11-01
JUG_02141,HDPE_Plastic,120,2025-11-01
JUG_02142,HDPE_Plastic,120,2025-11-01
JUG_02143,HDPE_Plastic,120,2025-11-01
JUG_02144,HDPE_Plastic,120,2025-11-01
JUG_02145,HDPE_Plastic,120,2025-11-01
JUG_02146,HDPE_Plastic,120,2025-11-01
JUG_02147,HDPE_Plastic,120,2025-11-01
JUG_02148,HDPE_Plastic,120,2025-11-01
JUG_02149,HDPE_Plastic,120,2025-11-01
JUG_02150,HDPE_Plastic,120,2025-11-01
JUG_02151,HDPE_Plastic,120,2025-11-01
JUG_02152,HDPE_Plastic,120,2025-11-01
JUG_02153,HDPE_Plastic,120,2025-11-01
JUG_02154,HDPE_Plastic,120,2025-11-01
JUG_02155,HDPE_Plastic,120,2025-11-01
JUG_02156,HDPE_Plastic,120,2025-11-01
JUG_02157,HDPE_Plastic,120,2025-11-01
JUG_02158,HDPE_Plastic,120,2025-11-01
JUG_02159,HDPE_Plastic,120,2025-11-01
JUG_02160,HDPE_Plastic,120,2025-11-01
JUG_02161,HDPE_Plastic,120,2025-11-01
JUG_02162,HDPE_Plastic,120,2025-11-01
JUG_02163,HDPE_Plastic,120,2025-11-01
JUG_02164,HDPE_Plastic,120,2025-11-01
JUG_02165,HDPE_Plastic,120,2025-11-01
JUG_02166,HDPE_Plastic,120,2025-11-01
JUG_02167,HDPE_Plastic,120,2025-11-01
JUG_02168,HDPE_Plastic,120,2025-11-01
JUG_02169,HDPE_Plastic,120,2025-11-01
JUG_02170,HDPE_Plastic,120,2025-11-01
JUG_02171,HDPE_Plastic,120,2025-11-01
JUG_02172,HDPE_Plastic,120,2025-11-01
JUG_02173,HDPE_Plastic,120,2025-11-01
JUG_02174,HDPE_Plastic,120,2025-11-01
JUG_02175,HDPE_Plastic,120,2025-11-01
JUG_02176,HDPE_Plastic,120,2025-11-01
JUG_02177,HDPE_Plastic,120,2025-11-01
JUG_02178,HDPE_Plastic,120,2025-11-01
JUG_02179,HDPE_Plastic,120,2025-11-01
JUG_02180,HDPE_Plastic,120,2025-11-01
JUG_02181,HDPE_Plastic,120,2025-11-01
JUG_02182,HDPE_Plastic,120,2025-11-01
JUG_02183,HDPE_Plastic,120,2025-11-01
JUG_02184,HDPE_Plastic,120,2025-11-01
JUG_02185,HDPE_Plastic,120,2025-11-01
JUG_02186,HDPE_Plastic,120,2025-11-01
JUG_02187,HDPE_Plastic,120,2025-11-01
JUG_02188,HDPE_Plastic,120,2025-11-01
JUG_02189,HDPE_Plastic,120,2025-11-01
JUG_02190,HDPE_Plastic,120,2025-11-01
JUG_02191,HDPE_Plastic,120,2025-11-01
JUG_02192,HDPE_Plastic,120,2025-11-01
JUG_02193,HDPE_Plastic,120,2025-11-01
JUG_02194,HDPE_Plastic,120,2025-11-01
JUG_02195,HDPE_Plastic,120,2025-11-01
JUG_02196,HDPE_Plastic,120,2025-11-01
JUG_02197,HDPE_Plastic,120,2025-11-01
JUG_02198,HDPE_Plastic,120,2025-11-01
JUG_02199,HDPE_Plastic,120,2025-11-01
JUG_02200,HDPE_Plastic,120,2025-11-01
JUG_02201,HDPE_Plastic,120,2025-11-01
JUG_02202,HDPE_Plastic,120,2025-11-01
JUG_02203,HDPE_Plastic,120,2025-11-01
JUG_02204,HDPE_Plastic,120,2025-11-01
JUG_02205,HDPE_Plastic,120,2025-11-01
JUG_02206,HDPE_Plastic,120,2025-11-01
JUG_02207,HDPE_Plastic,120,2025-11-01
JUG_02208,HDPE_Plastic,120,2025-11-01
JUG_02209,HDPE_Plastic,120,2025-11-01
JUG_02210,HDPE_Plastic,120,2025-11-01
JUG_02211,HDPE_Plastic,120,2025-11-01
JUG_02212,HDPE_Plastic,120,2025-11-01
JUG_02213,HDPE_Plastic,120,2025-11-01
JUG_02214,HDPE_Plastic,120,2025-11-01
JUG_02215,HDPE_Plastic,120,2025-11-01
JUG_02216,HDPE_Plastic,120,2025-11-01
JUG_02217,HDPE_Plastic,120,2025-11-01
JUG_02218,HDPE_Plastic,120,2025-11-01
JUG_02219,HDPE_Plastic,120,2025-11-01
JUG_02220,HDPE_Plastic,120,2025-11-01
JUG_02221,HDPE_Plastic,120,2025-11-01
JUG_02222,HDPE_Plastic,120,2025-11-01
JUG_02223,HDPE_Plastic,120,2025-11-01
JUG_02224,HDPE_Plastic,120,2025-11-01
JUG_02225,HDPE_Plastic,120,2025-11-01
JUG_02226,HDPE_Plastic,120,2025-11-01
JUG_02227,HDPE_Plastic,120,2025-11-01
JUG_02228,HDPE_Plastic,120,2025-11-01
JUG_02229,HDPE_Plastic,120,2025-11-01
JUG_02230,HDPE_Plastic,120,2025-11-01
JUG_02231,HDPE_Plastic,120,2025-11-01
JUG_02232,HDPE_Plastic,120,2025-11-01
JUG_02233,HDPE_Plastic,120,2025-11-01
JUG_02234,HDPE_Plastic,120,2025-11-01
JUG_02235,HDPE_Plastic,120,2025-11-01
JUG_02236,HDPE_Plastic,120,2025-11-01
JUG_02237,HDPE_Plastic,120,2025-11-01
JUG_02238,HDPE_Plastic,120,2025-11-01
JUG_02239,HDPE_Plastic,120,2025-11-01
JUG_02240,HDPE_Plastic,120,2025-11-01
JUG_02241,HDPE_Plastic,120,2025-11-01
JUG_02242,HDPE_Plastic,120,2025-11-01
JUG_02243,HDPE_Plastic,120,2025-11-01
JUG_02244,HDPE_Plastic,120,2025-11-01
JUG_02245,HDPE_Plastic,120,2025-11-01
JUG_02246,HDPE_Plastic,120,2025-11-01
JUG_02247,HDPE_Plastic,120,2025-11-01
JUG_02248,HDPE_Plastic,120,2025-11-01
JUG_02249,HDPE_Plastic,120,2025-11-01
JUG_02250,HDPE_Plastic,120,2025-11-01
JUG_02251,HDPE_Plastic,120,2025-11-01
JUG_02252,HDPE_Plastic,120,2025-11-01
JUG_02253,HDPE_Plastic,120,2025-11-01
JUG_02254,HDPE_Plastic,120,2025-11-01
JUG_02255,HDPE_Plastic,120,2025-11-01
JUG_02256,HDPE_Plastic,120,2025-11-01
JUG_02257,HDPE_Plastic,120,2025-11-01
JUG_02258,HDPE_Plastic,120,2025-11-01
JUG_02259,HDPE_Plastic,120,2025-11-01
JUG_02260,HDPE_Plastic,120,2025-11-01
JUG_02261,HDPE_Plastic,120,2025-11-01
JUG_02262,HDPE_Plastic,120,2025-11-01
JUG_02263,HDPE_Plastic,120,2025-11-01
JUG_02264,HDPE_Plastic,120,2025-11-01
JUG_02265,HDPE_Plastic,120,2025-11-01
JUG_02266,HDPE_Plastic,120,2025-11-01
JUG_02267,HDPE_Plastic,120,2025-11-01
JUG_02268,HDPE_Plastic,120,2025-11-01
JUG_02269,HDPE_Plastic,120,2025-11-01
JUG_02270,HDPE_Plastic,120,2025-11-01
JUG_02271,HDPE_Plastic,120,2025-11-01
JUG_02272,HDPE_Plastic,120,2025-11-01
JUG_02273,HDPE_Plastic,120,2025-11-01
JUG_02274,HDPE_Plastic,120,2025-11-01
JUG_02275,HDPE_Plastic,120,2025-11-01
JUG_02276,HDPE_Plastic,120,2025-11-01
JUG_02277,HDPE_Plastic,120,2025-11-01
JUG_02278,HDPE_Plastic,120,2025-11-01
JUG_02279,HDPE_Plastic,120,2025-11-01
JUG_02280,HDPE_Plastic,120,2025-11-01
JUG_02281,HDPE_Plastic,120,2025-11-01
JUG_02282,HDPE_Plastic,120,2025-11-01
JUG_02283,HDPE_Plastic,120,2025-11-01
JUG_02284,HDPE_Plastic,120,2025-11-01
JUG_02285,HDPE_Plastic,120,2025-11-01
JUG_02286,HDPE_Plastic,120,2025-11-01
JUG_02287,HDPE_Plastic,120,2025-11-01
JUG_02288,HDPE_Plastic,120,2025-11-01
JUG_02289,HDPE_Plastic,120,2025-11-01
JUG_02290,HDPE_Plastic,120,2025-11-01
JUG_02291,HDPE_Plastic,120,2025-11-01
JUG_02292,HDPE_Plastic,120,2025-11-01
JUG_02293,HDPE_Plastic,120,2025-11-01
JUG_02294,HDPE_Plastic,120,2025-11-01
JUG_02295,HDPE_Plastic,120,2025-11-01
JUG_02296,HDPE_Plastic,120,2025-11-01
JUG_02297,HDPE_Plastic,120,2025-11-01
JUG_02298,HDPE_Plastic,120,2025-11-01
JUG_02299,HDPE_Plastic,120,2025-11-01
JUG_02300,HDPE_Plastic,120,2025-11-01
JUG_02301,HDPE_Plastic,120,2025-11-01
JUG_02302,HDPE_Plastic,120,2025-11-01
JUG_02303,HDPE_Plastic,120,2025-11-01
JUG_02304,HDPE_Plastic,120,2025-11-01
JUG_02305,HDPE_Plastic,120,2025-11-01
JUG_02306,HDPE_Plastic,120,2025-11-01
JUG_02307,HDPE_Plastic,120,2025-11-01
JUG_02308,HDPE_Plastic,120,2025-11-01
JUG_02309,HDPE_Plastic,120,2025-11-01
JUG_02310,HDPE_Plastic,120,2025-11-01
JUG_02311,HDPE_Plastic,120,2025-11-01
JUG_02312,HDPE_Plastic,120,2025-11-01
JUG_02313,HDPE_Plastic,120,2025-11-01
JUG_02314,HDPE_Plastic,120,2025-11-01
JUG_02315,HDPE_Plastic,120,2025-11-01
JUG_02316,HDPE_Plastic,120,2025-11-01
JUG_02317,HDPE_Plastic,120,2025-11-01
JUG_02318,HDPE_Plastic,120,2025-11-01
JUG_02319,HDPE_Plastic,120,2025-11-01
JUG_02320,HDPE_Plastic,120,2025-11-01
JUG_02321,HDPE_Plastic,120,2025-11-01
JUG_02322,HDPE_Plastic,120,2025-11-01
JUG_02323,HDPE_Plastic,120,2025-11-01
JUG_02324,HDPE_Plastic,120,2025-11-01
JUG_02325,HDPE_Plastic,120,2025-11-01
JUG_02326,HDPE_Plastic,120,2025-11-01
JUG_02327,HDPE_Plastic,120,2025-11-01
JUG_02328,HDPE_Plastic,120,2025-11-01
JUG_02329,HDPE_Plastic,120,2025-11-01
JUG_02330,HDPE_Plastic,120,2025-11-01
JUG_02331,HDPE_Plastic,120,2025-11-01
JUG_02332,HDPE_Plastic,120,2025-11-01
JUG_02333,HDPE_Plastic,120,2025-11-01
JUG_02334,HDPE_Plastic,120,2025-11-01
JUG_02335,HDPE_Plastic,120,2025-11-01
JUG_02336,HDPE_Plastic,120,2025-11-01
JUG_02337,HDPE_Plastic,120,2025-11-01
JUG_02338,HDPE_Plastic,120,2025-11-01
JUG_02339,HDPE_Plastic,120,2025-11-01
JUG_02340,HDPE_Plastic,120,2025-11-01
JUG_02341,HDPE_Plastic,120,2025-11-01
JUG_02342,HDPE_Plastic,120,2025-11-01
JUG_02343,HDPE_Plastic,120,2025-11-01
JUG_02344,HDPE_Plastic,120,2025-11-01
JUG_02345,HDPE_Plastic,120,2025-11-01
JUG_02346,HDPE_Plastic,120,2025-11-01
JUG_02347,HDPE_Plastic,120,2025-11-01
JUG_02348,HDPE_Plastic,120,2025-11-01
JUG_02349,HDPE_Plastic,120,2025-11-01
JUG_02350,HDPE_Plastic,120,2025-11-01
JUG_02351,HDPE_Plastic,120,2025-11-01
JUG_02352,HDPE_Plastic,120,2025-11-01
JUG_02353,HDPE_Plastic,120,2025-11-01
JUG_02354,HDPE_Plastic,120,2025-11-01
JUG_02355,HDPE_Plastic,120,2025-11-01
JUG_02356,HDPE_Plastic,120,2025-11-01
JUG_02357,HDPE_Plastic,120,2025-11-01
JUG_02358,HDPE_Plastic,120,2025-11-01
JUG_02359,HDPE_Plastic,120,2025-11-01
JUG_02360,HDPE_Plastic,120,2025-11-01
JUG_02361,HDPE_Plastic,120,2025-11-01
JUG_02362,HDPE_Plastic,120,2025-11-01
JUG_02363,HDPE_Plastic,120,2025-11-01
JUG_02364,HDPE_Plastic,120,2025-11-01
JUG_02365,HDPE_Plastic,120,2025-11-01
JUG_02366,HDPE_Plastic,120,2025-11-01
JUG_02367,HDPE_Plastic,120,2025-11-01
JUG_02368,HDPE_Plastic,120,2025-11-01
JUG_02369,HDPE_Plastic,120,2025-11-01
JUG_02370,HDPE_Plastic,120,2025-11-01
JUG_02371,HDPE_Plastic,120,2025-11-01
JUG_02372,HDPE_Plastic,120,2025-11-01
JUG_02373,HDPE_Plastic,120,2025-11-01
JUG_02374,HDPE_Plastic,120,2025-11-01
JUG_02375,HDPE_Plastic,120,2025-11-01
JUG_02376,HDPE_Plastic,120,2025-11-01
JUG_02377,HDPE_Plastic,120,2025-11-01
JUG_02378,HDPE_Plastic,120,2025-11-01
JUG_02379,HDPE_Plastic,120,2025-11-01
JUG_02380,HDPE_Plastic,120,2025-11-01
JUG_02381,HDPE_Plastic,120,2025-11-01
JUG_02382,HDPE_Plastic,120,2025-11-01
JUG_02383,HDPE_Plastic,120,2025-11-01
JUG_02384,HDPE_Plastic,120,2025-11-01
JUG_02385,HDPE_Plastic,120,2025-11-01
JUG_02386,HDPE_Plastic,120,2025-11-01
JUG_02387,HDPE_Plastic,120,2025-11-01
JUG_02388,HDPE_Plastic,120,2025-11-01
JUG_02389,HDPE_Plastic,120,2025-11-01
JUG_02390,HDPE_Plastic,120,2025-11-01
JUG_02391,HDPE_Plastic,120,2025-11-01
JUG_02392,HDPE_Plastic,120,2025-11-01
JUG_02393,HDPE_Plastic,120,2025-11-01
JUG_02394,HDPE_Plastic,120,2025-11-01
JUG_02395,HDPE_Plastic,120,2025-11-01
JUG_02396,HDPE_Plastic,120,2025-11-01
JUG_02397,HDPE_Plastic,120,2025-11-01
JUG_02398,HDPE_Plastic,120,2025-11-01
JUG_02399,HDPE_Plastic,120,2025-11-01
JUG_02400,HDPE_Plastic,120,2025-11-01
JUG_02401,HDPE_Plastic,120,2025-11-01
JUG_02402,HDPE_Plastic,120,2025-11-01
JUG_02403,HDPE_Plastic,120,2025-11-01
JUG_02404,HDPE_Plastic,120,2025-11-01
JUG_02405,HDPE_Plastic,120,2025-11-01
JUG_02406,HDPE_Plastic,120,2025-11-01
JUG_02407,HDPE_Plastic,120,2025-11-01
JUG_02408,HDPE_Plastic,120,2025-11-01
JUG_02409,HDPE_Plastic,120,2025-11-01
JUG_02410,HDPE_Plastic,120,2025-11-01
JUG_02411,HDPE_Plastic,120,2025-11-01
JUG_02412,HDPE_Plastic,120,2025-11-01
JUG_02413,HDPE_Plastic,120,2025-11-01
JUG_02414,HDPE_Plastic,120,2025-11-01
JUG_02415,HDPE_Plastic,120,2025-11-01
JUG_02416,HDPE_Plastic,120,2025-11-01
JUG_02417,HDPE_Plastic,120,2025-11-01
JUG_02418,HDPE_Plastic,120,2025-11-01
JUG_02419,HDPE_Plastic,120,2025-11-01
JUG_02420,HDPE_Plastic,120,2025-11-01
JUG_02421,HDPE_Plastic,120,2025-11-01
JUG_02422,HDPE_Plastic,120,2025-11-01
JUG_02423,HDPE_Plastic,120,2025-11-01
JUG_02424,HDPE_Plastic,120,2025-11-01
JUG_02425,HDPE_Plastic,120,2025-11-01
JUG_02426,HDPE_Plastic,120,2025-11-01
JUG_02427,HDPE_Plastic,120,2025-11-01
JUG_02428,HDPE_Plastic,120,2025-11-01
JUG_02429,HDPE_Plastic,120,2025-11-01
JUG_02430,HDPE_Plastic,120,2025-11-01
JUG_02431,HDPE_Plastic,120,2025-11-01
JUG_02432,HDPE_Plastic,120,2025-11-01
JUG_02433,HDPE_Plastic,120,2025-11-01
JUG_02434,HDPE_Plastic,120,2025-11-01
JUG_02435,HDPE_Plastic,120,2025-11-01
JUG_02436,HDPE_Plastic,120,2025-11-01
JUG_02437,HDPE_Plastic,120,2025-11-01
JUG_02438,HDPE_Plastic,120,2025-11-01
JUG_02439,HDPE_Plastic,120,2025-11-01
JUG_02440,HDPE_Plastic,120,2025-11-01
JUG_02441,HDPE_Plastic,120,2025-11-01
JUG_02442,HDPE_Plastic,120,2025-11-01
JUG_02443,HDPE_Plastic,120,2025-11-01
JUG_02444,HDPE_Plastic,120,2025-11-01
JUG_02445,HDPE_Plastic,120,2025-11-01
JUG_02446,HDPE_Plastic,120,2025-11-01
JUG_02447,HDPE_Plastic,120,2025-11-01
JUG_02448,HDPE_Plastic,120,2025-11-01
JUG_02449,HDPE_Plastic,120,2025-11-01
JUG_02450,HDPE_Plastic,120,2025-11-01
JUG_02451,HDPE_Plastic,120,2025-11-01
JUG_02452,HDPE_Plastic,120,2025-11-01
JUG_02453,HDPE_Plastic,120,2025-11-01
JUG_02454,HDPE_Plastic,120,2025-11-01
JUG_02455,HDPE_Plastic,120,2025-11-01
JUG_02456,HDPE_Plastic,120,2025-11-01
JUG_02457,HDPE_Plastic,120,2025-11-01
JUG_02458,HDPE_Plastic,120,2025-11-01
JUG_02459,HDPE_Plastic,120,2025-11-01
JUG_02460,HDPE_Plastic,120,2025-11-01
JUG_02461,HDPE_Plastic,120,2025-11-01
JUG_02462,HDPE_Plastic,120,2025-11-01
JUG_02463,HDPE_Plastic,120,2025-11-01
JUG_02464,HDPE_Plastic,120,2025-11-01
JUG_02465,HDPE_Plastic,120,2025-11-01
JUG_02466,HDPE_Plastic,120,2025-11-01
JUG_02467,HDPE_Plastic,120,2025-11-01
JUG_02468,HDPE_Plastic,120,2025-11-01
JUG_02469,HDPE_Plastic,120,2025-11-01
JUG_02470,HDPE_Plastic,120,2025-11-01
JUG_02471,HDPE_Plastic,120,2025-11-01
JUG_02472,HDPE_Plastic,120,2025-11-01
JUG_02473,HDPE_Plastic,120,2025-11-01
JUG_02474,HDPE_Plastic,120,2025-11-01
JUG_02475,HDPE_Plastic,120,2025-11-01
JUG_02476,HDPE_Plastic,120,2025-11-01
JUG_02477,HDPE_Plastic,120,2025-11-01
JUG_02478,HDPE_Plastic,120,2025-11-01
JUG_02479,HDPE_Plastic,120,2025-11-01
JUG_02480,HDPE_Plastic,120,2025-11-01
JUG_02481,HDPE_Plastic,120,2025-11-01
JUG_02482,HDPE_Plastic,120,2025-11-01
JUG_02483,HDPE_Plastic,120,2025-11-01
JUG_02484,HDPE_Plastic,120,2025-11-01
JUG_02485,HDPE_Plastic,120,2025-11-01
JUG_02486,HDPE_Plastic,120,2025-11-01
JUG_02487,HDPE_Plastic,120,2025-11-01
JUG_02488,HDPE_Plastic,120,2025-11-01
JUG_02489,HDPE_Plastic,120,2025-11-01
JUG_02490,HDPE_Plastic,120,2025-11-01
JUG_02491,HDPE_Plastic,120,2025-11-01
JUG_02492,HDPE_Plastic,120,2025-11-01
JUG_02493,HDPE_Plastic,120,2025-11-01
JUG_02494,HDPE_Plastic,120,2025-11-01
JUG_02495,HDPE_Plastic,120,2025-11-01
JUG_02496,HDPE_Plastic,120,2025-11-01
JUG_02497,HDPE_Plastic,120,2025-11-01
JUG_02498,HDPE_Plastic,120,2025-11-01
JUG_02499,HDPE_Plastic,120,2025-11-01
JUG_02500,HDPE_Plastic,120,2025-11-01
JUG_02501,HDPE_Plastic,120,2025-11-01
JUG_02502,HDPE_Plastic,120,2025-11-01
JUG_02503,HDPE_Plastic,120,2025-11-01
JUG_02504,HDPE_Plastic,120,2025-11-01
JUG_02505,HDPE_Plastic,120,2025-11-01
JUG_02506,HDPE_Plastic,120,2025-11-01
JUG_02507,HDPE_Plastic,120,2025-11-01
JUG_02508,HDPE_Plastic,120,2025-11-01
JUG_02509,HDPE_Plastic,120,2025-11-01
JUG_02510,HDPE_Plastic,120,2025-11-01
JUG_02511,HDPE_Plastic,120,2025-11-01
JUG_02512,HDPE_Plastic,120,2025-11-01
JUG_02513,HDPE_Plastic,120,2025-11-01
JUG_02514,HDPE_Plastic,120,2025-11-01
JUG_02515,HDPE_Plastic,120,2025-11-01
JUG_02516,HDPE_Plastic,120,2025-11-01
JUG_02517,HDPE_Plastic,120,2025-11-01
JUG_02518,HDPE_Plastic,120,2025-11-01
JUG_02519,HDPE_Plastic,120,2025-11-01
JUG_02520,HDPE_Plastic,120,2025-11-01
JUG_02521,HDPE_Plastic,120,2025-11-01
JUG_02522,HDPE_Plastic,120,2025-11-01
JUG_02523,HDPE_Plastic,120,2025-11-01
JUG_02524,HDPE_Plastic,120,2025-11-01
JUG_02525,HDPE_Plastic,120,2025-11-01
JUG_02526,HDPE_Plastic,120,2025-11-01
JUG_02527,HDPE_Plastic,120,2025-11-01
JUG_02528,HDPE_Plastic,120,2025-11-01
JUG_02529,HDPE_Plastic,120,2025-11-01
JUG_02530,HDPE_Plastic,120,2025-11-01
JUG_02531,HDPE_Plastic,120,2025-11-01
JUG_02532,HDPE_Plastic,120,2025-11-01
JUG_02533,HDPE_Plastic,120,2025-11-01
JUG_02534,HDPE_Plastic,120,2025-11-01
JUG_02535,HDPE_Plastic,120,2025-11-01
JUG_02536,HDPE_Plastic,120,2025-11-01
JUG_02537,HDPE_Plastic,120,2025-11-01
JUG_02538,HDPE_Plastic,120,2025-11-01
JUG_02539,HDPE_Plastic,120,2025-11-01
JUG_02540,HDPE_Plastic,120,2025-11-01
JUG_02541,HDPE_Plastic,120,2025-11-01
JUG_02542,HDPE_Plastic,120,2025-11-01
JUG_02543,HDPE_Plastic,120,2025-11-01
JUG_02544,HDPE_Plastic,120,2025-11-01
JUG_02545,HDPE_Plastic,120,2025-11-01
JUG_02546,HDPE_Plastic,120,2025-11-01
JUG_02547,HDPE_Plastic,120,2025-11-01
JUG_02548,HDPE_Plastic,120,2025-11-01
JUG_02549,HDPE_Plastic,120,2025-11-01
JUG_02550,HDPE_Plastic,120,2025-11-01
JUG_02551,HDPE_Plastic,120,2025-11-01
JUG_02552,HDPE_Plastic,120,2025-11-01
JUG_02553,HDPE_Plastic,120,2025-11-01
JUG_02554,HDPE_Plastic,120,2025-11-01
JUG_02555,HDPE_Plastic,120,2025-11-01
JUG_02556,HDPE_Plastic,120,2025-11-01
JUG_02557,HDPE_Plastic,120,2025-11-01
JUG_02558,HDPE_Plastic,120,2025-11-01
JUG_02559,HDPE_Plastic,120,2025-11-01
JUG_02560,HDPE_Plastic,120,2025-11-01
JUG_02561,HDPE_Plastic,120,2025-11-01
JUG_02562,HDPE_Plastic,120,2025-11-01
JUG_02563,HDPE_Plastic,120,2025-11-01
JUG_02564,HDPE_Plastic,120,2025-11-01
JUG_02565,HDPE_Plastic,120,2025-11-01
JUG_02566,HDPE_Plastic,120,2025-11-01
JUG_02567,HDPE_Plastic,120,2025-11-01
JUG_02568,HDPE_Plastic,120,2025-11-01
JUG_02569,HDPE_Plastic,120,2025-11-01
JUG_02570,HDPE_Plastic,120,2025-11-01
JUG_02571,HDPE_Plastic,120,2025-11-01
JUG_02572,HDPE_Plastic,120,2025-11-01
JUG_02573,HDPE_Plastic,120,2025-11-01
JUG_02574,HDPE_Plastic,120,2025-11-01
JUG_02575,HDPE_Plastic,120,2025-11-01
JUG_02576,HDPE_Plastic,120,2025-11-01
JUG_02577,HDPE_Plastic,120,2025-11-01
JUG_02578,HDPE_Plastic,120,2025-11-01
JUG_02579,HDPE_Plastic,120,2025-11-01
JUG_02580,HDPE_Plastic,120,2025-11-01
JUG_02581,HDPE_Plastic,120,2025-11-01
JUG_02582,HDPE_Plastic,120,2025-11-01
JUG_02583,HDPE_Plastic,120,2025-11-01
JUG_02584,HDPE_Plastic,120,2025-11-01
JUG_02585,HDPE_Plastic,120,2025-11-01
JUG_02586,HDPE_Plastic,120,2025-11-01
JUG_02587,HDPE_Plastic,120,2025-11-01
JUG_02588,HDPE_Plastic,120,2025-11-01
JUG_02589,HDPE_Plastic,120,2025-11-01
JUG_02590,HDPE_Plastic,120,2025-11-01
JUG_02591,HDPE_Plastic,120,2025-11-01
JUG_02592,HDPE_Plastic,120,2025-11-01
JUG_02593,HDPE_Plastic,120,2025-11-01
JUG_02594,HDPE_Plastic,120,2025-11-01
JUG_02595,HDPE_Plastic,120,2025-11-01
JUG_02596,HDPE_Plastic,120,2025-11-01
JUG_02597,HDPE_Plastic,120,2025-11-01
JUG_02598,HDPE_Plastic,120,2025-11-01
JUG_02599,HDPE_Plastic,120,2025-11-01
JUG_02600,HDPE_Plastic,120,2025-11-01
JUG_02601,HDPE_Plastic,120,2025-11-01
JUG_02602,HDPE_Plastic,120,2025-11-01
JUG_02603,HDPE_Plastic,120,2025-11-01
JUG_02604,HDPE_Plastic,120,2025-11-01
JUG_02605,HDPE_Plastic,120,2025-11-01
JUG_02606,HDPE_Plastic,120,2025-11-01
JUG_02607,HDPE_Plastic,120,2025-11-01
JUG_02608,HDPE_Plastic,120,2025-11-01
JUG_02609,HDPE_Plastic,120,2025-11-01
JUG_02610,HDPE_Plastic,120,2025-11-01
JUG_02611,HDPE_Plastic,120,2025-11-01
JUG_02612,HDPE_Plastic,120,2025-11-01
JUG_02613,HDPE_Plastic,120,2025-11-01
JUG_02614,HDPE_Plastic,120,2025-11-01
JUG_02615,HDPE_Plastic,120,2025-11-01
JUG_02616,HDPE_Plastic,120,2025-11-01
JUG_02617,HDPE_Plastic,120,2025-11-01
JUG_02618,HDPE_Plastic,120,2025-11-01
JUG_02619,HDPE_Plastic,120,2025-11-01
JUG_02620,HDPE_Plastic,120,2025-11-01
JUG_02621,HDPE_Plastic,120,2025-11-01
JUG_02622,HDPE_Plastic,120,2025-11-01
JUG_02623,HDPE_Plastic,120,2025-11-01
JUG_02624,HDPE_Plastic,120,2025-11-01
JUG_02625,HDPE_Plastic,120,2025-11-01
JUG_02626,HDPE_Plastic,120,2025-11-01
JUG_02627,HDPE_Plastic,120,2025-11-01
JUG_02628,HDPE_Plastic,120,2025-11-01
JUG_02629,HDPE_Plastic,120,2025-11-01
JUG_02630,HDPE_Plastic,120,2025-11-01
JUG_02631,HDPE_Plastic,120,2025-11-01
JUG_02632,HDPE_Plastic,120,2025-11-01
JUG_02633,HDPE_Plastic,120,2025-11-01
JUG_02634,HDPE_Plastic,120,2025-11-01
JUG_02635,HDPE_Plastic,120,2025-11-01
JUG_02636,HDPE_Plastic,120,2025-11-01
JUG_02637,HDPE_Plastic,120,2025-11-01
JUG_02638,HDPE_Plastic,120,2025-11-01
JUG_02639,HDPE_Plastic,120,2025-11-01
JUG_02640,HDPE_Plastic,120,2025-11-01
JUG_02641,HDPE_Plastic,120,2025-11-01
JUG_02642,HDPE_Plastic,120,2025-11-01
JUG_02643,HDPE_Plastic,120,2025-11-01
JUG_02644,HDPE_Plastic,120,2025-11-01
JUG_02645,HDPE_Plastic,120,2025-11-01
JUG_02646,HDPE_Plastic,120,2025-11-01
JUG_02647,HDPE_Plastic,120,2025-11-01
JUG_02648,HDPE_Plastic,120,2025-11-01
JUG_02649,HDPE_Plastic,120,2025-11-01
JUG_02650,HDPE_Plastic,120,2025-11-01
JUG_02651,HDPE_Plastic,120,2025-11-01
JUG_02652,HDPE_Plastic,120,2025-11-01
JUG_02653,HDPE_Plastic,120,2025-11-01
JUG_02654,HDPE_Plastic,120,2025-11-01
JUG_02655,HDPE_Plastic,120,2025-11-01
JUG_02656,HDPE_Plastic,120,2025-11-01
JUG_02657,HDPE_Plastic,120,2025-11-01
JUG_02658,HDPE_Plastic,120,2025-11-01
JUG_02659,HDPE_Plastic,120,2025-11-01
JUG_02660,HDPE_Plastic,120,2025-11-01
JUG_02661,HDPE_Plastic,120,2025-11-01
JUG_02662,HDPE_Plastic,120,2025-11-01
JUG_02663,HDPE_Plastic,120,2025-11-01
JUG_02664,HDPE_Plastic,120,2025-11-01
JUG_02665,HDPE_Plastic,120,2025-11-01
JUG_02666,HDPE_Plastic,120,2025-11-01
JUG_02667,HDPE_Plastic,120,2025-11-01
JUG_02668,HDPE_Plastic,120,2025-11-01
JUG_02669,HDPE_Plastic,120,2025-11-01
JUG_02670,HDPE_Plastic,120,2025-11-01
JUG_02671,HDPE_Plastic,120,2025-11-01
JUG_02672,HDPE_Plastic,120,2025-11-01
JUG_02673,HDPE_Plastic,120,2025-11-01
JUG_02674,HDPE_Plastic,120,2025-11-01
JUG_02675,HDPE_Plastic,120,2025-11-01
JUG_02676,HDPE_Plastic,120,2025-11-01
JUG_02677,HDPE_Plastic,120,2025-11-01
JUG_02678,HDPE_Plastic,120,2025-11-01
JUG_02679,HDPE_Plastic,120,2025-11-01
JUG_02680,HDPE_Plastic,120,2025-11-01
JUG_02681,HDPE_Plastic,120,2025-11-01
JUG_02682,HDPE_Plastic,120,2025-11-01
JUG_02683,HDPE_Plastic,120,2025-11-01
JUG_02684,HDPE_Plastic,120,2025-11-01
JUG_02685,HDPE_Plastic,120,2025-11-01
JUG_02686,HDPE_Plastic,120,2025-11-01
JUG_02687,HDPE_Plastic,120,2025-11-01
JUG_02688,HDPE_Plastic,120,2025-11-01
JUG_02689,HDPE_Plastic,120,2025-11-01
JUG_02690,HDPE_Plastic,120,2025-11-01
JUG_02691,HDPE_Plastic,120,2025-11-01
JUG_02692,HDPE_Plastic,120,2025-11-01
JUG_02693,HDPE_Plastic,120,2025-11-01
JUG_02694,HDPE_Plastic,120,2025-11-01
JUG_02695,HDPE_Plastic,120,2025-11-01
JUG_02696,HDPE_Plastic,120,2025-11-01
JUG_02697,HDPE_Plastic,120,2025-11-01
JUG_02698,HDPE_Plastic,120,2025-11-01
JUG_02699,HDPE_Plastic,120,2025-11-01
JUG_02700,HDPE_Plastic,120,2025-11-01
JUG_02701,HDPE_Plastic,120,2025-11-01
JUG_02702,HDPE_Plastic,120,2025-11-01
JUG_02703,HDPE_Plastic,120,2025-11-01
JUG_02704,HDPE_Plastic,120,2025-11-01
JUG_02705,HDPE_Plastic,120,2025-11-01
JUG_02706,HDPE_Plastic,120,2025-11-01
JUG_02707,HDPE_Plastic,120,2025-11-01
JUG_02708,HDPE_Plastic,120,2025-11-01
JUG_02709,HDPE_Plastic,120,2025-11-01
JUG_02710,HDPE_Plastic,120,2025-11-01
JUG_02711,HDPE_Plastic,120,2025-11-01
JUG_02712,HDPE_Plastic,120,2025-11-01
JUG_02713,HDPE_Plastic,120,2025-11-01
JUG_02714,HDPE_Plastic,120,2025-11-01
JUG_02715,HDPE_Plastic,120,2025-11-01
JUG_02716,HDPE_Plastic,120,2025-11-01
JUG_02717,HDPE_Plastic,120,2025-11-01
JUG_02718,HDPE_Plastic,120,2025-11-01
JUG_02719,HDPE_Plastic,120,2025-11-01
JUG_02720,HDPE_Plastic,120,2025-11-01
JUG_02721,HDPE_Plastic,120,2025-11-01
JUG_02722,HDPE_Plastic,120,2025-11-01
JUG_02723,HDPE_Plastic,120,2025-11-01
JUG_02724,HDPE_Plastic,120,2025-11-01
JUG_02725,HDPE_Plastic,120,2025-11-01
JUG_02726,HDPE_Plastic,120,2025-11-01
JUG_02727,HDPE_Plastic,120,2025-11-01
JUG_02728,HDPE_Plastic,120,2025-11-01
JUG_02729,HDPE_Plastic,120,2025-11-01
JUG_02730,HDPE_Plastic,120,2025-11-01
JUG_02731,HDPE_Plastic,120,2025-11-01
JUG_02732,HDPE_Plastic,120,2025-11-01
JUG_02733,HDPE_Plastic,120,2025-11-01
JUG_02734,HDPE_Plastic,120,2025-11-01
JUG_02735,HDPE_Plastic,120,2025-11-01
JUG_02736,HDPE_Plastic,120,2025-11-01
JUG_02737,HDPE_Plastic,120,2025-11-01
JUG_02738,HDPE_Plastic,120,2025-11-01
JUG_02739,HDPE_Plastic,120,2025-11-01
JUG_02740,HDPE_Plastic,120,2025-11-01
JUG_02741,HDPE_Plastic,120,2025-11-01
JUG_02742,HDPE_Plastic,120,2025-11-01
JUG_02743,HDPE_Plastic,120,2025-11-01
JUG_02744,HDPE_Plastic,120,2025-11-01
JUG_02745,HDPE_Plastic,120,2025-11-01
JUG_02746,HDPE_Plastic,120,2025-11-01
JUG_02747,HDPE_Plastic,120,2025-11-01
JUG_02748,HDPE_Plastic,120,2025-11-01
JUG_02749,HDPE_Plastic,120,2025-11-01
JUG_02750,HDPE_Plastic,120,2025-11-01
JUG_02751,HDPE_Plastic,120,2025-11-01
JUG_02752,HDPE_Plastic,120,2025-11-01
JUG_02753,HDPE_Plastic,120,2025-11-01
JUG_02754,HDPE_Plastic,120,2025-11-01
JUG_02755,HDPE_Plastic,120,2025-11-01
JUG_02756,HDPE_Plastic,120,2025-11-01
JUG_02757,HDPE_Plastic,120,2025-11-01
JUG_02758,HDPE_Plastic,120,2025-11-01
JUG_02759,HDPE_Plastic,120,2025-11-01
JUG_02760,HDPE_Plastic,120,2025-11-01
JUG_02761,HDPE_Plastic,120,2025-11-01
JUG_02762,HDPE_Plastic,120,2025-11-01
JUG_02763,HDPE_Plastic,120,2025-11-01
JUG_02764,HDPE_Plastic,120,2025-11-01
JUG_02765,HDPE_Plastic,120,2025-11-01
JUG_02766,HDPE_Plastic,120,2025-11-01
JUG_02767,HDPE_Plastic,120,2025-11-01
JUG_02768,HDPE_Plastic,120,2025-11-01
JUG_02769,HDPE_Plastic,120,2025-11-01
JUG_02770,HDPE_Plastic,120,2025-11-01
JUG_02771,HDPE_Plastic,120,2025-11-01
JUG_02772,HDPE_Plastic,120,2025-11-01
JUG_02773,HDPE_Plastic,120,2025-11-01
JUG_02774,HDPE_Plastic,120,2025-11-01
JUG_02775,HDPE_Plastic,120,2025-11-01
JUG_02776,HDPE_Plastic,120,2025-11-01
JUG_02777,HDPE_Plastic,120,2025-11-01
JUG_02778,HDPE_Plastic,120,2025-11-01
JUG_02779,HDPE_Plastic,120,2025-11-01
JUG_02780,HDPE_Plastic,120,2025-11-01
JUG_02781,HDPE_Plastic,120,2025-11-01
JUG_02782,HDPE_Plastic,120,2025-11-01
JUG_02783,HDPE_Plastic,120,2025-11-01
JUG_02784,HDPE_Plastic,120,2025-11-01
JUG_02785,HDPE_Plastic,120,2025-11-01
JUG_02786,HDPE_Plastic,120,2025-11-01
JUG_02787,HDPE_Plastic,120,2025-11-01
JUG_02788,HDPE_Plastic,120,2025-11-01
JUG_02789,HDPE_Plastic,120,2025-11-01
JUG_02790,HDPE_Plastic,120,2025-11-01
JUG_02791,HDPE_Plastic,120,2025-11-01
JUG_02792,HDPE_Plastic,120,2025-11-01
JUG_02793,HDPE_Plastic,120,2025-11-01
JUG_02794,HDPE_Plastic,120,2025-11-01
JUG_02795,HDPE_Plastic,120,2025-11-01
JUG_02796,HDPE_Plastic,120,2025-11-01
JUG_02797,HDPE_Plastic,120,2025-11-01
JUG_02798,HDPE_Plastic,120,2025-11-01
JUG_02799,HDPE_Plastic,120,2025-11-01
JUG_02800,HDPE_Plastic,120,2025-11-01
JUG_02801,HDPE_Plastic,120,2025-11-01
JUG_02802,HDPE_Plastic,120,2025-11-01
JUG_02803,HDPE_Plastic,120,2025-11-01
JUG_02804,HDPE_Plastic,120,2025-11-01
JUG_02805,HDPE_Plastic,120,2025-11-01
JUG_02806,HDPE_Plastic,120,2025-11-01
JUG_02807,HDPE_Plastic,120,2025-11-01
JUG_02808,HDPE_Plastic,120,2025-11-01
JUG_02809,HDPE_Plastic,120,2025-11-01
JUG_02810,HDPE_Plastic,120,2025-11-01
JUG_02811,HDPE_Plastic,120,2025-11-01
JUG_02812,HDPE_Plastic,120,2025-11-01
JUG_02813,HDPE_Plastic,120,2025-11-01
JUG_02814,HDPE_Plastic,120,2025-11-01
JUG_02815,HDPE_Plastic,120,2025-11-01
JUG_02816,HDPE_Plastic,120,2025-11-01
JUG_02817,HDPE_Plastic,120,2025-11-01
JUG_02818,HDPE_Plastic,120,2025-11-01
JUG_02819,HDPE_Plastic,120,2025-11-01
JUG_02820,HDPE_Plastic,120,2025-11-01
JUG_02821,HDPE_Plastic,120,2025-11-01
JUG_02822,HDPE_Plastic,120,2025-11-01
JUG_02823,HDPE_Plastic,120,2025-11-01
JUG_02824,HDPE_Plastic,120,2025-11-01
JUG_02825,HDPE_Plastic,120,2025-11-01
JUG_02826,HDPE_Plastic,120,2025-11-01
JUG_02827,HDPE_Plastic,120,2025-11-01
JUG_02828,HDPE_Plastic,120,2025-11-01
JUG_02829,HDPE_Plastic,120,2025-11-01
JUG_02830,HDPE_Plastic,120,2025-11-01
JUG_02831,HDPE_Plastic,120,2025-11-01
JUG_02832,HDPE_Plastic,120,2025-11-01
JUG_02833,HDPE_Plastic,120,2025-11-01
JUG_02834,HDPE_Plastic,120,2025-11-01
JUG_02835,HDPE_Plastic,120,2025-11-01
JUG_02836,HDPE_Plastic,120,2025-11-01
JUG_02837,HDPE_Plastic,120,2025-11-01
JUG_02838,HDPE_Plastic,120,2025-11-01
JUG_02839,HDPE_Plastic,120,2025-11-01
JUG_02840,HDPE_Plastic,120,2025-11-01
JUG_02841,HDPE_Plastic,120,2025-11-01
JUG_02842,HDPE_Plastic,120,2025-11-01
JUG_02843,HDPE_Plastic,120,2025-11-01
JUG_02844,HDPE_Plastic,120,2025-11-01
JUG_02845,HDPE_Plastic,120,2025-11-01
JUG_02846,HDPE_Plastic,120,2025-11-01
JUG_02847,HDPE_Plastic,120,2025-11-01
JUG_02848,HDPE_Plastic,120,2025-11-01
JUG_02849,HDPE_Plastic,120,2025-11-01
JUG_02850,HDPE_Plastic,120,2025-11-01
JUG_02851,HDPE_Plastic,120,2025-11-01
JUG_02852,HDPE_Plastic,120,2025-11-01
JUG_02853,HDPE_Plastic,120,2025-11-01
JUG_02854,HDPE_Plastic,120,2025-11-01
JUG_02855,HDPE_Plastic,120,2025-11-01
JUG_02856,HDPE_Plastic,120,2025-11-01
JUG_02857,HDPE_Plastic,120,2025-11-01
JUG_02858,HDPE_Plastic,120,2025-11-01
JUG_02859,HDPE_Plastic,120,2025-11-01
JUG_02860,HDPE_Plastic,120,2025-11-01
JUG_02861,HDPE_Plastic,120,2025-11-01
JUG_02862,HDPE_Plastic,120,2025-11-01
JUG_02863,HDPE_Plastic,120,2025-11-01
JUG_02864,HDPE_Plastic,120,2025-11-01
JUG_02865,HDPE_Plastic,120,2025-11-01
JUG_02866,HDPE_Plastic,120,2025-11-01
JUG_02867,HDPE_Plastic,120,2025-11-01
JUG_02868,HDPE_Plastic,120,2025-11-01
JUG_02869,HDPE_Plastic,120,2025-11-01
JUG_02870,HDPE_Plastic,120,2025-11-01
JUG_02871,HDPE_Plastic,120,2025-11-01
JUG_02872,HDPE_Plastic,120,2025-11-01
JUG_02873,HDPE_Plastic,120,2025-11-01
JUG_02874,HDPE_Plastic,120,2025-11-01
JUG_02875,HDPE_Plastic,120,2025-11-01
JUG_02876,HDPE_Plastic,120,2025-11-01
JUG_02877,HDPE_Plastic,120,2025-11-01
JUG_02878,HDPE_Plastic,120,2025-11-01
JUG_02879,HDPE_Plastic,120,2025-11-01
JUG_02880,HDPE_Plastic,120,2025-11-01
JUG_02881,HDPE_Plastic,120,2025-11-01
JUG_02882,HDPE_Plastic,120,2025-11-01
JUG_02883,HDPE_Plastic,120,2025-11-01
JUG_02884,HDPE_Plastic,120,2025-11-01
JUG_02885,HDPE_Plastic,120,2025-11-01
JUG_02886,HDPE_Plastic,120,2025-11-01
JUG_02887,HDPE_Plastic,120,2025-11-01
JUG_02888,HDPE_Plastic,120,2025-11-01
JUG_02889,HDPE_Plastic,120,2025-11-01
JUG_02890,HDPE_Plastic,120,2025-11-01
JUG_02891,HDPE_Plastic,120,2025-11-01
JUG_02892,HDPE_Plastic,120,2025-11-01
JUG_02893,HDPE_Plastic,120,2025-11-01
JUG_02894,HDPE_Plastic,120,2025-11-01
JUG_02895,HDPE_Plastic,120,2025-11-01
JUG_02896,HDPE_Plastic,120,2025-11-01
JUG_02897,HDPE_Plastic,120,2025-11-01
JUG_02898,HDPE_Plastic,120,2025-11-01
JUG_02899,HDPE_Plastic,120,2025-11-01
JUG_02900,HDPE_Plastic,120,2025-11-01
JUG_02901,HDPE_Plastic,120,2025-11-01
JUG_02902,HDPE_Plastic,120,2025-11-01
JUG_02903,HDPE_Plastic,120,2025-11-01
JUG_02904,HDPE_Plastic,120,2025-11-01
JUG_02905,HDPE_Plastic,120,2025-11-01
JUG_02906,HDPE_Plastic,120,2025-11-01
JUG_02907,HDPE_Plastic,120,2025-11-01
JUG_02908,HDPE_Plastic,120,2025-11-01
JUG_02909,HDPE_Plastic,120,2025-11-01
JUG_02910,HDPE_Plastic,120,2025-11-01
JUG_02911,HDPE_Plastic,120,2025-11-01
JUG_02912,HDPE_Plastic,120,2025-11-01
JUG_02913,HDPE_Plastic,120,2025-11-01
JUG_02914,HDPE_Plastic,120,2025-11-01
JUG_02915,HDPE_Plastic,120,2025-11-01
JUG_02916,HDPE_Plastic,120,2025-11-01
JUG_02917,HDPE_Plastic,120,2025-11-01
JUG_02918,HDPE_Plastic,120,2025-11-01
JUG_02919,HDPE_Plastic,120,2025-11-01
JUG_02920,HDPE_Plastic,120,2025-11-01
JUG_02921,HDPE_Plastic,120,2025-11-01
JUG_02922,HDPE_Plastic,120,2025-11-01
JUG_02923,HDPE_Plastic,120,2025-11-01
JUG_02924,HDPE_Plastic,120,2025-11-01
JUG_02925,HDPE_Plastic,120,2025-11-01
JUG_02926,HDPE_Plastic,120,2025-11-01
JUG_02927,HDPE_Plastic,120,2025-11-01
JUG_02928,HDPE_Plastic,120,2025-11-01
JUG_02929,HDPE_Plastic,120,2025-11-01
JUG_02930,HDPE_Plastic,120,2025-11-01
JUG_02931,HDPE_Plastic,120,2025-11-01
JUG_02932,HDPE_Plastic,120,2025-11-01
JUG_02933,HDPE_Plastic,120,2025-11-01
JUG_02934,HDPE_Plastic,120,2025-11-01
JUG_02935,HDPE_Plastic,120,2025-11-01
JUG_02936,HDPE_Plastic,120,2025-11-01
JUG_02937,HDPE_Plastic,120,2025-11-01
JUG_02938,HDPE_Plastic,120,2025-11-01
JUG_02939,HDPE_Plastic,120,2025-11-01
JUG_02940,HDPE_Plastic,120,2025-11-01
JUG_02941,HDPE_Plastic,120,2025-11-01
JUG_02942,HDPE_Plastic,120,2025-11-01
JUG_02943,HDPE_Plastic,120,2025-11-01
JUG_02944,HDPE_Plastic,120,2025-11-01
JUG_02945,HDPE_Plastic,120,2025-11-01
JUG_02946,HDPE_Plastic,120,2025-11-01
JUG_02947,HDPE_Plastic,120,2025-11-01
JUG_02948,HDPE_Plastic,120,2025-11-01
JUG_02949,HDPE_Plastic,120,2025-11-01
JUG_02950,HDPE_Plastic,120,2025-11-01
JUG_02951,HDPE_Plastic,120,2025-11-01
JUG_02952,HDPE_Plastic,120,2025-11-01
JUG_02953,HDPE_Plastic,120,2025-11-01
JUG_02954,HDPE_Plastic,120,2025-11-01
JUG_02955,HDPE_Plastic,120,2025-11-01
JUG_02956,HDPE_Plastic,120,2025-11-01
JUG_02957,HDPE_Plastic,120,2025-11-01
JUG_02958,HDPE_Plastic,120,2025-11-01
JUG_02959,HDPE_Plastic,120,2025-11-01
JUG_02960,HDPE_Plastic,120,2025-11-01
JUG_02961,HDPE_Plastic,120,2025-11-01
JUG_02962,HDPE_Plastic,120,2025-11-01
JUG_02963,HDPE_Plastic,120,2025-11-01
JUG_02964,HDPE_Plastic,120,2025-11-01
JUG_02965,HDPE_Plastic,120,2025-11-01
JUG_02966,HDPE_Plastic,120,2025-11-01
JUG_02967,HDPE_Plastic,120,2025-11-01
JUG_02968,HDPE_Plastic,120,2025-11-01
JUG_02969,HDPE_Plastic,120,2025-11-01
JUG_02970,HDPE_Plastic,120,2025-11-01
JUG_02971,HDPE_Plastic,120,2025-11-01
JUG_02972,HDPE_Plastic,120,2025-11-01
JUG_02973,HDPE_Plastic,120,2025-11-01
JUG_02974,HDPE_Plastic,120,2025-11-01
JUG_02975,HDPE_Plastic,120,2025-11-01
JUG_02976,HDPE_Plastic,120,2025-11-01
JUG_02977,HDPE_Plastic,120,2025-11-01
JUG_02978,HDPE_Plastic,120,2025-11-01
JUG_02979,HDPE_Plastic,120,2025-11-01
JUG_02980,HDPE_Plastic,120,2025-11-01
JUG_02981,HDPE_Plastic,120,2025-11-01
JUG_02982,HDPE_Plastic,120,2025-11-01
JUG_02983,HDPE_Plastic,120,2025-11-01
JUG_02984,HDPE_Plastic,120,2025-11-01
JUG_02985,HDPE_Plastic,120,2025-11-01
JUG_02986,HDPE_Plastic,120,2025-11-01
JUG_02987,HDPE_Plastic,120,2025-11-01
JUG_02988,HDPE_Plastic,120,2025-11-01
JUG_02989,HDPE_Plastic,120,2025-11-01
JUG_02990,HDPE_Plastic,120,2025-11-01
JUG_02991,HDPE_Plastic,120,2025-11-01
JUG_02992,HDPE_Plastic,120,2025-11-01
JUG_02993,HDPE_Plastic,120,2025-11-01
JUG_02994,HDPE_Plastic,120,2025-11-01
JUG_02995,HDPE_Plastic,120,2025-11-01
JUG_02996,HDPE_Plastic,120,2025-11-01
JUG_02997,HDPE_Plastic,120,2025-11-01
JUG_02998,HDPE_Plastic,120,2025-11-01
JUG_02999,HDPE_Plastic,120,2025-11-01
JUG_03000,HDPE_Plastic,120,2025-11-01
JUG_03001,HDPE_Plastic,120,2025-11-01
JUG_03002,HDPE_Plastic,120,2025-11-01
JUG_03003,HDPE_Plastic,120,2025-11-01
JUG_03004,HDPE_Plastic,120,2025-11-01
JUG_03005,HDPE_Plastic,120,2025-11-01
JUG_03006,HDPE_Plastic,120,2025-11-01
JUG_03007,HDPE_Plastic,120,2025-11-01
JUG_03008,HDPE_Plastic,120,2025-11-01
JUG_03009,HDPE_Plastic,120,2025-11-01
JUG_03010,HDPE_Plastic,120,2025-11-01
JUG_03011,HDPE_Plastic,120,2025-11-01
JUG_03012,HDPE_Plastic,120,2025-11-01
JUG_03013,HDPE_Plastic,120,2025-11-01
JUG_03014,HDPE_Plastic,120,2025-11-01
JUG_03015,HDPE_Plastic,120,2025-11-01
JUG_03016,HDPE_Plastic,120,2025-11-01
JUG_03017,HDPE_Plastic,120,2025-11-01
JUG_03018,HDPE_Plastic,120,2025-11-01
JUG_03019,HDPE_Plastic,120,2025-11-01
JUG_03020,HDPE_Plastic,120,2025-11-01
JUG_03021,HDPE_Plastic,120,2025-11-01
JUG_03022,HDPE_Plastic,120,2025-11-01
JUG_03023,HDPE_Plastic,120,2025-11-01
JUG_03024,HDPE_Plastic,120,2025-11-01
JUG_03025,HDPE_Plastic,120,2025-11-01
JUG_03026,HDPE_Plastic,120,2025-11-01
JUG_03027,HDPE_Plastic,120,2025-11-01
JUG_03028,HDPE_Plastic,120,2025-11-01
JUG_03029,HDPE_Plastic,120,2025-11-01
JUG_03030,HDPE_Plastic,120,2025-11-01
JUG_03031,HDPE_Plastic,120,2025-11-01
JUG_03032,HDPE_Plastic,120,2025-11-01
JUG_03033,HDPE_Plastic,120,2025-11-01
JUG_03034,HDPE_Plastic,120,2025-11-01
JUG_03035,HDPE_Plastic,120,2025-11-01
JUG_03036,HDPE_Plastic,120,2025-11-01
JUG_03037,HDPE_Plastic,120,2025-11-01
JUG_03038,HDPE_Plastic,120,2025-11-01
JUG_03039,HDPE_Plastic,120,2025-11-01
JUG_03040,HDPE_Plastic,120,2025-11-01
JUG_03041,HDPE_Plastic,120,2025-11-01
JUG_03042,HDPE_Plastic,120,2025-11-01
JUG_03043,HDPE_Plastic,120,2025-11-01
JUG_03044,HDPE_Plastic,120,2025-11-01
JUG_03045,HDPE_Plastic,120,2025-11-01
JUG_03046,HDPE_Plastic,120,2025-11-01
JUG_03047,HDPE_Plastic,120,2025-11-01
JUG_03048,HDPE_Plastic,120,2025-11-01
JUG_03049,HDPE_Plastic,120,2025-11-01
JUG_03050,HDPE_Plastic,120,2025-11-01
JUG_03051,HDPE_Plastic,120,2025-11-01
JUG_03052,HDPE_Plastic,120,2025-11-01
JUG_03053,HDPE_Plastic,120,2025-11-01
JUG_03054,HDPE_Plastic,120,2025-11-01
JUG_03055,HDPE_Plastic,120,2025-11-01
JUG_03056,HDPE_Plastic,120,2025-11-01
JUG_03057,HDPE_Plastic,120,2025-11-01
JUG_03058,HDPE_Plastic,120,2025-11-01
JUG_03059,HDPE_Plastic,120,2025-11-01
JUG_03060,HDPE_Plastic,120,2025-11-01
JUG_03061,HDPE_Plastic,120,2025-11-01
JUG_03062,HDPE_Plastic,120,2025-11-01
JUG_03063,HDPE_Plastic,120,2025-11-01
JUG_03064,HDPE_Plastic,120,2025-11-01
JUG_03065,HDPE_Plastic,120,2025-11-01
JUG_03066,HDPE_Plastic,120,2025-11-01
JUG_03067,HDPE_Plastic,120,2025-11-01
JUG_03068,HDPE_Plastic,120,2025-11-01
JUG_03069,HDPE_Plastic,120,2025-11-01
JUG_03070,HDPE_Plastic,120,2025-11-01
JUG_03071,HDPE_Plastic,120,2025-11-01
JUG_03072,HDPE_Plastic,120,2025-11-01
JUG_03073,HDPE_Plastic,120,2025-11-01
JUG_03074,HDPE_Plastic,120,2025-11-01
JUG_03075,HDPE_Plastic,120,2025-11-01
JUG_03076,HDPE_Plastic,120,2025-11-01
JUG_03077,HDPE_Plastic,120,2025-11-01
JUG_03078,HDPE_Plastic,120,2025-11-01
JUG_03079,HDPE_Plastic,120,2025-11-01
JUG_03080,HDPE_Plastic,120,2025-11-01
JUG_03081,HDPE_Plastic,120,2025-11-01
JUG_03082,HDPE_Plastic,120,2025-11-01
JUG_03083,HDPE_Plastic,120,2025-11-01
JUG_03084,HDPE_Plastic,120,2025-11-01
JUG_03085,HDPE_Plastic,120,2025-11-01
JUG_03086,HDPE_Plastic,120,2025-11-01
JUG_03087,HDPE_Plastic,120,2025-11-01
JUG_03088,HDPE_Plastic,120,2025-11-01
JUG_03089,HDPE_Plastic,120,2025-11-01
JUG_03090,HDPE_Plastic,120,2025-11-01
JUG_03091,HDPE_Plastic,120,2025-11-01
JUG_03092,HDPE_Plastic,120,2025-11-01
JUG_03093,HDPE_Plastic,120,2025-11-01
JUG_03094,HDPE_Plastic,120,2025-11-01
JUG_03095,HDPE_Plastic,120,2025-11-01
JUG_03096,HDPE_Plastic,120,2025-11-01
JUG_03097,HDPE_Plastic,120,2025-11-01
JUG_03098,HDPE_Plastic,120,2025-11-01
JUG_03099,HDPE_Plastic,120,2025-11-01
JUG_03100,HDPE_Plastic,120,2025-11-01
JUG_03101,HDPE_Plastic,120,2025-11-01
JUG_03102,HDPE_Plastic,120,2025-11-01
JUG_03103,HDPE_Plastic,120,2025-11-01
JUG_03104,HDPE_Plastic,120,2025-11-01
JUG_03105,HDPE_Plastic,120,2025-11-01
JUG_03106,HDPE_Plastic,120,2025-11-01
JUG_03107,HDPE_Plastic,120,2025-11-01
JUG_03108,HDPE_Plastic,120,2025-11-01
JUG_03109,HDPE_Plastic,120,2025-11-01
JUG_03110,HDPE_Plastic,120,2025-11-01
JUG_03111,HDPE_Plastic,120,2025-11-01
JUG_03112,HDPE_Plastic,120,2025-11-01
JUG_03113,HDPE_Plastic,120,2025-11-01
JUG_03114,HDPE_Plastic,120,2025-11-01
JUG_03115,HDPE_Plastic,120,2025-11-01
JUG_03116,HDPE_Plastic,120,2025-11-01
JUG_03117,HDPE_Plastic,120,2025-11-01
JUG_03118,HDPE_Plastic,120,2025-11-01
JUG_03119,HDPE_Plastic,120,2025-11-01
JUG_03120,HDPE_Plastic,120,2025-11-01
JUG_03121,HDPE_Plastic,120,2025-11-01
JUG_03122,HDPE_Plastic,120,2025-11-01
JUG_03123,HDPE_Plastic,120,2025-11-01
JUG_03124,HDPE_Plastic,120,2025-11-01
JUG_03125,HDPE_Plastic,120,2025-11-01
JUG_03126,HDPE_Plastic,120,2025-11-01
JUG_03127,HDPE_Plastic,120,2025-11-01
JUG_03128,HDPE_Plastic,120,2025-11-01
JUG_03129,HDPE_Plastic,120,2025-11-01
JUG_03130,HDPE_Plastic,120,2025-11-01
JUG_03131,HDPE_Plastic,120,2025-11-01
JUG_03132,HDPE_Plastic,120,2025-11-01
JUG_03133,HDPE_Plastic,120,2025-11-01
JUG_03134,HDPE_Plastic,120,2025-11-01
JUG_03135,HDPE_Plastic,120,2025-11-01
JUG_03136,HDPE_Plastic,120,2025-11-01
JUG_03137,HDPE_Plastic,120,2025-11-01
JUG_03138,HDPE_Plastic,120,2025-11-01
JUG_03139,HDPE_Plastic,120,2025-11-01
JUG_03140,HDPE_Plastic,120,2025-11-01
JUG_03141,HDPE_Plastic,120,2025-11-01
JUG_03142,HDPE_Plastic,120,2025-11-01
JUG_03143,HDPE_Plastic,120,2025-11-01
JUG_03144,HDPE_Plastic,120,2025-11-01
JUG_03145,HDPE_Plastic,120,2025-11-01
JUG_03146,HDPE_Plastic,120,2025-11-01
JUG_03147,HDPE_Plastic,120,2025-11-01
JUG_03148,HDPE_Plastic,120,2025-11-01
JUG_03149,HDPE_Plastic,120,2025-11-01
JUG_03150,HDPE_Plastic,120,2025-11-01
JUG_03151,HDPE_Plastic,120,2025-11-01
JUG_03152,HDPE_Plastic,120,2025-11-01
JUG_03153,HDPE_Plastic,120,2025-11-01
JUG_03154,HDPE_Plastic,120,2025-11-01
JUG_03155,HDPE_Plastic,120,2025-11-01
JUG_03156,HDPE_Plastic,120,2025-11-01
JUG_03157,HDPE_Plastic,120,2025-11-01
JUG_03158,HDPE_Plastic,120,2025-11-01
JUG_03159,HDPE_Plastic,120,2025-11-01
JUG_03160,HDPE_Plastic,120,2025-11-01
JUG_03161,HDPE_Plastic,120,2025-11-01
JUG_03162,HDPE_Plastic,120,2025-11-01
JUG_03163,HDPE_Plastic,120,2025-11-01
JUG_03164,HDPE_Plastic,120,2025-11-01
JUG_03165,HDPE_Plastic,120,2025-11-01
JUG_03166,HDPE_Plastic,120,2025-11-01
JUG_03167,HDPE_Plastic,120,2025-11-01
JUG_03168,HDPE_Plastic,120,2025-11-01
JUG_03169,HDPE_Plastic,120,2025-11-01
JUG_03170,HDPE_Plastic,120,2025-11-01
JUG_03171,HDPE_Plastic,120,2025-11-01
JUG_03172,HDPE_Plastic,120,2025-11-01
JUG_03173,HDPE_Plastic,120,2025-11-01
JUG_03174,HDPE_Plastic,120,2025-11-01
JUG_03175,HDPE_Plastic,120,2025-11-01
JUG_03176,HDPE_Plastic,120,2025-11-01
JUG_03177,HDPE_Plastic,120,2025-11-01
JUG_03178,HDPE_Plastic,120,2025-11-01
JUG_03179,HDPE_Plastic,120,2025-11-01
JUG_03180,HDPE_Plastic,120,2025-11-01
JUG_03181,HDPE_Plastic,120,2025-11-01
JUG_03182,HDPE_Plastic,120,2025-11-01
JUG_03183,HDPE_Plastic,120,2025-11-01
JUG_03184,HDPE_Plastic,120,2025-11-01
JUG_03185,HDPE_Plastic,120,2025-11-01
JUG_03186,HDPE_Plastic,120,2025-11-01
JUG_03187,HDPE_Plastic,120,2025-11-01
JUG_03188,HDPE_Plastic,120,2025-11-01
JUG_03189,HDPE_Plastic,120,2025-11-01
JUG_03190,HDPE_Plastic,120,2025-11-01
JUG_03191,HDPE_Plastic,120,2025-11-01
JUG_03192,HDPE_Plastic,120,2025-11-01
JUG_03193,HDPE_Plastic,120,2025-11-01
JUG_03194,HDPE_Plastic,120,2025-11-01
JUG_03195,HDPE_Plastic,120,2025-11-01
JUG_03196,HDPE_Plastic,120,2025-11-01
JUG_03197,HDPE_Plastic,120,2025-11-01
JUG_03198,HDPE_Plastic,120,2025-11-01
JUG_03199,HDPE_Plastic,120,2025-11-01
JUG_03200,HDPE_Plastic,120,2025-11-01
JUG_03201,HDPE_Plastic,120,2025-11-01
JUG_03202,HDPE_Plastic,120,2025-11-01
JUG_03203,HDPE_Plastic,120,2025-11-01
JUG_03204,HDPE_Plastic,120,2025-11-01
JUG_03205,HDPE_Plastic,120,2025-11-01
JUG_03206,HDPE_Plastic,120,2025-11-01
JUG_03207,HDPE_Plastic,120,2025-11-01
JUG_03208,HDPE_Plastic,120,2025-11-01
JUG_03209,HDPE_Plastic,120,2025-11-01
JUG_03210,HDPE_Plastic,120,2025-11-01
JUG_03211,HDPE_Plastic,120,2025-11-01
JUG_03212,HDPE_Plastic,120,2025-11-01
JUG_03213,HDPE_Plastic,120,2025-11-01
JUG_03214,HDPE_Plastic,120,2025-11-01
JUG_03215,HDPE_Plastic,120,2025-11-01
JUG_03216,HDPE_Plastic,120,2025-11-01
JUG_03217,HDPE_Plastic,120,2025-11-01
JUG_03218,HDPE_Plastic,120,2025-11-01
JUG_03219,HDPE_Plastic,120,2025-11-01
JUG_03220,HDPE_Plastic,120,2025-11-01
JUG_03221,HDPE_Plastic,120,2025-11-01
JUG_03222,HDPE_Plastic,120,2025-11-01
JUG_03223,HDPE_Plastic,120,2025-11-01
JUG_03224,HDPE_Plastic,120,2025-11-01
JUG_03225,HDPE_Plastic,120,2025-11-01
JUG_03226,HDPE_Plastic,120,2025-11-01
JUG_03227,HDPE_Plastic,120,2025-11-01
JUG_03228,HDPE_Plastic,120,2025-11-01
JUG_03229,HDPE_Plastic,120,2025-11-01
JUG_03230,HDPE_Plastic,120,2025-11-01
JUG_03231,HDPE_Plastic,120,2025-11-01
JUG_03232,HDPE_Plastic,120,2025-11-01
JUG_03233,HDPE_Plastic,120,2025-11-01
JUG_03234,HDPE_Plastic,120,2025-11-01
JUG_03235,HDPE_Plastic,120,2025-11-01
JUG_03236,HDPE_Plastic,120,2025-11-01
JUG_03237,HDPE_Plastic,120,2025-11-01
JUG_03238,HDPE_Plastic,120,2025-11-01
JUG_03239,HDPE_Plastic,120,2025-11-01
JUG_03240,HDPE_Plastic,120,2025-11-01
JUG_03241,HDPE_Plastic,120,2025-11-01
JUG_03242,HDPE_Plastic,120,2025-11-01
JUG_03243,HDPE_Plastic,120,2025-11-01
JUG_03244,HDPE_Plastic,120,2025-11-01
JUG_03245,HDPE_Plastic,120,2025-11-01
JUG_03246,HDPE_Plastic,120,2025-11-01
JUG_03247,HDPE_Plastic,120,2025-11-01
JUG_03248,HDPE_Plastic,120,2025-11-01
JUG_03249,HDPE_Plastic,120,2025-11-01
JUG_03250,HDPE_Plastic,120,2025-11-01
JUG_03251,HDPE_Plastic,120,2025-11-01
JUG_03252,HDPE_Plastic,120,2025-11-01
JUG_03253,HDPE_Plastic,120,2025-11-01
JUG_03254,HDPE_Plastic,120,2025-11-01
JUG_03255,HDPE_Plastic,120,2025-11-01
JUG_03256,HDPE_Plastic,120,2025-11-01
JUG_03257,HDPE_Plastic,120,2025-11-01
JUG_03258,HDPE_Plastic,120,2025-11-01
JUG_03259,HDPE_Plastic,120,2025-11-01
JUG_03260,HDPE_Plastic,120,2025-11-01
JUG_03261,HDPE_Plastic,120,2025-11-01
JUG_03262,HDPE_Plastic,120,2025-11-01
JUG_03263,HDPE_Plastic,120,2025-11-01
JUG_03264,HDPE_Plastic,120,2025-11-01
JUG_03265,HDPE_Plastic,120,2025-11-01
JUG_03266,HDPE_Plastic,120,2025-11-01
JUG_03267,HDPE_Plastic,120,2025-11-01
JUG_03268,HDPE_Plastic,120,2025-11-01
JUG_03269,HDPE_Plastic,120,2025-11-01
JUG_03270,HDPE_Plastic,120,2025-11-01
JUG_03271,HDPE_Plastic,120,2025-11-01
JUG_03272,HDPE_Plastic,120,2025-11-01
JUG_03273,HDPE_Plastic,120,2025-11-01
JUG_03274,HDPE_Plastic,120,2025-11-01
JUG_03275,HDPE_Plastic,120,2025-11-01
JUG_03276,HDPE_Plastic,120,2025-11-01
JUG_03277,HDPE_Plastic,120,2025-11-01
JUG_03278,HDPE_Plastic,120,2025-11-01
JUG_03279,HDPE_Plastic,120,2025-11-01
JUG_03280,HDPE_Plastic,120,2025-11-01
JUG_03281,HDPE_Plastic,120,2025-11-01
JUG_03282,HDPE_Plastic,120,2025-11-01
JUG_03283,HDPE_Plastic,120,2025-11-01
JUG_03284,HDPE_Plastic,120,2025-11-01
JUG_03285,HDPE_Plastic,120,2025-11-01
JUG_03286,HDPE_Plastic,120,2025-11-01
JUG_03287,HDPE_Plastic,120,2025-11-01
JUG_03288,HDPE_Plastic,120,2025-11-01
JUG_03289,HDPE_Plastic,120,2025-11-01
JUG_03290,HDPE_Plastic,120,2025-11-01
JUG_03291,HDPE_Plastic,120,2025-11-01
JUG_03292,HDPE_Plastic,120,2025-11-01
JUG_03293,HDPE_Plastic,120,2025-11-01
JUG_03294,HDPE_Plastic,120,2025-11-01
JUG_03295,HDPE_Plastic,120,2025-11-01
JUG_03296,HDPE_Plastic,120,2025-11-01
JUG_03297,HDPE_Plastic,120,2025-11-01
JUG_03298,HDPE_Plastic,120,2025-11-01
JUG_03299,HDPE_Plastic,120,2025-11-01
JUG_03300,HDPE_Plastic,120,2025-11-01
JUG_03301,HDPE_Plastic,120,2025-11-01
JUG_03302,HDPE_Plastic,120,2025-11-01
JUG_03303,HDPE_Plastic,120,2025-11-01
JUG_03304,HDPE_Plastic,120,2025-11-01
JUG_03305,HDPE_Plastic,120,2025-11-01
JUG_03306,HDPE_Plastic,120,2025-11-01
JUG_03307,HDPE_Plastic,120,2025-11-01
JUG_03308,HDPE_Plastic,120,2025-11-01
JUG_03309,HDPE_Plastic,120,2025-11-01
JUG_03310,HDPE_Plastic,120,2025-11-01
JUG_03311,HDPE_Plastic,120,2025-11-01
JUG_03312,HDPE_Plastic,120,2025-11-01
JUG_03313,HDPE_Plastic,120,2025-11-01
JUG_03314,HDPE_Plastic,120,2025-11-01
JUG_03315,HDPE_Plastic,120,2025-11-01
JUG_03316,HDPE_Plastic,120,2025-11-01
JUG_03317,HDPE_Plastic,120,2025-11-01
JUG_03318,HDPE_Plastic,120,2025-11-01
JUG_03319,HDPE_Plastic,120,2025-11-01
JUG_03320,HDPE_Plastic,120,2025-11-01
JUG_03321,HDPE_Plastic,120,2025-11-01
JUG_03322,HDPE_Plastic,120,2025-11-01
JUG_03323,HDPE_Plastic,120,2025-11-01
JUG_03324,HDPE_Plastic,120,2025-11-01
JUG_03325,HDPE_Plastic,120,2025-11-01
JUG_03326,HDPE_Plastic,120,2025-11-01
JUG_03327,HDPE_Plastic,120,2025-11-01
JUG_03328,HDPE_Plastic,120,2025-11-01
JUG_03329,HDPE_Plastic,120,2025-11-01
JUG_03330,HDPE_Plastic,120,2025-11-01
JUG_03331,HDPE_Plastic,120,2025-11-01
JUG_03332,HDPE_Plastic,120,2025-11-01
JUG_03333,HDPE_Plastic,120,2025-11-01
JUG_03334,HDPE_Plastic,120,2025-11-01
JUG_03335,HDPE_Plastic,120,2025-11-01
JUG_03336,HDPE_Plastic,120,2025-11-01
JUG_03337,HDPE_Plastic,120,2025-11-01
JUG_03338,HDPE_Plastic,120,2025-11-01
JUG_03339,HDPE_Plastic,120,2025-11-01
JUG_03340,HDPE_Plastic,120,2025-11-01
JUG_03341,HDPE_Plastic,120,2025-11-01
JUG_03342,HDPE_Plastic,120,2025-11-01
JUG_03343,HDPE_Plastic,120,2025-11-01
JUG_03344,HDPE_Plastic,120,2025-11-01
JUG_03345,HDPE_Plastic,120,2025-11-01
JUG_03346,HDPE_Plastic,120,2025-11-01
JUG_03347,HDPE_Plastic,120,2025-11-01
JUG_03348,HDPE_Plastic,120,2025-11-01
JUG_03349,HDPE_Plastic,120,2025-11-01
JUG_03350,HDPE_Plastic,120,2025-11-01
JUG_03351,HDPE_Plastic,120,2025-11-01
JUG_03352,HDPE_Plastic,120,2025-11-01
JUG_03353,HDPE_Plastic,120,2025-11-01
JUG_03354,HDPE_Plastic,120,2025-11-01
JUG_03355,HDPE_Plastic,120,2025-11-01
JUG_03356,HDPE_Plastic,120,2025-11-01
JUG_03357,HDPE_Plastic,120,2025-11-01
JUG_03358,HDPE_Plastic,120,2025-11-01
JUG_03359,HDPE_Plastic,120,2025-11-01
JUG_03360,HDPE_Plastic,120,2025-11-01
JUG_03361,HDPE_Plastic,120,2025-11-01
JUG_03362,HDPE_Plastic,120,2025-11-01
JUG_03363,HDPE_Plastic,120,2025-11-01
JUG_03364,HDPE_Plastic,120,2025-11-01
JUG_03365,HDPE_Plastic,120,2025-11-01
JUG_03366,HDPE_Plastic,120,2025-11-01
JUG_03367,HDPE_Plastic,120,2025-11-01
JUG_03368,HDPE_Plastic,120,2025-11-01
JUG_03369,HDPE_Plastic,120,2025-11-01
JUG_03370,HDPE_Plastic,120,2025-11-01
JUG_03371,HDPE_Plastic,120,2025-11-01
JUG_03372,HDPE_Plastic,120,2025-11-01
JUG_03373,HDPE_Plastic,120,2025-11-01
JUG_03374,HDPE_Plastic,120,2025-11-01
JUG_03375,HDPE_Plastic,120,2025-11-01
JUG_03376,HDPE_Plastic,120,2025-11-01
JUG_03377,HDPE_Plastic,120,2025-11-01
JUG_03378,HDPE_Plastic,120,2025-11-01
JUG_03379,HDPE_Plastic,120,2025-11-01
JUG_03380,HDPE_Plastic,120,2025-11-01
JUG_03381,HDPE_Plastic,120,2025-11-01
JUG_03382,HDPE_Plastic,120,2025-11-01
JUG_03383,HDPE_Plastic,120,2025-11-01
JUG_03384,HDPE_Plastic,120,2025-11-01
JUG_03385,HDPE_Plastic,120,2025-11-01
JUG_03386,HDPE_Plastic,120,2025-11-01
JUG_03387,HDPE_Plastic,120,2025-11-01
JUG_03388,HDPE_Plastic,120,2025-11-01
JUG_03389,HDPE_Plastic,120,2025-11-01
JUG_03390,HDPE_Plastic,120,2025-11-01
JUG_03391,HDPE_Plastic,120,2025-11-01
JUG_03392,HDPE_Plastic,120,2025-11-01
JUG_03393,HDPE_Plastic,120,2025-11-01
JUG_03394,HDPE_Plastic,120,2025-11-01
JUG_03395,HDPE_Plastic,120,2025-11-01
JUG_03396,HDPE_Plastic,120,2025-11-01
JUG_03397,HDPE_Plastic,120,2025-11-01
JUG_03398,HDPE_Plastic,120,2025-11-01
JUG_03399,HDPE_Plastic,120,2025-11-01
JUG_03400,HDPE_Plastic,120,2025-11-01
JUG_03401,HDPE_Plastic,120,2025-11-01
JUG_03402,HDPE_Plastic,120,2025-11-01
JUG_03403,HDPE_Plastic,120,2025-11-01
JUG_03404,HDPE_Plastic,120,2025-11-01
JUG_03405,HDPE_Plastic,120,2025-11-01
JUG_03406,HDPE_Plastic,120,2025-11-01
JUG_03407,HDPE_Plastic,120,2025-11-01
JUG_03408,HDPE_Plastic,120,2025-11-01
JUG_03409,HDPE_Plastic,120,2025-11-01
JUG_03410,HDPE_Plastic,120,2025-11-01
JUG_03411,HDPE_Plastic,120,2025-11-01
JUG_03412,HDPE_Plastic,120,2025-11-01
JUG_03413,HDPE_Plastic,120,2025-11-01
JUG_03414,HDPE_Plastic,120,2025-11-01
JUG_03415,HDPE_Plastic,120,2025-11-01
JUG_03416,HDPE_Plastic,120,2025-11-01
JUG_03417,HDPE_Plastic,120,2025-11-01
JUG_03418,HDPE_Plastic,120,2025-11-01
JUG_03419,HDPE_Plastic,120,2025-11-01
JUG_03420,HDPE_Plastic,120,2025-11-01
JUG_03421,HDPE_Plastic,120,2025-11-01
JUG_03422,HDPE_Plastic,120,2025-11-01
JUG_03423,HDPE_Plastic,120,2025-11-01
JUG_03424,HDPE_Plastic,120,2025-11-01
JUG_03425,HDPE_Plastic,120,2025-11-01
JUG_03426,HDPE_Plastic,120,2025-11-01
JUG_03427,HDPE_Plastic,120,2025-11-01
JUG_03428,HDPE_Plastic,120,2025-11-01
JUG_03429,HDPE_Plastic,120,2025-11-01
JUG_03430,HDPE_Plastic,120,2025-11-01
JUG_03431,HDPE_Plastic,120,2025-11-01
JUG_03432,HDPE_Plastic,120,2025-11-01
JUG_03433,HDPE_Plastic,120,2025-11-01
JUG_03434,HDPE_Plastic,120,2025-11-01
JUG_03435,HDPE_Plastic,120,2025-11-01
JUG_03436,HDPE_Plastic,120,2025-11-01
JUG_03437,HDPE_Plastic,120,2025-11-01
JUG_03438,HDPE_Plastic,120,2025-11-01
JUG_03439,HDPE_Plastic,120,2025-11-01
JUG_03440,HDPE_Plastic,120,2025-11-01
JUG_03441,HDPE_Plastic,120,2025-11-01
JUG_03442,HDPE_Plastic,120,2025-11-01
JUG_03443,HDPE_Plastic,120,2025-11-01
JUG_03444,HDPE_Plastic,120,2025-11-01
JUG_03445,HDPE_Plastic,120,2025-11-01
JUG_03446,HDPE_Plastic,120,2025-11-01
JUG_03447,HDPE_Plastic,120,2025-11-01
JUG_03448,HDPE_Plastic,120,2025-11-01
JUG_03449,HDPE_Plastic,120,2025-11-01
JUG_03450,HDPE_Plastic,120,2025-11-01
JUG_03451,HDPE_Plastic,120,2025-11-01
JUG_03452,HDPE_Plastic,120,2025-11-01
JUG_03453,HDPE_Plastic,120,2025-11-01
JUG_03454,HDPE_Plastic,120,2025-11-01
JUG_03455,HDPE_Plastic,120,2025-11-01
JUG_03456,HDPE_Plastic,120,2025-11-01
JUG_03457,HDPE_Plastic,120,2025-11-01
JUG_03458,HDPE_Plastic,120,2025-11-01
JUG_03459,HDPE_Plastic,120,2025-11-01
JUG_03460,HDPE_Plastic,120,2025-11-01
JUG_03461,HDPE_Plastic,120,2025-11-01
JUG_03462,HDPE_Plastic,120,2025-11-01
JUG_03463,HDPE_Plastic,120,2025-11-01
JUG_03464,HDPE_Plastic,120,2025-11-01
JUG_03465,HDPE_Plastic,120,2025-11-01
JUG_03466,HDPE_Plastic,120,2025-11-01
JUG_03467,HDPE_Plastic,120,2025-11-01
JUG_03468,HDPE_Plastic,120,2025-11-01
JUG_03469,HDPE_Plastic,120,2025-11-01
JUG_03470,HDPE_Plastic,120,2025-11-01
JUG_03471,HDPE_Plastic,120,2025-11-01
JUG_03472,HDPE_Plastic,120,2025-11-01
JUG_03473,HDPE_Plastic,120,2025-11-01
JUG_03474,HDPE_Plastic,120,2025-11-01
JUG_03475,HDPE_Plastic,120,2025-11-01
JUG_03476,HDPE_Plastic,120,2025-11-01
JUG_03477,HDPE_Plastic,120,2025-11-01
JUG_03478,HDPE_Plastic,120,2025-11-01
JUG_03479,HDPE_Plastic,120,2025-11-01
JUG_03480,HDPE_Plastic,120,2025-11-01
JUG_03481,HDPE_Plastic,120,2025-11-01
JUG_03482,HDPE_Plastic,120,2025-11-01
JUG_03483,HDPE_Plastic,120,2025-11-01
JUG_03484,HDPE_Plastic,120,2025-11-01
JUG_03485,HDPE_Plastic,120,2025-11-01
JUG_03486,HDPE_Plastic,120,2025-11-01
JUG_03487,HDPE_Plastic,120,2025-11-01
JUG_03488,HDPE_Plastic,120,2025-11-01
JUG_03489,HDPE_Plastic,120,2025-11-01
JUG_03490,HDPE_Plastic,120,2025-11-01
JUG_03491,HDPE_Plastic,120,2025-11-01
JUG_03492,HDPE_Plastic,120,2025-11-01
JUG_03493,HDPE_Plastic,120,2025-11-01
JUG_03494,HDPE_Plastic,120,2025-11-01
JUG_03495,HDPE_Plastic,120,2025-11-01
JUG_03496,HDPE_Plastic,120,2025-11-01
JUG_03497,HDPE_Plastic,120,2025-11-01
JUG_03498,HDPE_Plastic,120,2025-11-01
JUG_03499,HDPE_Plastic,120,2025-11-01
JUG_03500,HDPE_Plastic,120,2025-11-01
JUG_03501,HDPE_Plastic,120,2025-11-01
JUG_03502,HDPE_Plastic,120,2025-11-01
JUG_03503,HDPE_Plastic,120,2025-11-01
JUG_03504,HDPE_Plastic,120,2025-11-01
JUG_03505,HDPE_Plastic,120,2025-11-01
JUG_03506,HDPE_Plastic,120,2025-11-01
JUG_03507,HDPE_Plastic,120,2025-11-01
JUG_03508,HDPE_Plastic,120,2025-11-01
JUG_03509,HDPE_Plastic,120,2025-11-01
JUG_03510,HDPE_Plastic,120,2025-11-01
JUG_03511,HDPE_Plastic,120,2025-11-01
JUG_03512,HDPE_Plastic,120,2025-11-01
JUG_03513,HDPE_Plastic,120,2025-11-01
JUG_03514,HDPE_Plastic,120,2025-11-01
JUG_03515,HDPE_Plastic,120,2025-11-01
JUG_03516,HDPE_Plastic,120,2025-11-01
JUG_03517,HDPE_Plastic,120,2025-11-01
JUG_03518,HDPE_Plastic,120,2025-11-01
JUG_03519,HDPE_Plastic,120,2025-11-01
JUG_03520,HDPE_Plastic,120,2025-11-01
JUG_03521,HDPE_Plastic,120,2025-11-01
JUG_03522,HDPE_Plastic,120,2025-11-01
JUG_03523,HDPE_Plastic,120,2025-11-01
JUG_03524,HDPE_Plastic,120,2025-11-01
JUG_03525,HDPE_Plastic,120,2025-11-01
JUG_03526,HDPE_Plastic,120,2025-11-01
JUG_03527,HDPE_Plastic,120,2025-11-01
JUG_03528,HDPE_Plastic,120,2025-11-01
JUG_03529,HDPE_Plastic,120,2025-11-01
JUG_03530,HDPE_Plastic,120,2025-11-01
JUG_03531,HDPE_Plastic,120,2025-11-01
JUG_03532,HDPE_Plastic,120,2025-11-01
JUG_03533,HDPE_Plastic,120,2025-11-01
JUG_03534,HDPE_Plastic,120,2025-11-01
JUG_03535,HDPE_Plastic,120,2025-11-01
JUG_03536,HDPE_Plastic,120,2025-11-01
JUG_03537,HDPE_Plastic,120,2025-11-01
JUG_03538,HDPE_Plastic,120,2025-11-01
JUG_03539,HDPE_Plastic,120,2025-11-01
JUG_03540,HDPE_Plastic,120,2025-11-01
JUG_03541,HDPE_Plastic,120,2025-11-01
JUG_03542,HDPE_Plastic,120,2025-11-01
JUG_03543,HDPE_Plastic,120,2025-11-01
JUG_03544,HDPE_Plastic,120,2025-11-01
JUG_03545,HDPE_Plastic,120,2025-11-01
JUG_03546,HDPE_Plastic,120,2025-11-01
JUG_03547,HDPE_Plastic,120,2025-11-01
JUG_03548,HDPE_Plastic,120,2025-11-01
JUG_03549,HDPE_Plastic,120,2025-11-01
JUG_03550,HDPE_Plastic,120,2025-11-01
JUG_03551,HDPE_Plastic,120,2025-11-01
JUG_03552,HDPE_Plastic,120,2025-11-01
JUG_03553,HDPE_Plastic,120,2025-11-01
JUG_03554,HDPE_Plastic,120,2025-11-01
JUG_03555,HDPE_Plastic,120,2025-11-01
JUG_03556,HDPE_Plastic,120,2025-11-01
JUG_03557,HDPE_Plastic,120,2025-11-01
JUG_03558,HDPE_Plastic,120,2025-11-01
JUG_03559,HDPE_Plastic,120,2025-11-01
JUG_03560,HDPE_Plastic,120,2025-11-01
JUG_03561,HDPE_Plastic,120,2025-11-01
JUG_03562,HDPE_Plastic,120,2025-11-01
JUG_03563,HDPE_Plastic,120,2025-11-01
JUG_03564,HDPE_Plastic,120,2025-11-01
JUG_03565,HDPE_Plastic,120,2025-11-01
JUG_03566,HDPE_Plastic,120,2025-11-01
JUG_03567,HDPE_Plastic,120,2025-11-01
JUG_03568,HDPE_Plastic,120,2025-11-01
JUG_03569,HDPE_Plastic,120,2025-11-01
JUG_03570,HDPE_Plastic,120,2025-11-01
JUG_03571,HDPE_Plastic,120,2025-11-01
JUG_03572,HDPE_Plastic,120,2025-11-01
JUG_03573,HDPE_Plastic,120,2025-11-01
JUG_03574,HDPE_Plastic,120,2025-11-01
JUG_03575,HDPE_Plastic,120,2025-11-01
JUG_03576,HDPE_Plastic,120,2025-11-01
JUG_03577,HDPE_Plastic,120,2025-11-01
JUG_03578,HDPE_Plastic,120,2025-11-01
JUG_03579,HDPE_Plastic,120,2025-11-01
JUG_03580,HDPE_Plastic,120,2025-11-01
JUG_03581,HDPE_Plastic,120,2025-11-01
JUG_03582,HDPE_Plastic,120,2025-11-01
JUG_03583,HDPE_Plastic,120,2025-11-01
JUG_03584,HDPE_Plastic,120,2025-11-01
JUG_03585,HDPE_Plastic,120,2025-11-01
JUG_03586,HDPE_Plastic,120,2025-11-01
JUG_03587,HDPE_Plastic,120,2025-11-01
JUG_03588,HDPE_Plastic,120,2025-11-01
JUG_03589,HDPE_Plastic,120,2025-11-01
JUG_03590,HDPE_Plastic,120,2025-11-01
JUG_03591,HDPE_Plastic,120,2025-11-01
JUG_03592,HDPE_Plastic,120,2025-11-01
JUG_03593,HDPE_Plastic,120,2025-11-01
JUG_03594,HDPE_Plastic,120,2025-11-01
JUG_03595,HDPE_Plastic,120,2025-11-01
JUG_03596,HDPE_Plastic,120,2025-11-01
JUG_03597,HDPE_Plastic,120,2025-11-01
JUG_03598,HDPE_Plastic,120,2025-11-01
JUG_03599,HDPE_Plastic,120,2025-11-01
JUG_03600,HDPE_Plastic,120,2025-11-01
JUG_03601,HDPE_Plastic,120,2025-11-01
JUG_03602,HDPE_Plastic,120,2025-11-01
JUG_03603,HDPE_Plastic,120,2025-11-01
JUG_03604,HDPE_Plastic,120,2025-11-01
JUG_03605,HDPE_Plastic,120,2025-11-01
JUG_03606,HDPE_Plastic,120,2025-11-01
JUG_03607,HDPE_Plastic,120,2025-11-01
JUG_03608,HDPE_Plastic,120,2025-11-01
JUG_03609,HDPE_Plastic,120,2025-11-01
JUG_03610,HDPE_Plastic,120,2025-11-01
JUG_03611,HDPE_Plastic,120,2025-11-01
JUG_03612,HDPE_Plastic,120,2025-11-01
JUG_03613,HDPE_Plastic,120,2025-11-01
JUG_03614,HDPE_Plastic,120,2025-11-01
JUG_03615,HDPE_Plastic,120,2025-11-01
JUG_03616,HDPE_Plastic,120,2025-11-01
JUG_03617,HDPE_Plastic,120,2025-11-01
JUG_03618,HDPE_Plastic,120,2025-11-01
JUG_03619,HDPE_Plastic,120,2025-11-01
JUG_03620,HDPE_Plastic,120,2025-11-01
JUG_03621,HDPE_Plastic,120,2025-11-01
JUG_03622,HDPE_Plastic,120,2025-11-01
JUG_03623,HDPE_Plastic,120,2025-11-01
JUG_03624,HDPE_Plastic,120,2025-11-01
JUG_03625,HDPE_Plastic,120,2025-11-01
JUG_03626,HDPE_Plastic,120,2025-11-01
JUG_03627,HDPE_Plastic,120,2025-11-01
JUG_03628,HDPE_Plastic,120,2025-11-01
JUG_03629,HDPE_Plastic,120,2025-11-01
JUG_03630,HDPE_Plastic,120,2025-11-01
JUG_03631,HDPE_Plastic,120,2025-11-01
JUG_03632,HDPE_Plastic,120,2025-11-01
JUG_03633,HDPE_Plastic,120,2025-11-01
JUG_03634,HDPE_Plastic,120,2025-11-01
JUG_03635,HDPE_Plastic,120,2025-11-01
JUG_03636,HDPE_Plastic,120,2025-11-01
JUG_03637,HDPE_Plastic,120,2025-11-01
JUG_03638,HDPE_Plastic,120,2025-11-01
JUG_03639,HDPE_Plastic,120,2025-11-01
JUG_03640,HDPE_Plastic,120,2025-11-01
JUG_03641,HDPE_Plastic,120,2025-11-01
JUG_03642,HDPE_Plastic,120,2025-11-01
JUG_03643,HDPE_Plastic,120,2025-11-01
JUG_03644,HDPE_Plastic,120,2025-11-01
JUG_03645,HDPE_Plastic,120,2025-11-01
JUG_03646,HDPE_Plastic,120,2025-11-01
JUG_03647,HDPE_Plastic,120,2025-11-01
JUG_03648,HDPE_Plastic,120,2025-11-01
JUG_03649,HDPE_Plastic,120,2025-11-01
JUG_03650,HDPE_Plastic,120,2025-11-01
JUG_03651,HDPE_Plastic,120,2025-11-01
JUG_03652,HDPE_Plastic,120,2025-11-01
JUG_03653,HDPE_Plastic,120,2025-11-01
JUG_03654,HDPE_Plastic,120,2025-11-01
JUG_03655,HDPE_Plastic,120,2025-11-01
JUG_03656,HDPE_Plastic,120,2025-11-01
JUG_03657,HDPE_Plastic,120,2025-11-01
JUG_03658,HDPE_Plastic,120,2025-11-01
JUG_03659,HDPE_Plastic,120,2025-11-01
JUG_03660,HDPE_Plastic,120,2025-11-01
JUG_03661,HDPE_Plastic,120,2025-11-01
JUG_03662,HDPE_Plastic,120,2025-11-01
JUG_03663,HDPE_Plastic,120,2025-11-01
JUG_03664,HDPE_Plastic,120,2025-11-01
JUG_03665,HDPE_Plastic,120,2025-11-01
JUG_03666,HDPE_Plastic,120,2025-11-01
JUG_03667,HDPE_Plastic,120,2025-11-01
JUG_03668,HDPE_Plastic,120,2025-11-01
JUG_03669,HDPE_Plastic,120,2025-11-01
JUG_03670,HDPE_Plastic,120,2025-11-01
JUG_03671,HDPE_Plastic,120,2025-11-01
JUG_03672,HDPE_Plastic,120,2025-11-01
JUG_03673,HDPE_Plastic,120,2025-11-01
JUG_03674,HDPE_Plastic,120,2025-11-01
JUG_03675,HDPE_Plastic,120,2025-11-01
JUG_03676,HDPE_Plastic,120,2025-11-01
JUG_03677,HDPE_Plastic,120,2025-11-01
JUG_03678,HDPE_Plastic,120,2025-11-01
JUG_03679,HDPE_Plastic,120,2025-11-01
JUG_03680,HDPE_Plastic,120,2025-11-01
JUG_03681,HDPE_Plastic,120,2025-11-01
JUG_03682,HDPE_Plastic,120,2025-11-01
JUG_03683,HDPE_Plastic,120,2025-11-01
JUG_03684,HDPE_Plastic,120,2025-11-01
JUG_03685,HDPE_Plastic,120,2025-11-01
JUG_03686,HDPE_Plastic,120,2025-11-01
JUG_03687,HDPE_Plastic,120,2025-11-01
JUG_03688,HDPE_Plastic,120,2025-11-01
JUG_03689,HDPE_Plastic,120,2025-11-01
JUG_03690,HDPE_Plastic,120,2025-11-01
JUG_03691,HDPE_Plastic,120,2025-11-01
JUG_03692,HDPE_Plastic,120,2025-11-01
JUG_03693,HDPE_Plastic,120,2025-11-01
JUG_03694,HDPE_Plastic,120,2025-11-01
JUG_03695,HDPE_Plastic,120,2025-11-01
JUG_03696,HDPE_Plastic,120,2025-11-01
JUG_03697,HDPE_Plastic,120,2025-11-01
JUG_03698,HDPE_Plastic,120,2025-11-01
JUG_03699,HDPE_Plastic,120,2025-11-01
JUG_03700,HDPE_Plastic,120,2025-11-01
JUG_03701,HDPE_Plastic,120,2025-11-01
JUG_03702,HDPE_Plastic,120,2025-11-01
JUG_03703,HDPE_Plastic,120,2025-11-01
JUG_03704,HDPE_Plastic,120,2025-11-01
JUG_03705,HDPE_Plastic,120,2025-11-01
JUG_03706,HDPE_Plastic,120,2025-11-01
JUG_03707,HDPE_Plastic,120,2025-11-01
JUG_03708,HDPE_Plastic,120,2025-11-01
JUG_03709,HDPE_Plastic,120,2025-11-01
JUG_03710,HDPE_Plastic,120,2025-11-01
JUG_03711,HDPE_Plastic,120,2025-11-01
JUG_03712,HDPE_Plastic,120,2025-11-01
JUG_03713,HDPE_Plastic,120,2025-11-01
JUG_03714,HDPE_Plastic,120,2025-11-01
JUG_03715,HDPE_Plastic,120,2025-11-01
JUG_03716,HDPE_Plastic,120,2025-11-01
JUG_03717,HDPE_Plastic,120,2025-11-01
JUG_03718,HDPE_Plastic,120,2025-11-01
JUG_03719,HDPE_Plastic,120,2025-11-01
JUG_03720,HDPE_Plastic,120,2025-11-01
JUG_03721,HDPE_Plastic,120,2025-11-01
JUG_03722,HDPE_Plastic,120,2025-11-01
JUG_03723,HDPE_Plastic,120,2025-11-01
JUG_03724,HDPE_Plastic,120,2025-11-01
JUG_03725,HDPE_Plastic,120,2025-11-01
JUG_03726,HDPE_Plastic,120,2025-11-01
JUG_03727,HDPE_Plastic,120,2025-11-01
JUG_03728,HDPE_Plastic,120,2025-11-01
JUG_03729,HDPE_Plastic,120,2025-11-01
JUG_03730,HDPE_Plastic,120,2025-11-01
JUG_03731,HDPE_Plastic,120,2025-11-01
JUG_03732,HDPE_Plastic,120,2025-11-01
JUG_03733,HDPE_Plastic,120,2025-11-01
JUG_03734,HDPE_Plastic,120,2025-11-01
JUG_03735,HDPE_Plastic,120,2025-11-01
JUG_03736,HDPE_Plastic,120,2025-11-01
JUG_03737,HDPE_Plastic,120,2025-11-01
JUG_03738,HDPE_Plastic,120,2025-11-01
JUG_03739,HDPE_Plastic,120,2025-11-01
JUG_03740,HDPE_Plastic,120,2025-11-01
JUG_03741,HDPE_Plastic,120,2025-11-01
JUG_03742,HDPE_Plastic,120,2025-11-01
JUG_03743,HDPE_Plastic,120,2025-11-01
JUG_03744,HDPE_Plastic,120,2025-11-01
JUG_03745,HDPE_Plastic,120,2025-11-01
JUG_03746,HDPE_Plastic,120,2025-11-01
JUG_03747,HDPE_Plastic,120,2025-11-01
JUG_03748,HDPE_Plastic,120,2025-11-01
JUG_03749,HDPE_Plastic,120,2025-11-01
JUG_03750,HDPE_Plastic,120,2025-11-01
JUG_03751,HDPE_Plastic,120,2025-11-01
JUG_03752,HDPE_Plastic,120,2025-11-01
JUG_03753,HDPE_Plastic,120,2025-11-01
JUG_03754,HDPE_Plastic,120,2025-11-01
JUG_03755,HDPE_Plastic,120,2025-11-01
JUG_03756,HDPE_Plastic,120,2025-11-01
JUG_03757,HDPE_Plastic,120,2025-11-01
JUG_03758,HDPE_Plastic,120,2025-11-01
JUG_03759,HDPE_Plastic,120,2025-11-01
JUG_03760,HDPE_Plastic,120,2025-11-01
JUG_03761,HDPE_Plastic,120,2025-11-01
JUG_03762,HDPE_Plastic,120,2025-11-01
JUG_03763,HDPE_Plastic,120,2025-11-01
JUG_03764,HDPE_Plastic,120,2025-11-01
JUG_03765,HDPE_Plastic,120,2025-11-01
JUG_03766,HDPE_Plastic,120,2025-11-01
JUG_03767,HDPE_Plastic,120,2025-11-01
JUG_03768,HDPE_Plastic,120,2025-11-01
JUG_03769,HDPE_Plastic,120,2025-11-01
JUG_03770,HDPE_Plastic,120,2025-11-01
JUG_03771,HDPE_Plastic,120,2025-11-01
JUG_03772,HDPE_Plastic,120,2025-11-01
JUG_03773,HDPE_Plastic,120,2025-11-01
JUG_03774,HDPE_Plastic,120,2025-11-01
JUG_03775,HDPE_Plastic,120,2025-11-01
JUG_03776,HDPE_Plastic,120,2025-11-01
JUG_03777,HDPE_Plastic,120,2025-11-01
JUG_03778,HDPE_Plastic,120,2025-11-01
JUG_03779,HDPE_Plastic,120,2025-11-01
JUG_03780,HDPE_Plastic,120,2025-11-01
JUG_03781,HDPE_Plastic,120,2025-11-01
JUG_03782,HDPE_Plastic,120,2025-11-01
JUG_03783,HDPE_Plastic,120,2025-11-01
JUG_03784,HDPE_Plastic,120,2025-11-01
JUG_03785,HDPE_Plastic,120,2025-11-01
JUG_03786,HDPE_Plastic,120,2025-11-01
JUG_03787,HDPE_Plastic,120,2025-11-01
JUG_03788,HDPE_Plastic,120,2025-11-01
JUG_03789,HDPE_Plastic,120,2025-11-01
JUG_03790,HDPE_Plastic,120,2025-11-01
JUG_03791,HDPE_Plastic,120,2025-11-01
JUG_03792,HDPE_Plastic,120,2025-11-01
JUG_03793,HDPE_Plastic,120,2025-11-01
JUG_03794,HDPE_Plastic,120,2025-11-01
JUG_03795,HDPE_Plastic,120,2025-11-01
JUG_03796,HDPE_Plastic,120,2025-11-01
JUG_03797,HDPE_Plastic,120,2025-11-01
JUG_03798,HDPE_Plastic,120,2025-11-01
JUG_03799,HDPE_Plastic,120,2025-11-01
JUG_03800,HDPE_Plastic,120,2025-11-01
JUG_03801,HDPE_Plastic,120,2025-11-01
JUG_03802,HDPE_Plastic,120,2025-11-01
JUG_03803,HDPE_Plastic,120,2025-11-01
JUG_03804,HDPE_Plastic,120,2025-11-01
JUG_03805,HDPE_Plastic,120,2025-11-01
JUG_03806,HDPE_Plastic,120,2025-11-01
JUG_03807,HDPE_Plastic,120,2025-11-01
JUG_03808,HDPE_Plastic,120,2025-11-01
JUG_03809,HDPE_Plastic,120,2025-11-01
JUG_03810,HDPE_Plastic,120,2025-11-01
JUG_03811,HDPE_Plastic,120,2025-11-01
JUG_03812,HDPE_Plastic,120,2025-11-01
JUG_03813,HDPE_Plastic,120,2025-11-01
JUG_03814,HDPE_Plastic,120,2025-11-01
JUG_03815,HDPE_Plastic,120,2025-11-01
JUG_03816,HDPE_Plastic,120,2025-11-01
JUG_03817,HDPE_Plastic,120,2025-11-01
JUG_03818,HDPE_Plastic,120,2025-11-01
JUG_03819,HDPE_Plastic,120,2025-11-01
JUG_03820,HDPE_Plastic,120,2025-11-01
JUG_03821,HDPE_Plastic,120,2025-11-01
JUG_03822,HDPE_Plastic,120,2025-11-01
JUG_03823,HDPE_Plastic,120,2025-11-01
JUG_03824,HDPE_Plastic,120,2025-11-01
JUG_03825,HDPE_Plastic,120,2025-11-01
JUG_03826,HDPE_Plastic,120,2025-11-01
JUG_03827,HDPE_Plastic,120,2025-11-01
JUG_03828,HDPE_Plastic,120,2025-11-01
JUG_03829,HDPE_Plastic,120,2025-11-01
JUG_03830,HDPE_Plastic,120,2025-11-01
JUG_03831,HDPE_Plastic,120,2025-11-01
JUG_03832,HDPE_Plastic,120,2025-11-01
JUG_03833,HDPE_Plastic,120,2025-11-01
JUG_03834,HDPE_Plastic,120,2025-11-01
JUG_03835,HDPE_Plastic,120,2025-11-01
JUG_03836,HDPE_Plastic,120,2025-11-01
JUG_03837,HDPE_Plastic,120,2025-11-01
JUG_03838,HDPE_Plastic,120,2025-11-01
JUG_03839,HDPE_Plastic,120,2025-11-01
JUG_03840,HDPE_Plastic,120,2025-11-01
JUG_03841,HDPE_Plastic,120,2025-11-01
JUG_03842,HDPE_Plastic,120,2025-11-01
JUG_03843,HDPE_Plastic,120,2025-11-01
JUG_03844,HDPE_Plastic,120,2025-11-01
JUG_03845,HDPE_Plastic,120,2025-11-01
JUG_03846,HDPE_Plastic,120,2025-11-01
JUG_03847,HDPE_Plastic,120,2025-11-01
JUG_03848,HDPE_Plastic,120,2025-11-01
JUG_03849,HDPE_Plastic,120,2025-11-01
JUG_03850,HDPE_Plastic,120,2025-11-01
JUG_03851,HDPE_Plastic,120,2025-11-01
JUG_03852,HDPE_Plastic,120,2025-11-01
JUG_03853,HDPE_Plastic,120,2025-11-01
JUG_03854,HDPE_Plastic,120,2025-11-01
JUG_03855,HDPE_Plastic,120,2025-11-01
JUG_03856,HDPE_Plastic,120,2025-11-01
JUG_03857,HDPE_Plastic,120,2025-11-01
JUG_03858,HDPE_Plastic,120,2025-11-01
JUG_03859,HDPE_Plastic,120,2025-11-01
JUG_03860,HDPE_Plastic,120,2025-11-01
JUG_03861,HDPE_Plastic,120,2025-11-01
JUG_03862,HDPE_Plastic,120,2025-11-01
JUG_03863,HDPE_Plastic,120,2025-11-01
JUG_03864,HDPE_Plastic,120,2025-11-01
JUG_03865,HDPE_Plastic,120,2025-11-01
JUG_03866,HDPE_Plastic,120,2025-11-01
JUG_03867,HDPE_Plastic,120,2025-11-01
JUG_03868,HDPE_Plastic,120,2025-11-01
JUG_03869,HDPE_Plastic,120,2025-11-01
JUG_03870,HDPE_Plastic,120,2025-11-01
JUG_03871,HDPE_Plastic,120,2025-11-01
JUG_03872,HDPE_Plastic,120,2025-11-01
JUG_03873,HDPE_Plastic,120,2025-11-01
JUG_03874,HDPE_Plastic,120,2025-11-01
JUG_03875,HDPE_Plastic,120,2025-11-01
JUG_03876,HDPE_Plastic,120,2025-11-01
JUG_03877,HDPE_Plastic,120,2025-11-01
JUG_03878,HDPE_Plastic,120,2025-11-01
JUG_03879,HDPE_Plastic,120,2025-11-01
JUG_03880,HDPE_Plastic,120,2025-11-01
JUG_03881,HDPE_Plastic,120,2025-11-01
JUG_03882,HDPE_Plastic,120,2025-11-01
JUG_03883,HDPE_Plastic,120,2025-11-01
JUG_03884,HDPE_Plastic,120,2025-11-01
JUG_03885,HDPE_Plastic,120,2025-11-01
JUG_03886,HDPE_Plastic,120,2025-11-01
JUG_03887,HDPE_Plastic,120,2025-11-01
JUG_03888,HDPE_Plastic,120,2025-11-01
JUG_03889,HDPE_Plastic,120,2025-11-01
JUG_03890,HDPE_Plastic,120,2025-11-01
JUG_03891,HDPE_Plastic,120,2025-11-01
JUG_03892,HDPE_Plastic,120,2025-11-01
JUG_03893,HDPE_Plastic,120,2025-11-01
JUG_03894,HDPE_Plastic,120,2025-11-01
JUG_03895,HDPE_Plastic,120,2025-11-01
JUG_03896,HDPE_Plastic,120,2025-11-01
JUG_03897,HDPE_Plastic,120,2025-11-01
JUG_03898,HDPE_Plastic,120,2025-11-01
JUG_03899,HDPE_Plastic,120,2025-11-01
JUG_03900,HDPE_Plastic,120,2025-11-01
JUG_03901,HDPE_Plastic,120,2025-11-01
JUG_03902,HDPE_Plastic,120,2025-11-01
JUG_03903,HDPE_Plastic,120,2025-11-01
JUG_03904,HDPE_Plastic,120,2025-11-01
JUG_03905,HDPE_Plastic,120,2025-11-01
JUG_03906,HDPE_Plastic,120,2025-11-01
JUG_03907,HDPE_Plastic,120,2025-11-01
JUG_03908,HDPE_Plastic,120,2025-11-01
JUG_03909,HDPE_Plastic,120,2025-11-01
JUG_03910,HDPE_Plastic,120,2025-11-01
JUG_03911,HDPE_Plastic,120,2025-11-01
JUG_03912,HDPE_Plastic,120,2025-11-01
JUG_03913,HDPE_Plastic,120,2025-11-01
JUG_03914,HDPE_Plastic,120,2025-11-01
JUG_03915,HDPE_Plastic,120,2025-11-01
JUG_03916,HDPE_Plastic,120,2025-11-01
JUG_03917,HDPE_Plastic,120,2025-11-01
JUG_03918,HDPE_Plastic,120,2025-11-01
JUG_03919,HDPE_Plastic,120,2025-11-01
JUG_03920,HDPE_Plastic,120,2025-11-01
JUG_03921,HDPE_Plastic,120,2025-11-01
JUG_03922,HDPE_Plastic,120,2025-11-01
JUG_03923,HDPE_Plastic,120,2025-11-01
JUG_03924,HDPE_Plastic,120,2025-11-01
JUG_03925,HDPE_Plastic,120,2025-11-01
JUG_03926,HDPE_Plastic,120,2025-11-01
JUG_03927,HDPE_Plastic,120,2025-11-01
JUG_03928,HDPE_Plastic,120,2025-11-01
JUG_03929,HDPE_Plastic,120,2025-11-01
JUG_03930,HDPE_Plastic,120,2025-11-01
JUG_03931,HDPE_Plastic,120,2025-11-01
JUG_03932,HDPE_Plastic,120,2025-11-01
JUG_03933,HDPE_Plastic,120,2025-11-01
JUG_03934,HDPE_Plastic,120,2025-11-01
JUG_03935,HDPE_Plastic,120,2025-11-01
JUG_03936,HDPE_Plastic,120,2025-11-01
JUG_03937,HDPE_Plastic,120,2025-11-01
JUG_03938,HDPE_Plastic,120,2025-11-01
JUG_03939,HDPE_Plastic,120,2025-11-01
JUG_03940,HDPE_Plastic,120,2025-11-01
JUG_03941,HDPE_Plastic,120,2025-11-01
JUG_03942,HDPE_Plastic,120,2025-11-01
JUG_03943,HDPE_Plastic,120,2025-11-01
JUG_03944,HDPE_Plastic,120,2025-11-01
JUG_03945,HDPE_Plastic,120,2025-11-01
JUG_03946,HDPE_Plastic,120,2025-11-01
JUG_03947,HDPE_Plastic,120,2025-11-01
JUG_03948,HDPE_Plastic,120,2025-11-01
JUG_03949,HDPE_Plastic,120,2025-11-01
JUG_03950,HDPE_Plastic,120,2025-11-01
JUG_03951,HDPE_Plastic,120,2025-11-01
JUG_03952,HDPE_Plastic,120,2025-11-01
JUG_03953,HDPE_Plastic,120,2025-11-01
JUG_03954,HDPE_Plastic,120,2025-11-01
JUG_03955,HDPE_Plastic,120,2025-11-01
JUG_03956,HDPE_Plastic,120,2025-11-01
JUG_03957,HDPE_Plastic,120,2025-11-01
JUG_03958,HDPE_Plastic,120,2025-11-01
JUG_03959,HDPE_Plastic,120,2025-11-01
JUG_03960,HDPE_Plastic,120,2025-11-01
JUG_03961,HDPE_Plastic,120,2025-11-01
JUG_03962,HDPE_Plastic,120,2025-11-01
JUG_03963,HDPE_Plastic,120,2025-11-01
JUG_03964,HDPE_Plastic,120,2025-11-01
JUG_03965,HDPE_Plastic,120,2025-11-01
JUG_03966,HDPE_Plastic,120,2025-11-01
JUG_03967,HDPE_Plastic,120,2025-11-01
JUG_03968,HDPE_Plastic,120,2025-11-01
JUG_03969,HDPE_Plastic,120,2025-11-01
JUG_03970,HDPE_Plastic,120,2025-11-01
JUG_03971,HDPE_Plastic,120,2025-11-01
JUG_03972,HDPE_Plastic,120,2025-11-01
JUG_03973,HDPE_Plastic,120,2025-11-01
JUG_03974,HDPE_Plastic,120,2025-11-01
JUG_03975,HDPE_Plastic,120,2025-11-01
JUG_03976,HDPE_Plastic,120,2025-11-01
JUG_03977,HDPE_Plastic,120,2025-11-01
JUG_03978,HDPE_Plastic,120,2025-11-01
JUG_03979,HDPE_Plastic,120,2025-11-01
JUG_03980,HDPE_Plastic,120,2025-11-01
JUG_03981,HDPE_Plastic,120,2025-11-01
JUG_03982,HDPE_Plastic,120,2025-11-01
JUG_03983,HDPE_Plastic,120,2025-11-01
JUG_03984,HDPE_Plastic,120,2025-11-01
JUG_03985,HDPE_Plastic,120,2025-11-01
JUG_03986,HDPE_Plastic,120,2025-11-01
JUG_03987,HDPE_Plastic,120,2025-11-01
JUG_03988,HDPE_Plastic,120,2025-11-01
JUG_03989,HDPE_Plastic,120,2025-11-01
JUG_03990,HDPE_Plastic,120,2025-11-01
JUG_03991,HDPE_Plastic,120,2025-11-01
JUG_03992,HDPE_Plastic,120,2025-11-01
JUG_03993,HDPE_Plastic,120,2025-11-01
JUG_03994,HDPE_Plastic,120,2025-11-01
JUG_03995,HDPE_Plastic,120,2025-11-01
JUG_03996,HDPE_Plastic,120,2025-11-01
JUG_03997,HDPE_Plastic,120,2025-11-01
JUG_03998,HDPE_Plastic,120,2025-11-01
JUG_03999,HDPE_Plastic,120,2025-11-01
JUG_04000,HDPE_Plastic,120,2025-11-01
JUG_04001,HDPE_Plastic,120,2025-11-01
JUG_04002,HDPE_Plastic,120,2025-11-01
JUG_04003,HDPE_Plastic,120,2025-11-01
JUG_04004,HDPE_Plastic,120,2025-11-01
JUG_04005,HDPE_Plastic,120,2025-11-01
JUG_04006,HDPE_Plastic,120,2025-11-01
JUG_04007,HDPE_Plastic,120,2025-11-01
JUG_04008,HDPE_Plastic,120,2025-11-01
JUG_04009,HDPE_Plastic,120,2025-11-01
JUG_04010,HDPE_Plastic,120,2025-11-01
JUG_04011,HDPE_Plastic,120,2025-11-01
JUG_04012,HDPE_Plastic,120,2025-11-01
JUG_04013,HDPE_Plastic,120,2025-11-01
JUG_04014,HDPE_Plastic,120,2025-11-01
JUG_04015,HDPE_Plastic,120,2025-11-01
JUG_04016,HDPE_Plastic,120,2025-11-01
JUG_04017,HDPE_Plastic,120,2025-11-01
JUG_04018,HDPE_Plastic,120,2025-11-01
JUG_04019,HDPE_Plastic,120,2025-11-01
JUG_04020,HDPE_Plastic,120,2025-11-01
JUG_04021,HDPE_Plastic,120,2025-11-01
JUG_04022,HDPE_Plastic,120,2025-11-01
JUG_04023,HDPE_Plastic,120,2025-11-01
JUG_04024,HDPE_Plastic,120,2025-11-01
JUG_04025,HDPE_Plastic,120,2025-11-01
JUG_04026,HDPE_Plastic,120,2025-11-01
JUG_04027,HDPE_Plastic,120,2025-11-01
JUG_04028,HDPE_Plastic,120,2025-11-01
JUG_04029,HDPE_Plastic,120,2025-11-01
JUG_04030,HDPE_Plastic,120,2025-11-01
JUG_04031,HDPE_Plastic,120,2025-11-01
JUG_04032,HDPE_Plastic,120,2025-11-01
JUG_04033,HDPE_Plastic,120,2025-11-01
JUG_04034,HDPE_Plastic,120,2025-11-01
JUG_04035,HDPE_Plastic,120,2025-11-01
JUG_04036,HDPE_Plastic,120,2025-11-01
JUG_04037,HDPE_Plastic,120,2025-11-01
JUG_04038,HDPE_Plastic,120,2025-11-01
JUG_04039,HDPE_Plastic,120,2025-11-01
JUG_04040,HDPE_Plastic,120,2025-11-01
JUG_04041,HDPE_Plastic,120,2025-11-01
JUG_04042,HDPE_Plastic,120,2025-11-01
JUG_04043,HDPE_Plastic,120,2025-11-01
JUG_04044,HDPE_Plastic,120,2025-11-01
JUG_04045,HDPE_Plastic,120,2025-11-01
JUG_04046,HDPE_Plastic,120,2025-11-01
JUG_04047,HDPE_Plastic,120,2025-11-01
JUG_04048,HDPE_Plastic,120,2025-11-01
JUG_04049,HDPE_Plastic,120,2025-11-01
JUG_04050,HDPE_Plastic,120,2025-11-01
JUG_04051,HDPE_Plastic,120,2025-11-01
JUG_04052,HDPE_Plastic,120,2025-11-01
JUG_04053,HDPE_Plastic,120,2025-11-01
JUG_04054,HDPE_Plastic,120,2025-11-01
JUG_04055,HDPE_Plastic,120,2025-11-01
JUG_04056,HDPE_Plastic,120,2025-11-01
JUG_04057,HDPE_Plastic,120,2025-11-01
JUG_04058,HDPE_Plastic,120,2025-11-01
JUG_04059,HDPE_Plastic,120,2025-11-01
JUG_04060,HDPE_Plastic,120,2025-11-01
JUG_04061,HDPE_Plastic,120,2025-11-01
JUG_04062,HDPE_Plastic,120,2025-11-01
JUG_04063,HDPE_Plastic,120,2025-11-01
JUG_04064,HDPE_Plastic,120,2025-11-01
JUG_04065,HDPE_Plastic,120,2025-11-01
JUG_04066,HDPE_Plastic,120,2025-11-01
JUG_04067,HDPE_Plastic,120,2025-11-01
JUG_04068,HDPE_Plastic,120,2025-11-01
JUG_04069,HDPE_Plastic,120,2025-11-01
JUG_04070,HDPE_Plastic,120,2025-11-01
JUG_04071,HDPE_Plastic,120,2025-11-01
JUG_04072,HDPE_Plastic,120,2025-11-01
JUG_04073,HDPE_Plastic,120,2025-11-01
JUG_04074,HDPE_Plastic,120,2025-11-01
JUG_04075,HDPE_Plastic,120,2025-11-01
JUG_04076,HDPE_Plastic,120,2025-11-01
JUG_04077,HDPE_Plastic,120,2025-11-01
JUG_04078,HDPE_Plastic,120,2025-11-01
JUG_04079,HDPE_Plastic,120,2025-11-01
JUG_04080,HDPE_Plastic,120,2025-11-01
JUG_04081,HDPE_Plastic,120,2025-11-01
JUG_04082,HDPE_Plastic,120,2025-11-01
JUG_04083,HDPE_Plastic,120,2025-11-01
JUG_04084,HDPE_Plastic,120,2025-11-01
JUG_04085,HDPE_Plastic,120,2025-11-01
JUG_04086,HDPE_Plastic,120,2025-11-01
JUG_04087,HDPE_Plastic,120,2025-11-01
JUG_04088,HDPE_Plastic,120,2025-11-01
JUG_04089,HDPE_Plastic,120,2025-11-01
JUG_04090,HDPE_Plastic,120,2025-11-01
JUG_04091,HDPE_Plastic,120,2025-11-01
JUG_04092,HDPE_Plastic,120,2025-11-01
JUG_04093,HDPE_Plastic,120,2025-11-01
JUG_04094,HDPE_Plastic,120,2025-11-01
JUG_04095,HDPE_Plastic,120,2025-11-01
JUG_04096,HDPE_Plastic,120,2025-11-01
JUG_04097,HDPE_Plastic,120,2025-11-01
JUG_04098,HDPE_Plastic,120,2025-11-01
JUG_04099,HDPE_Plastic,120,2025-11-01
JUG_04100,HDPE_Plastic,120,2025-11-01
JUG_04101,HDPE_Plastic,120,2025-11-01
JUG_04102,HDPE_Plastic,120,2025-11-01
JUG_04103,HDPE_Plastic,120,2025-11-01
JUG_04104,HDPE_Plastic,120,2025-11-01
JUG_04105,HDPE_Plastic,120,2025-11-01
JUG_04106,HDPE_Plastic,120,2025-11-01
JUG_04107,HDPE_Plastic,120,2025-11-01
JUG_04108,HDPE_Plastic,120,2025-11-01
JUG_04109,HDPE_Plastic,120,2025-11-01
JUG_04110,HDPE_Plastic,120,2025-11-01
JUG_04111,HDPE_Plastic,120,2025-11-01
JUG_04112,HDPE_Plastic,120,2025-11-01
JUG_04113,HDPE_Plastic,120,2025-11-01
JUG_04114,HDPE_Plastic,120,2025-11-01
JUG_04115,HDPE_Plastic,120,2025-11-01
JUG_04116,HDPE_Plastic,120,2025-11-01
JUG_04117,HDPE_Plastic,120,2025-11-01
JUG_04118,HDPE_Plastic,120,2025-11-01
JUG_04119,HDPE_Plastic,120,2025-11-01
JUG_04120,HDPE_Plastic,120,2025-11-01
JUG_04121,HDPE_Plastic,120,2025-11-01
JUG_04122,HDPE_Plastic,120,2025-11-01
JUG_04123,HDPE_Plastic,120,2025-11-01
JUG_04124,HDPE_Plastic,120,2025-11-01
JUG_04125,HDPE_Plastic,120,2025-11-01
JUG_04126,HDPE_Plastic,120,2025-11-01
JUG_04127,HDPE_Plastic,120,2025-11-01
JUG_04128,HDPE_Plastic,120,2025-11-01
JUG_04129,HDPE_Plastic,120,2025-11-01
JUG_04130,HDPE_Plastic,120,2025-11-01
JUG_04131,HDPE_Plastic,120,2025-11-01
JUG_04132,HDPE_Plastic,120,2025-11-01
JUG_04133,HDPE_Plastic,120,2025-11-01
JUG_04134,HDPE_Plastic,120,2025-11-01
JUG_04135,HDPE_Plastic,120,2025-11-01
JUG_04136,HDPE_Plastic,120,2025-11-01
JUG_04137,HDPE_Plastic,120,2025-11-01
JUG_04138,HDPE_Plastic,120,2025-11-01
JUG_04139,HDPE_Plastic,120,2025-11-01
JUG_04140,HDPE_Plastic,120,2025-11-01
JUG_04141,HDPE_Plastic,120,2025-11-01
JUG_04142,HDPE_Plastic,120,2025-11-01
JUG_04143,HDPE_Plastic,120,2025-11-01
JUG_04144,HDPE_Plastic,120,2025-11-01
JUG_04145,HDPE_Plastic,120,2025-11-01
JUG_04146,HDPE_Plastic,120,2025-11-01
JUG_04147,HDPE_Plastic,120,2025-11-01
JUG_04148,HDPE_Plastic,120,2025-11-01
JUG_04149,HDPE_Plastic,120,2025-11-01
JUG_04150,HDPE_Plastic,120,2025-11-01
JUG_04151,HDPE_Plastic,120,2025-11-01
JUG_04152,HDPE_Plastic,120,2025-11-01
JUG_04153,HDPE_Plastic,120,2025-11-01
JUG_04154,HDPE_Plastic,120,2025-11-01
JUG_04155,HDPE_Plastic,120,2025-11-01
JUG_04156,HDPE_Plastic,120,2025-11-01
JUG_04157,HDPE_Plastic,120,2025-11-01
JUG_04158,HDPE_Plastic,120,2025-11-01
JUG_04159,HDPE_Plastic,120,2025-11-01
JUG_04160,HDPE_Plastic,120,2025-11-01
JUG_04161,HDPE_Plastic,120,2025-11-01
JUG_04162,HDPE_Plastic,120,2025-11-01
JUG_04163,HDPE_Plastic,120,2025-11-01
JUG_04164,HDPE_Plastic,120,2025-11-01
JUG_04165,HDPE_Plastic,120,2025-11-01
JUG_04166,HDPE_Plastic,120,2025-11-01
JUG_04167,HDPE_Plastic,120,2025-11-01
JUG_04168,HDPE_Plastic,120,2025-11-01
JUG_04169,HDPE_Plastic,120,2025-11-01
JUG_04170,HDPE_Plastic,120,2025-11-01
JUG_04171,HDPE_Plastic,120,2025-11-01
JUG_04172,HDPE_Plastic,120,2025-11-01
JUG_04173,HDPE_Plastic,120,2025-11-01
JUG_04174,HDPE_Plastic,120,2025-11-01
JUG_04175,HDPE_Plastic,120,2025-11-01
JUG_04176,HDPE_Plastic,120,2025-11-01
JUG_04177,HDPE_Plastic,120,2025-11-01
JUG_04178,HDPE_Plastic,120,2025-11-01
JUG_04179,HDPE_Plastic,120,2025-11-01
JUG_04180,HDPE_Plastic,120,2025-11-01
JUG_04181,HDPE_Plastic,120,2025-11-01
JUG_04182,HDPE_Plastic,120,2025-11-01
JUG_04183,HDPE_Plastic,120,2025-11-01
JUG_04184,HDPE_Plastic,120,2025-11-01
JUG_04185,HDPE_Plastic,120,2025-11-01
JUG_04186,HDPE_Plastic,120,2025-11-01
JUG_04187,HDPE_Plastic,120,2025-11-01
JUG_04188,HDPE_Plastic,120,2025-11-01
JUG_04189,HDPE_Plastic,120,2025-11-01
JUG_04190,HDPE_Plastic,120,2025-11-01
JUG_04191,HDPE_Plastic,120,2025-11-01
JUG_04192,HDPE_Plastic,120,2025-11-01
JUG_04193,HDPE_Plastic,120,2025-11-01
JUG_04194,HDPE_Plastic,120,2025-11-01
JUG_04195,HDPE_Plastic,120,2025-11-01
JUG_04196,HDPE_Plastic,120,2025-11-01
JUG_04197,HDPE_Plastic,120,2025-11-01
JUG_04198,HDPE_Plastic,120,2025-11-01
JUG_04199,HDPE_Plastic,120,2025-11-01
JUG_04200,HDPE_Plastic,120,2025-11-01
JUG_04201,HDPE_Plastic,120,2025-11-01
JUG_04202,HDPE_Plastic,120,2025-11-01
JUG_04203,HDPE_Plastic,120,2025-11-01
JUG_04204,HDPE_Plastic,120,2025-11-01
JUG_04205,HDPE_Plastic,120,2025-11-01
JUG_04206,HDPE_Plastic,120,2025-11-01
JUG_04207,HDPE_Plastic,120,2025-11-01
JUG_04208,HDPE_Plastic,120,2025-11-01
JUG_04209,HDPE_Plastic,120,2025-11-01
JUG_04210,HDPE_Plastic,120,2025-11-01
JUG_04211,HDPE_Plastic,120,2025-11-01
JUG_04212,HDPE_Plastic,120,2025-11-01
JUG_04213,HDPE_Plastic,120,2025-11-01
JUG_04214,HDPE_Plastic,120,2025-11-01
JUG_04215,HDPE_Plastic,120,2025-11-01
JUG_04216,HDPE_Plastic,120,2025-11-01
JUG_04217,HDPE_Plastic,120,2025-11-01
JUG_04218,HDPE_Plastic,120,2025-11-01
JUG_04219,HDPE_Plastic,120,2025-11-01
JUG_04220,HDPE_Plastic,120,2025-11-01
JUG_04221,HDPE_Plastic,120,2025-11-01
JUG_04222,HDPE_Plastic,120,2025-11-01
JUG_04223,HDPE_Plastic,120,2025-11-01
JUG_04224,HDPE_Plastic,120,2025-11-01
JUG_04225,HDPE_Plastic,120,2025-11-01
JUG_04226,HDPE_Plastic,120,2025-11-01
JUG_04227,HDPE_Plastic,120,2025-11-01
JUG_04228,HDPE_Plastic,120,2025-11-01
JUG_04229,HDPE_Plastic,120,2025-11-01
JUG_04230,HDPE_Plastic,120,2025-11-01
JUG_04231,HDPE_Plastic,120,2025-11-01
JUG_04232,HDPE_Plastic,120,2025-11-01
JUG_04233,HDPE_Plastic,120,2025-11-01
JUG_04234,HDPE_Plastic,120,2025-11-01
JUG_04235,HDPE_Plastic,120,2025-11-01
JUG_04236,HDPE_Plastic,120,2025-11-01
JUG_04237,HDPE_Plastic,120,2025-11-01
JUG_04238,HDPE_Plastic,120,2025-11-01
JUG_04239,HDPE_Plastic,120,2025-11-01
JUG_04240,HDPE_Plastic,120,2025-11-01
JUG_04241,HDPE_Plastic,120,2025-11-01
JUG_04242,HDPE_Plastic,120,2025-11-01
JUG_04243,HDPE_Plastic,120,2025-11-01
JUG_04244,HDPE_Plastic,120,2025-11-01
JUG_04245,HDPE_Plastic,120,2025-11-01
JUG_04246,HDPE_Plastic,120,2025-11-01
JUG_04247,HDPE_Plastic,120,2025-11-01
JUG_04248,HDPE_Plastic,120,2025-11-01
JUG_04249,HDPE_Plastic,120,2025-11-01
JUG_04250,HDPE_Plastic,120,2025-11-01
JUG_04251,HDPE_Plastic,120,2025-11-01
JUG_04252,HDPE_Plastic,120,2025-11-01
JUG_04253,HDPE_Plastic,120,2025-11-01
JUG_04254,HDPE_Plastic,120,2025-11-01
JUG_04255,HDPE_Plastic,120,2025-11-01
JUG_04256,HDPE_Plastic,120,2025-11-01
JUG_04257,HDPE_Plastic,120,2025-11-01
JUG_04258,HDPE_Plastic,120,2025-11-01
JUG_04259,HDPE_Plastic,120,2025-11-01
JUG_04260,HDPE_Plastic,120,2025-11-01
JUG_04261,HDPE_Plastic,120,2025-11-01
JUG_04262,HDPE_Plastic,120,2025-11-01
JUG_04263,HDPE_Plastic,120,2025-11-01
JUG_04264,HDPE_Plastic,120,2025-11-01
JUG_04265,HDPE_Plastic,120,2025-11-01
JUG_04266,HDPE_Plastic,120,2025-11-01
JUG_04267,HDPE_Plastic,120,2025-11-01
JUG_04268,HDPE_Plastic,120,2025-11-01
JUG_04269,HDPE_Plastic,120,2025-11-01
JUG_04270,HDPE_Plastic,120,2025-11-01
JUG_04271,HDPE_Plastic,120,2025-11-01
JUG_04272,HDPE_Plastic,120,2025-11-01
JUG_04273,HDPE_Plastic,120,2025-11-01
JUG_04274,HDPE_Plastic,120,2025-11-01
JUG_04275,HDPE_Plastic,120,2025-11-01
JUG_04276,HDPE_Plastic,120,2025-11-01
JUG_04277,HDPE_Plastic,120,2025-11-01
JUG_04278,HDPE_Plastic,120,2025-11-01
JUG_04279,HDPE_Plastic,120,2025-11-01
JUG_04280,HDPE_Plastic,120,2025-11-01
JUG_04281,HDPE_Plastic,120,2025-11-01
JUG_04282,HDPE_Plastic,120,2025-11-01
JUG_04283,HDPE_Plastic,120,2025-11-01
JUG_04284,HDPE_Plastic,120,2025-11-01
JUG_04285,HDPE_Plastic,120,2025-11-01
JUG_04286,HDPE_Plastic,120,2025-11-01
JUG_04287,HDPE_Plastic,120,2025-11-01
JUG_04288,HDPE_Plastic,120,2025-11-01
JUG_04289,HDPE_Plastic,120,2025-11-01
JUG_04290,HDPE_Plastic,120,2025-11-01
JUG_04291,HDPE_Plastic,120,2025-11-01
JUG_04292,HDPE_Plastic,120,2025-11-01
JUG_04293,HDPE_Plastic,120,2025-11-01
JUG_04294,HDPE_Plastic,120,2025-11-01
JUG_04295,HDPE_Plastic,120,2025-11-01
JUG_04296,HDPE_Plastic,120,2025-11-01
JUG_04297,HDPE_Plastic,120,2025-11-01
JUG_04298,HDPE_Plastic,120,2025-11-01
JUG_04299,HDPE_Plastic,120,2025-11-01
JUG_04300,HDPE_Plastic,120,2025-11-01
JUG_04301,HDPE_Plastic,120,2025-11-01
JUG_04302,HDPE_Plastic,120,2025-11-01
JUG_04303,HDPE_Plastic,120,2025-11-01
JUG_04304,HDPE_Plastic,120,2025-11-01
JUG_04305,HDPE_Plastic,120,2025-11-01
JUG_04306,HDPE_Plastic,120,2025-11-01
JUG_04307,HDPE_Plastic,120,2025-11-01
JUG_04308,HDPE_Plastic,120,2025-11-01
JUG_04309,HDPE_Plastic,120,2025-11-01
JUG_04310,HDPE_Plastic,120,2025-11-01
JUG_04311,HDPE_Plastic,120,2025-11-01
JUG_04312,HDPE_Plastic,120,2025-11-01
JUG_04313,HDPE_Plastic,120,2025-11-01
JUG_04314,HDPE_Plastic,120,2025-11-01
JUG_04315,HDPE_Plastic,120,2025-11-01
JUG_04316,HDPE_Plastic,120,2025-11-01
JUG_04317,HDPE_Plastic,120,2025-11-01
JUG_04318,HDPE_Plastic,120,2025-11-01
JUG_04319,HDPE_Plastic,120,2025-11-01
JUG_04320,HDPE_Plastic,120,2025-11-01
JUG_04321,HDPE_Plastic,120,2025-11-01
JUG_04322,HDPE_Plastic,120,2025-11-01
JUG_04323,HDPE_Plastic,120,2025-11-01
JUG_04324,HDPE_Plastic,120,2025-11-01
JUG_04325,HDPE_Plastic,120,2025-11-01
JUG_04326,HDPE_Plastic,120,2025-11-01
JUG_04327,HDPE_Plastic,120,2025-11-01
JUG_04328,HDPE_Plastic,120,2025-11-01
JUG_04329,HDPE_Plastic,120,2025-11-01
JUG_04330,HDPE_Plastic,120,2025-11-01
JUG_04331,HDPE_Plastic,120,2025-11-01
JUG_04332,HDPE_Plastic,120,2025-11-01
JUG_04333,HDPE_Plastic,120,2025-11-01
JUG_04334,HDPE_Plastic,120,2025-11-01
JUG_04335,HDPE_Plastic,120,2025-11-01
JUG_04336,HDPE_Plastic,120,2025-11-01
JUG_04337,HDPE_Plastic,120,2025-11-01
JUG_04338,HDPE_Plastic,120,2025-11-01
JUG_04339,HDPE_Plastic,120,2025-11-01
JUG_04340,HDPE_Plastic,120,2025-11-01
JUG_04341,HDPE_Plastic,120,2025-11-01
JUG_04342,HDPE_Plastic,120,2025-11-01
JUG_04343,HDPE_Plastic,120,2025-11-01
JUG_04344,HDPE_Plastic,120,2025-11-01
JUG_04345,HDPE_Plastic,120,2025-11-01
JUG_04346,HDPE_Plastic,120,2025-11-01
JUG_04347,HDPE_Plastic,120,2025-11-01
JUG_04348,HDPE_Plastic,120,2025-11-01
JUG_04349,HDPE_Plastic,120,2025-11-01
JUG_04350,HDPE_Plastic,120,2025-11-01
JUG_04351,HDPE_Plastic,120,2025-11-01
JUG_04352,HDPE_Plastic,120,2025-11-01
JUG_04353,HDPE_Plastic,120,2025-11-01
JUG_04354,HDPE_Plastic,120,2025-11-01
JUG_04355,HDPE_Plastic,120,2025-11-01
JUG_04356,HDPE_Plastic,120,2025-11-01
JUG_04357,HDPE_Plastic,120,2025-11-01
JUG_04358,HDPE_Plastic,120,2025-11-01
JUG_04359,HDPE_Plastic,120,2025-11-01
JUG_04360,HDPE_Plastic,120,2025-11-01
JUG_04361,HDPE_Plastic,120,2025-11-01
JUG_04362,HDPE_Plastic,120,2025-11-01
JUG_04363,HDPE_Plastic,120,2025-11-01
JUG_04364,HDPE_Plastic,120,2025-11-01
JUG_04365,HDPE_Plastic,120,2025-11-01
JUG_04366,HDPE_Plastic,120,2025-11-01
JUG_04367,HDPE_Plastic,120,2025-11-01
JUG_04368,HDPE_Plastic,120,2025-11-01
JUG_04369,HDPE_Plastic,120,2025-11-01
JUG_04370,HDPE_Plastic,120,2025-11-01
JUG_04371,HDPE_Plastic,120,2025-11-01
JUG_04372,HDPE_Plastic,120,2025-11-01
JUG_04373,HDPE_Plastic,120,2025-11-01
JUG_04374,HDPE_Plastic,120,2025-11-01
JUG_04375,HDPE_Plastic,120,2025-11-01
JUG_04376,HDPE_Plastic,120,2025-11-01
JUG_04377,HDPE_Plastic,120,2025-11-01
JUG_04378,HDPE_Plastic,120,2025-11-01
JUG_04379,HDPE_Plastic,120,2025-11-01
JUG_04380,HDPE_Plastic,120,2025-11-01
JUG_04381,HDPE_Plastic,120,2025-11-01
JUG_04382,HDPE_Plastic,120,2025-11-01
JUG_04383,HDPE_Plastic,120,2025-11-01
JUG_04384,HDPE_Plastic,120,2025-11-01
JUG_04385,HDPE_Plastic,120,2025-11-01
JUG_04386,HDPE_Plastic,120,2025-11-01
JUG_04387,HDPE_Plastic,120,2025-11-01
JUG_04388,HDPE_Plastic,120,2025-11-01
JUG_04389,HDPE_Plastic,120,2025-11-01
JUG_04390,HDPE_Plastic,120,2025-11-01
JUG_04391,HDPE_Plastic,120,2025-11-01
JUG_04392,HDPE_Plastic,120,2025-11-01
JUG_04393,HDPE_Plastic,120,2025-11-01
JUG_04394,HDPE_Plastic,120,2025-11-01
JUG_04395,HDPE_Plastic,120,2025-11-01
JUG_04396,HDPE_Plastic,120,2025-11-01
JUG_04397,HDPE_Plastic,120,2025-11-01
JUG_04398,HDPE_Plastic,120,2025-11-01
JUG_04399,HDPE_Plastic,120,2025-11-01
JUG_04400,HDPE_Plastic,120,2025-11-01
JUG_04401,HDPE_Plastic,120,2025-11-01
JUG_04402,HDPE_Plastic,120,2025-11-01
JUG_04403,HDPE_Plastic,120,2025-11-01
JUG_04404,HDPE_Plastic,120,2025-11-01
JUG_04405,HDPE_Plastic,120,2025-11-01
JUG_04406,HDPE_Plastic,120,2025-11-01
JUG_04407,HDPE_Plastic,120,2025-11-01
JUG_04408,HDPE_Plastic,120,2025-11-01
JUG_04409,HDPE_Plastic,120,2025-11-01
JUG_04410,HDPE_Plastic,120,2025-11-01
JUG_04411,HDPE_Plastic,120,2025-11-01
JUG_04412,HDPE_Plastic,120,2025-11-01
JUG_04413,HDPE_Plastic,120,2025-11-01
JUG_04414,HDPE_Plastic,120,2025-11-01
JUG_04415,HDPE_Plastic,120,2025-11-01
JUG_04416,HDPE_Plastic,120,2025-11-01
JUG_04417,HDPE_Plastic,120,2025-11-01
JUG_04418,HDPE_Plastic,120,2025-11-01
JUG_04419,HDPE_Plastic,120,2025-11-01
JUG_04420,HDPE_Plastic,120,2025-11-01
JUG_04421,HDPE_Plastic,120,2025-11-01
JUG_04422,HDPE_Plastic,120,2025-11-01
JUG_04423,HDPE_Plastic,120,2025-11-01
JUG_04424,HDPE_Plastic,120,2025-11-01
JUG_04425,HDPE_Plastic,120,2025-11-01
JUG_04426,HDPE_Plastic,120,2025-11-01
JUG_04427,HDPE_Plastic,120,2025-11-01
JUG_04428,HDPE_Plastic,120,2025-11-01
JUG_04429,HDPE_Plastic,120,2025-11-01
JUG_04430,HDPE_Plastic,120,2025-11-01
JUG_04431,HDPE_Plastic,120,2025-11-01
JUG_04432,HDPE_Plastic,120,2025-11-01
JUG_04433,HDPE_Plastic,120,2025-11-01
JUG_04434,HDPE_Plastic,120,2025-11-01
JUG_04435,HDPE_Plastic,120,2025-11-01
JUG_04436,HDPE_Plastic,120,2025-11-01
JUG_04437,HDPE_Plastic,120,2025-11-01
JUG_04438,HDPE_Plastic,120,2025-11-01
JUG_04439,HDPE_Plastic,120,2025-11-01
JUG_04440,HDPE_Plastic,120,2025-11-01
JUG_04441,HDPE_Plastic,120,2025-11-01
JUG_04442,HDPE_Plastic,120,2025-11-01
JUG_04443,HDPE_Plastic,120,2025-11-01
JUG_04444,HDPE_Plastic,120,2025-11-01
JUG_04445,HDPE_Plastic,120,2025-11-01
JUG_04446,HDPE_Plastic,120,2025-11-01
JUG_04447,HDPE_Plastic,120,2025-11-01
JUG_04448,HDPE_Plastic,120,2025-11-01
JUG_04449,HDPE_Plastic,120,2025-11-01
JUG_04450,HDPE_Plastic,120,2025-11-01
JUG_04451,HDPE_Plastic,120,2025-11-01
JUG_04452,HDPE_Plastic,120,2025-11-01
JUG_04453,HDPE_Plastic,120,2025-11-01
JUG_04454,HDPE_Plastic,120,2025-11-01
JUG_04455,HDPE_Plastic,120,2025-11-01
JUG_04456,HDPE_Plastic,120,2025-11-01
JUG_04457,HDPE_Plastic,120,2025-11-01
JUG_04458,HDPE_Plastic,120,2025-11-01
JUG_04459,HDPE_Plastic,120,2025-11-01
JUG_04460,HDPE_Plastic,120,2025-11-01
JUG_04461,HDPE_Plastic,120,2025-11-01
JUG_04462,HDPE_Plastic,120,2025-11-01
JUG_04463,HDPE_Plastic,120,2025-11-01
JUG_04464,HDPE_Plastic,120,2025-11-01
JUG_04465,HDPE_Plastic,120,2025-11-01
JUG_04466,HDPE_Plastic,120,2025-11-01
JUG_04467,HDPE_Plastic,120,2025-11-01
JUG_04468,HDPE_Plastic,120,2025-11-01
JUG_04469,HDPE_Plastic,120,2025-11-01
JUG_04470,HDPE_Plastic,120,2025-11-01
JUG_04471,HDPE_Plastic,120,2025-11-01
JUG_04472,HDPE_Plastic,120,2025-11-01
JUG_04473,HDPE_Plastic,120,2025-11-01
JUG_04474,HDPE_Plastic,120,2025-11-01
JUG_04475,HDPE_Plastic,120,2025-11-01
JUG_04476,HDPE_Plastic,120,2025-11-01
JUG_04477,HDPE_Plastic,120,2025-11-01
JUG_04478,HDPE_Plastic,120,2025-11-01
JUG_04479,HDPE_Plastic,120,2025-11-01
JUG_04480,HDPE_Plastic,120,2025-11-01
JUG_04481,HDPE_Plastic,120,2025-11-01
JUG_04482,HDPE_Plastic,120,2025-11-01
JUG_04483,HDPE_Plastic,120,2025-11-01
JUG_04484,HDPE_Plastic,120,2025-11-01
JUG_04485,HDPE_Plastic,120,2025-11-01
JUG_04486,HDPE_Plastic,120,2025-11-01
JUG_04487,HDPE_Plastic,120,2025-11-01
JUG_04488,HDPE_Plastic,120,2025-11-01
JUG_04489,HDPE_Plastic,120,2025-11-01
JUG_04490,HDPE_Plastic,120,2025-11-01
JUG_04491,HDPE_Plastic,120,2025-11-01
JUG_04492,HDPE_Plastic,120,2025-11-01
JUG_04493,HDPE_Plastic,120,2025-11-01
JUG_04494,HDPE_Plastic,120,2025-11-01
JUG_04495,HDPE_Plastic,120,2025-11-01
JUG_04496,HDPE_Plastic,120,2025-11-01
JUG_04497,HDPE_Plastic,120,2025-11-01
JUG_04498,HDPE_Plastic,120,2025-11-01
JUG_04499,HDPE_Plastic,120,2025-11-01
JUG_04500,HDPE_Plastic,120,2025-11-01
JUG_04501,HDPE_Plastic,120,2025-11-01
JUG_04502,HDPE_Plastic,120,2025-11-01
JUG_04503,HDPE_Plastic,120,2025-11-01
JUG_04504,HDPE_Plastic,120,2025-11-01
JUG_04505,HDPE_Plastic,120,2025-11-01
JUG_04506,HDPE_Plastic,120,2025-11-01
JUG_04507,HDPE_Plastic,120,2025-11-01
JUG_04508,HDPE_Plastic,120,2025-11-01
JUG_04509,HDPE_Plastic,120,2025-11-01
JUG_04510,HDPE_Plastic,120,2025-11-01
JUG_04511,HDPE_Plastic,120,2025-11-01
JUG_04512,HDPE_Plastic,120,2025-11-01
JUG_04513,HDPE_Plastic,120,2025-11-01
JUG_04514,HDPE_Plastic,120,2025-11-01
JUG_04515,HDPE_Plastic,120,2025-11-01
JUG_04516,HDPE_Plastic,120,2025-11-01
JUG_04517,HDPE_Plastic,120,2025-11-01
JUG_04518,HDPE_Plastic,120,2025-11-01
JUG_04519,HDPE_Plastic,120,2025-11-01
JUG_04520,HDPE_Plastic,120,2025-11-01
JUG_04521,HDPE_Plastic,120,2025-11-01
JUG_04522,HDPE_Plastic,120,2025-11-01
JUG_04523,HDPE_Plastic,120,2025-11-01
JUG_04524,HDPE_Plastic,120,2025-11-01
JUG_04525,HDPE_Plastic,120,2025-11-01
JUG_04526,HDPE_Plastic,120,2025-11-01
JUG_04527,HDPE_Plastic,120,2025-11-01
JUG_04528,HDPE_Plastic,120,2025-11-01
JUG_04529,HDPE_Plastic,120,2025-11-01
JUG_04530,HDPE_Plastic,120,2025-11-01
JUG_04531,HDPE_Plastic,120,2025-11-01
JUG_04532,HDPE_Plastic,120,2025-11-01
JUG_04533,HDPE_Plastic,120,2025-11-01
JUG_04534,HDPE_Plastic,120,2025-11-01
JUG_04535,HDPE_Plastic,120,2025-11-01
JUG_04536,HDPE_Plastic,120,2025-11-01
JUG_04537,HDPE_Plastic,120,2025-11-01
JUG_04538,HDPE_Plastic,120,2025-11-01
JUG_04539,HDPE_Plastic,120,2025-11-01
JUG_04540,HDPE_Plastic,120,2025-11-01
JUG_04541,HDPE_Plastic,120,2025-11-01
JUG_04542,HDPE_Plastic,120,2025-11-01
JUG_04543,HDPE_Plastic,120,2025-11-01
JUG_04544,HDPE_Plastic,120,2025-11-01
JUG_04545,HDPE_Plastic,120,2025-11-01
JUG_04546,HDPE_Plastic,120,2025-11-01
JUG_04547,HDPE_Plastic,120,2025-11-01
JUG_04548,HDPE_Plastic,120,2025-11-01
JUG_04549,HDPE_Plastic,120,2025-11-01
JUG_04550,HDPE_Plastic,120,2025-11-01
JUG_04551,HDPE_Plastic,120,2025-11-01
JUG_04552,HDPE_Plastic,120,2025-11-01
JUG_04553,HDPE_Plastic,120,2025-11-01
JUG_04554,HDPE_Plastic,120,2025-11-01
JUG_04555,HDPE_Plastic,120,2025-11-01
JUG_04556,HDPE_Plastic,120,2025-11-01
JUG_04557,HDPE_Plastic,120,2025-11-01
JUG_04558,HDPE_Plastic,120,2025-11-01
JUG_04559,HDPE_Plastic,120,2025-11-01
JUG_04560,HDPE_Plastic,120,2025-11-01
JUG_04561,HDPE_Plastic,120,2025-11-01
JUG_04562,HDPE_Plastic,120,2025-11-01
JUG_04563,HDPE_Plastic,120,2025-11-01
JUG_04564,HDPE_Plastic,120,2025-11-01
JUG_04565,HDPE_Plastic,120,2025-11-01
JUG_04566,HDPE_Plastic,120,2025-11-01
JUG_04567,HDPE_Plastic,120,2025-11-01
JUG_04568,HDPE_Plastic,120,2025-11-01
JUG_04569,HDPE_Plastic,120,2025-11-01
JUG_04570,HDPE_Plastic,120,2025-11-01
JUG_04571,HDPE_Plastic,120,2025-11-01
JUG_04572,HDPE_Plastic,120,2025-11-01
JUG_04573,HDPE_Plastic,120,2025-11-01
JUG_04574,HDPE_Plastic,120,2025-11-01
JUG_04575,HDPE_Plastic,120,2025-11-01
JUG_04576,HDPE_Plastic,120,2025-11-01
JUG_04577,HDPE_Plastic,120,2025-11-01
JUG_04578,HDPE_Plastic,120,2025-11-01
JUG_04579,HDPE_Plastic,120,2025-11-01
JUG_04580,HDPE_Plastic,120,2025-11-01
JUG_04581,HDPE_Plastic,120,2025-11-01
JUG_04582,HDPE_Plastic,120,2025-11-01
JUG_04583,HDPE_Plastic,120,2025-11-01
JUG_04584,HDPE_Plastic,120,2025-11-01
JUG_04585,HDPE_Plastic,120,2025-11-01
JUG_04586,HDPE_Plastic,120,2025-11-01
JUG_04587,HDPE_Plastic,120,2025-11-01
JUG_04588,HDPE_Plastic,120,2025-11-01
JUG_04589,HDPE_Plastic,120,2025-11-01
JUG_04590,HDPE_Plastic,120,2025-11-01
JUG_04591,HDPE_Plastic,120,2025-11-01
JUG_04592,HDPE_Plastic,120,2025-11-01
JUG_04593,HDPE_Plastic,120,2025-11-01
JUG_04594,HDPE_Plastic,120,2025-11-01
JUG_04595,HDPE_Plastic,120,2025-11-01
JUG_04596,HDPE_Plastic,120,2025-11-01
JUG_04597,HDPE_Plastic,120,2025-11-01
JUG_04598,HDPE_Plastic,120,2025-11-01
JUG_04599,HDPE_Plastic,120,2025-11-01
JUG_04600,HDPE_Plastic,120,2025-11-01
JUG_04601,HDPE_Plastic,120,2025-11-01
JUG_04602,HDPE_Plastic,120,2025-11-01
JUG_04603,HDPE_Plastic,120,2025-11-01
JUG_04604,HDPE_Plastic,120,2025-11-01
JUG_04605,HDPE_Plastic,120,2025-11-01
JUG_04606,HDPE_Plastic,120,2025-11-01
JUG_04607,HDPE_Plastic,120,2025-11-01
JUG_04608,HDPE_Plastic,120,2025-11-01
JUG_04609,HDPE_Plastic,120,2025-11-01
JUG_04610,HDPE_Plastic,120,2025-11-01
JUG_04611,HDPE_Plastic,120,2025-11-01
JUG_04612,HDPE_Plastic,120,2025-11-01
JUG_04613,HDPE_Plastic,120,2025-11-01
JUG_04614,HDPE_Plastic,120,2025-11-01
JUG_04615,HDPE_Plastic,120,2025-11-01
JUG_04616,HDPE_Plastic,120,2025-11-01
JUG_04617,HDPE_Plastic,120,2025-11-01
JUG_04618,HDPE_Plastic,120,2025-11-01
JUG_04619,HDPE_Plastic,120,2025-11-01
JUG_04620,HDPE_Plastic,120,2025-11-01
JUG_04621,HDPE_Plastic,120,2025-11-01
JUG_04622,HDPE_Plastic,120,2025-11-01
JUG_04623,HDPE_Plastic,120,2025-11-01
JUG_04624,HDPE_Plastic,120,2025-11-01
JUG_04625,HDPE_Plastic,120,2025-11-01
JUG_04626,HDPE_Plastic,120,2025-11-01
JUG_04627,HDPE_Plastic,120,2025-11-01
JUG_04628,HDPE_Plastic,120,2025-11-01
JUG_04629,HDPE_Plastic,120,2025-11-01
JUG_04630,HDPE_Plastic,120,2025-11-01
JUG_04631,HDPE_Plastic,120,2025-11-01
JUG_04632,HDPE_Plastic,120,2025-11-01
JUG_04633,HDPE_Plastic,120,2025-11-01
JUG_04634,HDPE_Plastic,120,2025-11-01
JUG_04635,HDPE_Plastic,120,2025-11-01
JUG_04636,HDPE_Plastic,120,2025-11-01
JUG_04637,HDPE_Plastic,120,2025-11-01
JUG_04638,HDPE_Plastic,120,2025-11-01
JUG_04639,HDPE_Plastic,120,2025-11-01
JUG_04640,HDPE_Plastic,120,2025-11-01
JUG_04641,HDPE_Plastic,120,2025-11-01
JUG_04642,HDPE_Plastic,120,2025-11-01
JUG_04643,HDPE_Plastic,120,2025-11-01
JUG_04644,HDPE_Plastic,120,2025-11-01
JUG_04645,HDPE_Plastic,120,2025-11-01
JUG_04646,HDPE_Plastic,120,2025-11-01
JUG_04647,HDPE_Plastic,120,2025-11-01
JUG_04648,HDPE_Plastic,120,2025-11-01
JUG_04649,HDPE_Plastic,120,2025-11-01
JUG_04650,HDPE_Plastic,120,2025-11-01
JUG_04651,HDPE_Plastic,120,2025-11-01
JUG_04652,HDPE_Plastic,120,2025-11-01
JUG_04653,HDPE_Plastic,120,2025-11-01
JUG_04654,HDPE_Plastic,120,2025-11-01
JUG_04655,HDPE_Plastic,120,2025-11-01
JUG_04656,HDPE_Plastic,120,2025-11-01
JUG_04657,HDPE_Plastic,120,2025-11-01
JUG_04658,HDPE_Plastic,120,2025-11-01
JUG_04659,HDPE_Plastic,120,2025-11-01
JUG_04660,HDPE_Plastic,120,2025-11-01
JUG_04661,HDPE_Plastic,120,2025-11-01
JUG_04662,HDPE_Plastic,120,2025-11-01
JUG_04663,HDPE_Plastic,120,2025-11-01
JUG_04664,HDPE_Plastic,120,2025-11-01
JUG_04665,HDPE_Plastic,120,2025-11-01
JUG_04666,HDPE_Plastic,120,2025-11-01
JUG_04667,HDPE_Plastic,120,2025-11-01
JUG_04668,HDPE_Plastic,120,2025-11-01
JUG_04669,HDPE_Plastic,120,2025-11-01
JUG_04670,HDPE_Plastic,120,2025-11-01
JUG_04671,HDPE_Plastic,120,2025-11-01
JUG_04672,HDPE_Plastic,120,2025-11-01
JUG_04673,HDPE_Plastic,120,2025-11-01
JUG_04674,HDPE_Plastic,120,2025-11-01
JUG_04675,HDPE_Plastic,120,2025-11-01
JUG_04676,HDPE_Plastic,120,2025-11-01
JUG_04677,HDPE_Plastic,120,2025-11-01
JUG_04678,HDPE_Plastic,120,2025-11-01
JUG_04679,HDPE_Plastic,120,2025-11-01
JUG_04680,HDPE_Plastic,120,2025-11-01
JUG_04681,HDPE_Plastic,120,2025-11-01
JUG_04682,HDPE_Plastic,120,2025-11-01
JUG_04683,HDPE_Plastic,120,2025-11-01
JUG_04684,HDPE_Plastic,120,2025-11-01
JUG_04685,HDPE_Plastic,120,2025-11-01
JUG_04686,HDPE_Plastic,120,2025-11-01
JUG_04687,HDPE_Plastic,120,2025-11-01
JUG_04688,HDPE_Plastic,120,2025-11-01
JUG_04689,HDPE_Plastic,120,2025-11-01
JUG_04690,HDPE_Plastic,120,2025-11-01
JUG_04691,HDPE_Plastic,120,2025-11-01
JUG_04692,HDPE_Plastic,120,2025-11-01
JUG_04693,HDPE_Plastic,120,2025-11-01
JUG_04694,HDPE_Plastic,120,2025-11-01
JUG_04695,HDPE_Plastic,120,2025-11-01
JUG_04696,HDPE_Plastic,120,2025-11-01
JUG_04697,HDPE_Plastic,120,2025-11-01
JUG_04698,HDPE_Plastic,120,2025-11-01
JUG_04699,HDPE_Plastic,120,2025-11-01
JUG_04700,HDPE_Plastic,120,2025-11-01
JUG_04701,HDPE_Plastic,120,2025-11-01
JUG_04702,HDPE_Plastic,120,2025-11-01
JUG_04703,HDPE_Plastic,120,2025-11-01
JUG_04704,HDPE_Plastic,120,2025-11-01
JUG_04705,HDPE_Plastic,120,2025-11-01
JUG_04706,HDPE_Plastic,120,2025-11-01
JUG_04707,HDPE_Plastic,120,2025-11-01
JUG_04708,HDPE_Plastic,120,2025-11-01
JUG_04709,HDPE_Plastic,120,2025-11-01
JUG_04710,HDPE_Plastic,120,2025-11-01
JUG_04711,HDPE_Plastic,120,2025-11-01
JUG_04712,HDPE_Plastic,120,2025-11-01
JUG_04713,HDPE_Plastic,120,2025-11-01
JUG_04714,HDPE_Plastic,120,2025-11-01
JUG_04715,HDPE_Plastic,120,2025-11-01
JUG_04716,HDPE_Plastic,120,2025-11-01
JUG_04717,HDPE_Plastic,120,2025-11-01
JUG_04718,HDPE_Plastic,120,2025-11-01
JUG_04719,HDPE_Plastic,120,2025-11-01
JUG_04720,HDPE_Plastic,120,2025-11-01
JUG_04721,HDPE_Plastic,120,2025-11-01
JUG_04722,HDPE_Plastic,120,2025-11-01
JUG_04723,HDPE_Plastic,120,2025-11-01
JUG_04724,HDPE_Plastic,120,2025-11-01
JUG_04725,HDPE_Plastic,120,2025-11-01
JUG_04726,HDPE_Plastic,120,2025-11-01
JUG_04727,HDPE_Plastic,120,2025-11-01
JUG_04728,HDPE_Plastic,120,2025-11-01
JUG_04729,HDPE_Plastic,120,2025-11-01
JUG_04730,HDPE_Plastic,120,2025-11-01
JUG_04731,HDPE_Plastic,120,2025-11-01
JUG_04732,HDPE_Plastic,120,2025-11-01
JUG_04733,HDPE_Plastic,120,2025-11-01
JUG_04734,HDPE_Plastic,120,2025-11-01
JUG_04735,HDPE_Plastic,120,2025-11-01
JUG_04736,HDPE_Plastic,120,2025-11-01
JUG_04737,HDPE_Plastic,120,2025-11-01
JUG_04738,HDPE_Plastic,120,2025-11-01
JUG_04739,HDPE_Plastic,120,2025-11-01
JUG_04740,HDPE_Plastic,120,2025-11-01
JUG_04741,HDPE_Plastic,120,2025-11-01
JUG_04742,HDPE_Plastic,120,2025-11-01
JUG_04743,HDPE_Plastic,120,2025-11-01
JUG_04744,HDPE_Plastic,120,2025-11-01
JUG_04745,HDPE_Plastic,120,2025-11-01
JUG_04746,HDPE_Plastic,120,2025-11-01
JUG_04747,HDPE_Plastic,120,2025-11-01
JUG_04748,HDPE_Plastic,120,2025-11-01
JUG_04749,HDPE_Plastic,120,2025-11-01
JUG_04750,HDPE_Plastic,120,2025-11-01
JUG_04751,HDPE_Plastic,120,2025-11-01
JUG_04752,HDPE_Plastic,120,2025-11-01
JUG_04753,HDPE_Plastic,120,2025-11-01
JUG_04754,HDPE_Plastic,120,2025-11-01
JUG_04755,HDPE_Plastic,120,2025-11-01
JUG_04756,HDPE_Plastic,120,2025-11-01
JUG_04757,HDPE_Plastic,120,2025-11-01
JUG_04758,HDPE_Plastic,120,2025-11-01
JUG_04759,HDPE_Plastic,120,2025-11-01
JUG_04760,HDPE_Plastic,120,2025-11-01
JUG_04761,HDPE_Plastic,120,2025-11-01
JUG_04762,HDPE_Plastic,120,2025-11-01
JUG_04763,HDPE_Plastic,120,2025-11-01
JUG_04764,HDPE_Plastic,120,2025-11-01
JUG_04765,HDPE_Plastic,120,2025-11-01
JUG_04766,HDPE_Plastic,120,2025-11-01
JUG_04767,HDPE_Plastic,120,2025-11-01
JUG_04768,HDPE_Plastic,120,2025-11-01
JUG_04769,HDPE_Plastic,120,2025-11-01
JUG_04770,HDPE_Plastic,120,2025-11-01
JUG_04771,HDPE_Plastic,120,2025-11-01
JUG_04772,HDPE_Plastic,120,2025-11-01
JUG_04773,HDPE_Plastic,120,2025-11-01
JUG_04774,HDPE_Plastic,120,2025-11-01
JUG_04775,HDPE_Plastic,120,2025-11-01
JUG_04776,HDPE_Plastic,120,2025-11-01
JUG_04777,HDPE_Plastic,120,2025-11-01
JUG_04778,HDPE_Plastic,120,2025-11-01
JUG_04779,HDPE_Plastic,120,2025-11-01
JUG_04780,HDPE_Plastic,120,2025-11-01
JUG_04781,HDPE_Plastic,120,2025-11-01
JUG_04782,HDPE_Plastic,120,2025-11-01
JUG_04783,HDPE_Plastic,120,2025-11-01
JUG_04784,HDPE_Plastic,120,2025-11-01
JUG_04785,HDPE_Plastic,120,2025-11-01
JUG_04786,HDPE_Plastic,120,2025-11-01
JUG_04787,HDPE_Plastic,120,2025-11-01
JUG_04788,HDPE_Plastic,120,2025-11-01
JUG_04789,HDPE_Plastic,120,2025-11-01
JUG_04790,HDPE_Plastic,120,2025-11-01
JUG_04791,HDPE_Plastic,120,2025-11-01
JUG_04792,HDPE_Plastic,120,2025-11-01
JUG_04793,HDPE_Plastic,120,2025-11-01
JUG_04794,HDPE_Plastic,120,2025-11-01
JUG_04795,HDPE_Plastic,120,2025-11-01
JUG_04796,HDPE_Plastic,120,2025-11-01
JUG_04797,HDPE_Plastic,120,2025-11-01
JUG_04798,HDPE_Plastic,120,2025-11-01
JUG_04799,HDPE_Plastic,120,2025-11-01
JUG_04800,HDPE_Plastic,120,2025-11-01
JUG_04801,HDPE_Plastic,120,2025-11-01
JUG_04802,HDPE_Plastic,120,2025-11-01
JUG_04803,HDPE_Plastic,120,2025-11-01
JUG_04804,HDPE_Plastic,120,2025-11-01
JUG_04805,HDPE_Plastic,120,2025-11-01
JUG_04806,HDPE_Plastic,120,2025-11-01
JUG_04807,HDPE_Plastic,120,2025-11-01
JUG_04808,HDPE_Plastic,120,2025-11-01
JUG_04809,HDPE_Plastic,120,2025-11-01
JUG_04810,HDPE_Plastic,120,2025-11-01
JUG_04811,HDPE_Plastic,120,2025-11-01
JUG_04812,HDPE_Plastic,120,2025-11-01
JUG_04813,HDPE_Plastic,120,2025-11-01
JUG_04814,HDPE_Plastic,120,2025-11-01
JUG_04815,HDPE_Plastic,120,2025-11-01
JUG_04816,HDPE_Plastic,120,2025-11-01
JUG_04817,HDPE_Plastic,120,2025-11-01
JUG_04818,HDPE_Plastic,120,2025-11-01
JUG_04819,HDPE_Plastic,120,2025-11-01
JUG_04820,HDPE_Plastic,120,2025-11-01
JUG_04821,HDPE_Plastic,120,2025-11-01
JUG_04822,HDPE_Plastic,120,2025-11-01
JUG_04823,HDPE_Plastic,120,2025-11-01
JUG_04824,HDPE_Plastic,120,2025-11-01
JUG_04825,HDPE_Plastic,120,2025-11-01
JUG_04826,HDPE_Plastic,120,2025-11-01
JUG_04827,HDPE_Plastic,120,2025-11-01
JUG_04828,HDPE_Plastic,120,2025-11-01
JUG_04829,HDPE_Plastic,120,2025-11-01
JUG_04830,HDPE_Plastic,120,2025-11-01
JUG_04831,HDPE_Plastic,120,2025-11-01
JUG_04832,HDPE_Plastic,120,2025-11-01
JUG_04833,HDPE_Plastic,120,2025-11-01
JUG_04834,HDPE_Plastic,120,2025-11-01
JUG_04835,HDPE_Plastic,120,2025-11-01
JUG_04836,HDPE_Plastic,120,2025-11-01
JUG_04837,HDPE_Plastic,120,2025-11-01
JUG_04838,HDPE_Plastic,120,2025-11-01
JUG_04839,HDPE_Plastic,120,2025-11-01
JUG_04840,HDPE_Plastic,120,2025-11-01
JUG_04841,HDPE_Plastic,120,2025-11-01
JUG_04842,HDPE_Plastic,120,2025-11-01
JUG_04843,HDPE_Plastic,120,2025-11-01
JUG_04844,HDPE_Plastic,120,2025-11-01
JUG_04845,HDPE_Plastic,120,2025-11-01
JUG_04846,HDPE_Plastic,120,2025-11-01
JUG_04847,HDPE_Plastic,120,2025-11-01
JUG_04848,HDPE_Plastic,120,2025-11-01
JUG_04849,HDPE_Plastic,120,2025-11-01
JUG_04850,HDPE_Plastic,120,2025-11-01
JUG_04851,HDPE_Plastic,120,2025-11-01
JUG_04852,HDPE_Plastic,120,2025-11-01
JUG_04853,HDPE_Plastic,120,2025-11-01
JUG_04854,HDPE_Plastic,120,2025-11-01
JUG_04855,HDPE_Plastic,120,2025-11-01
JUG_04856,HDPE_Plastic,120,2025-11-01
JUG_04857,HDPE_Plastic,120,2025-11-01
JUG_04858,HDPE_Plastic,120,2025-11-01
JUG_04859,HDPE_Plastic,120,2025-11-01
JUG_04860,HDPE_Plastic,120,2025-11-01
JUG_04861,HDPE_Plastic,120,2025-11-01
JUG_04862,HDPE_Plastic,120,2025-11-01
JUG_04863,HDPE_Plastic,120,2025-11-01
JUG_04864,HDPE_Plastic,120,2025-11-01
JUG_04865,HDPE_Plastic,120,2025-11-01
JUG_04866,HDPE_Plastic,120,2025-11-01
JUG_04867,HDPE_Plastic,120,2025-11-01
JUG_04868,HDPE_Plastic,120,2025-11-01
JUG_04869,HDPE_Plastic,120,2025-11-01
JUG_04870,HDPE_Plastic,120,2025-11-01
JUG_04871,HDPE_Plastic,120,2025-11-01
JUG_04872,HDPE_Plastic,120,2025-11-01
JUG_04873,HDPE_Plastic,120,2025-11-01
JUG_04874,HDPE_Plastic,120,2025-11-01
JUG_04875,HDPE_Plastic,120,2025-11-01
JUG_04876,HDPE_Plastic,120,2025-11-01
JUG_04877,HDPE_Plastic,120,2025-11-01
JUG_04878,HDPE_Plastic,120,2025-11-01
JUG_04879,HDPE_Plastic,120,2025-11-01
JUG_04880,HDPE_Plastic,120,2025-11-01
JUG_04881,HDPE_Plastic,120,2025-11-01
JUG_04882,HDPE_Plastic,120,2025-11-01
JUG_04883,HDPE_Plastic,120,2025-11-01
JUG_04884,HDPE_Plastic,120,2025-11-01
JUG_04885,HDPE_Plastic,120,2025-11-01
JUG_04886,HDPE_Plastic,120,2025-11-01
JUG_04887,HDPE_Plastic,120,2025-11-01
JUG_04888,HDPE_Plastic,120,2025-11-01
JUG_04889,HDPE_Plastic,120,2025-11-01
JUG_04890,HDPE_Plastic,120,2025-11-01
JUG_04891,HDPE_Plastic,120,2025-11-01
JUG_04892,HDPE_Plastic,120,2025-11-01
JUG_04893,HDPE_Plastic,120,2025-11-01
JUG_04894,HDPE_Plastic,120,2025-11-01
JUG_04895,HDPE_Plastic,120,2025-11-01
JUG_04896,HDPE_Plastic,120,2025-11-01
JUG_04897,HDPE_Plastic,120,2025-11-01
JUG_04898,HDPE_Plastic,120,2025-11-01
JUG_04899,HDPE_Plastic,120,2025-11-01
JUG_04900,HDPE_Plastic,120,2025-11-01
JUG_04901,HDPE_Plastic,120,2025-11-01
JUG_04902,HDPE_Plastic,120,2025-11-01
JUG_04903,HDPE_Plastic,120,2025-11-01
JUG_04904,HDPE_Plastic,120,2025-11-01
JUG_04905,HDPE_Plastic,120,2025-11-01
JUG_04906,HDPE_Plastic,120,2025-11-01
JUG_04907,HDPE_Plastic,120,2025-11-01
JUG_04908,HDPE_Plastic,120,2025-11-01
JUG_04909,HDPE_Plastic,120,2025-11-01
JUG_04910,HDPE_Plastic,120,2025-11-01
JUG_04911,HDPE_Plastic,120,2025-11-01
JUG_04912,HDPE_Plastic,120,2025-11-01
JUG_04913,HDPE_Plastic,120,2025-11-01
JUG_04914,HDPE_Plastic,120,2025-11-01
JUG_04915,HDPE_Plastic,120,2025-11-01
JUG_04916,HDPE_Plastic,120,2025-11-01
JUG_04917,HDPE_Plastic,120,2025-11-01
JUG_04918,HDPE_Plastic,120,2025-11-01
JUG_04919,HDPE_Plastic,120,2025-11-01
JUG_04920,HDPE_Plastic,120,2025-11-01
JUG_04921,HDPE_Plastic,120,2025-11-01
JUG_04922,HDPE_Plastic,120,2025-11-01
JUG_04923,HDPE_Plastic,120,2025-11-01
JUG_04924,HDPE_Plastic,120,2025-11-01
JUG_04925,HDPE_Plastic,120,2025-11-01
JUG_04926,HDPE_Plastic,120,2025-11-01
JUG_04927,HDPE_Plastic,120,2025-11-01
JUG_04928,HDPE_Plastic,120,2025-11-01
JUG_04929,HDPE_Plastic,120,2025-11-01
JUG_04930,HDPE_Plastic,120,2025-11-01
JUG_04931,HDPE_Plastic,120,2025-11-01
JUG_04932,HDPE_Plastic,120,2025-11-01
JUG_04933,HDPE_Plastic,120,2025-11-01
JUG_04934,HDPE_Plastic,120,2025-11-01
JUG_04935,HDPE_Plastic,120,2025-11-01
JUG_04936,HDPE_Plastic,120,2025-11-01
JUG_04937,HDPE_Plastic,120,2025-11-01
JUG_04938,HDPE_Plastic,120,2025-11-01
JUG_04939,HDPE_Plastic,120,2025-11-01
JUG_04940,HDPE_Plastic,120,2025-11-01
JUG_04941,HDPE_Plastic,120,2025-11-01
JUG_04942,HDPE_Plastic,120,2025-11-01
JUG_04943,HDPE_Plastic,120,2025-11-01
JUG_04944,HDPE_Plastic,120,2025-11-01
JUG_04945,HDPE_Plastic,120,2025-11-01
JUG_04946,HDPE_Plastic,120,2025-11-01
JUG_04947,HDPE_Plastic,120,2025-11-01
JUG_04948,HDPE_Plastic,120,2025-11-01
JUG_04949,HDPE_Plastic,120,2025-11-01
JUG_04950,HDPE_Plastic,120,2025-11-01
JUG_04951,HDPE_Plastic,120,2025-11-01
JUG_04952,HDPE_Plastic,120,2025-11-01
JUG_04953,HDPE_Plastic,120,2025-11-01
JUG_04954,HDPE_Plastic,120,2025-11-01
JUG_04955,HDPE_Plastic,120,2025-11-01
JUG_04956,HDPE_Plastic,120,2025-11-01
JUG_04957,HDPE_Plastic,120,2025-11-01
JUG_04958,HDPE_Plastic,120,2025-11-01
JUG_04959,HDPE_Plastic,120,2025-11-01
JUG_04960,HDPE_Plastic,120,2025-11-01
JUG_04961,HDPE_Plastic,120,2025-11-01
JUG_04962,HDPE_Plastic,120,2025-11-01
JUG_04963,HDPE_Plastic,120,2025-11-01
JUG_04964,HDPE_Plastic,120,2025-11-01
JUG_04965,HDPE_Plastic,120,2025-11-01
JUG_04966,HDPE_Plastic,120,2025-11-01
JUG_04967,HDPE_Plastic,120,2025-11-01
JUG_04968,HDPE_Plastic,120,2025-11-01
JUG_04969,HDPE_Plastic,120,2025-11-01
JUG_04970,HDPE_Plastic,120,2025-11-01
JUG_04971,HDPE_Plastic,120,2025-11-01
JUG_04972,HDPE_Plastic,120,2025-11-01
JUG_04973,HDPE_Plastic,120,2025-11-01
JUG_04974,HDPE_Plastic,120,2025-11-01
JUG_04975,HDPE_Plastic,120,2025-11-01
JUG_04976,HDPE_Plastic,120,2025-11-01
JUG_04977,HDPE_Plastic,120,2025-11-01
JUG_04978,HDPE_Plastic,120,2025-11-01
JUG_04979,HDPE_Plastic,120,2025-11-01
JUG_04980,HDPE_Plastic,120,2025-11-01
JUG_04981,HDPE_Plastic,120,2025-11-01
JUG_04982,HDPE_Plastic,120,2025-11-01
JUG_04983,HDPE_Plastic,120,2025-11-01
JUG_04984,HDPE_Plastic,120,2025-11-01
JUG_04985,HDPE_Plastic,120,2025-11-01
JUG_04986,HDPE_Plastic,120,2025-11-01
JUG_04987,HDPE_Plastic,120,2025-11-01
JUG_04988,HDPE_Plastic,120,2025-11-01
JUG_04989,HDPE_Plastic,120,2025-11-01
JUG_04990,HDPE_Plastic,120,2025-11-01
JUG_04991,HDPE_Plastic,120,2025-11-01
JUG_04992,HDPE_Plastic,120,2025-11-01
JUG_04993,HDPE_Plastic,120,2025-11-01
JUG_04994,HDPE_Plastic,120,2025-11-01
JUG_04995,HDPE_Plastic,120,2025-11-01
JUG_04996,HDPE_Plastic,120,2025-11-01
JUG_04997,HDPE_Plastic,120,2025-11-01
JUG_04998,HDPE_Plastic,120,2025-11-01
JUG_04999,HDPE_Plastic,120,2025-11-01
