asset_id,location_id,event_type,timestamp
JUG_00000,STR_0026,purchased,2025-11-28 00:00:00
JUG_00000,STR_0026,returned_to_store,2026-02-11 00:00:00
JUG_00000,HUB_AURORA,washed,2026-02-13 00:00:00
JUG_00000,STR_0001,purchased,2026-03-05 00:00:00
JUG_00000,STR_0001,returned_to_store,2026-05-09 00:00:00
JUG_00000,HUB_AURORA,washed,2026-05-14 00:00:00
JUG_00000,STR_0006,purchased,2026-06-07 00:00:00
JUG_00000,STR_0006,returned_to_store,2026-08-28 00:00:00
JUG_00000,HUB_AURORA,washed,2026-08-30 00:00:00
JUG_00000,STR_0002,purchased,2026-09-08 00:00:00
JUG_00000,STR_0002,returned_to_store,2026-12-11 00:00:00
JUG_00000,HUB_AURORA,washed,2026-12-13 00:00:00
JUG_00000,STR_0008,purchased,2027-01-03 00:00:00
JUG_00000,STR_0008,returned_to_store,2027-04-06 00:00:00
JUG_00000,HUB_AURORA,washed,2027-04-10 00:00:00
JUG_00000,STR_0029,purchased,2027-05-08 00:00:00
JUG_00000,STR_0029,returned_to_store,2027-07-29 00:00:00
JUG_00000,HUB_AURORA,washed,2027-07-31 00:00:00
JUG_00000,STR_0041,purchased,2027-08-28 00:00:00
JUG_00000,STR_0041,returned_to_store,2027-10-29 00:00:00
JUG_00000,HUB_AURORA,washed,2027-11-02 00:00:00
JUG_00000,STR_0011,purchased,2027-11-11 00:00:00
JUG_00000,STR_0011,returned_to_store,2028-02-09 00:00:00
JUG_00000,HUB_AURORA,washed,2028-02-13 00:00:00
JUG_00001,STR_0025,purchased,2028-02-21 00:00:00
JUG_00001,STR_0025,returned_to_store,2028-05-19 00:00:00
JUG_00001,HUB_AURORA,washed,2028-05-21 00:00:00
JUG_00001,STR_0048,purchased,2028-06-06 00:00:00
JUG_00001,UNKNOWN,lost_to_leakage,2028-09-05 00:00:00
JUG_00002,STR_0022,purchased,2028-10-02 00:00:00
JUG_00002,STR_0022,returned_to_store,2028-12-10 00:00:00
JUG_00002,HUB_AURORA,washed,2028-12-12 00:00:00
JUG_00002,STR_0005,purchased,2029-01-11 00:00:00
JUG_00002,STR_0005,returned_to_store,2029-04-08 00:00:00
JUG_00002,HUB_AURORA,washed,2029-04-13 00:00:00
JUG_00002,STR_0013,purchased,2029-04-30 00:00:00
JUG_00002,STR_0013,returned_to_store,2029-08-01 00:00:00
JUG_00002,HUB_AURORA,washed,2029-08-05 00:00:00
JUG_00002,STR_0038,purchased,2029-09-04 00:00:00
JUG_00002,STR_0038,returned_to_store,2029-11-23 00:00:00
JUG_00002,HUB_AURORA,washed,2029-11-26 00:00:00
JUG_00002,STR_0023,purchased,2029-12-22 00:00:00
JUG_00002,STR_0023,returned_to_store,2030-02-28 00:00:00
JUG_00002,HUB_AURORA,washed,2030-03-03 00:00:00
JUG_00002,STR_0004,purchased,2030-03-12 00:00:00
JUG_00002,STR_0004,returned_to_store,2030-05-31 00:00:00
JUG_00002,HUB_AURORA,washed,2030-06-04 00:00:00
JUG_00003,STR_0044,purchased,2030-07-02 00:00:00
JUG_00003,STR_0044,returned_to_store,2030-09-25 00:00:00
JUG_00003,HUB_AURORA,washed,2030-09-29 00:00:00
JUG_00003,STR_0046,purchased,2030-10-07 00:00:00
JUG_00003,STR_0046,returned_to_store,2030-12-28 00:00:00
JUG_00003,HUB_AURORA,washed,2030-12-31 00:00:00
JUG_00003,STR_0038,purchased,2031-01-11 00:00:00
JUG_00003,STR_0038,returned_to_store,2031-04-11 00:00:00
JUG_00003,HUB_AURORA,washed,2031-04-13 00:00:00
JUG_00003,STR_0007,purchased,2031-05-04 00:00:00
JUG_00003,STR_0007,returned_to_store,2031-06-24 00:00:00
JUG_00003,HUB_AURORA,washed,2031-06-26 00:00:00
JUG_00003,STR_0020,purchased,2031-07-17 00:00:00
JUG_00003,STR_0020,returned_to_store,2031-09-25 00:00:00
JUG_00003,HUB_AURORA,washed,2031-09-27 00:00:00
JUG_00004,STR_0009,purchased,2031-10-06 00:00:00
JUG_00004,STR_0009,returned_to_store,2031-12-02 00:00:00
JUG_00004,HUB_AURORA,washed,2031-12-06 00:00:00
JUG_00004,STR_0033,purchased,2031-12-25 00:00:00
JUG_00004,STR_0033,returned_to_store,2032-04-03 00:00:00
JUG_00004,HUB_AURORA,washed,2032-04-06 00:00:00
JUG_00004,STR_0038,purchased,2032-05-01 00:00:00
JUG_00004,STR_0038,returned_to_store,2032-07-28 00:00:00
JUG_00004,HUB_AURORA,washed,2032-08-01 00:00:00
JUG_00004,STR_0019,purchased,2032-08-10 00:00:00
JUG_00004,UNKNOWN,lost_to_leakage,2032-10-06 00:00:00
JUG_00005,STR_0014,purchased,2032-11-05 00:00:00
JUG_00005,STR_0014,returned_to_store,2033-02-03 00:00:00
JUG_00005,HUB_AURORA,washed,2033-02-07 00:00:00
JUG_00005,STR_0011,purchased,2033-02-23 00:00:00
JUG_00005,STR_0011,returned_to_store,2033-05-17 00:00:00
JUG_00005,HUB_AURORA,washed,2033-05-22 00:00:00
JUG_00005,STR_0009,purchased,2033-06-01 00:00:00
JUG_00005,STR_0009,returned_to_store,2033-08-03 00:00:00
JUG_00005,HUB_AURORA,washed,2033-08-06 00:00:00
JUG_00006,STR_0026,purchased,2033-08-27 00:00:00
JUG_00006,STR_0026,returned_to_store,2033-11-26 00:00:00
JUG_00006,HUB_AURORA,washed,2033-11-28 00:00:00
JUG_00006,STR_0000,purchased,2033-12-25 00:00:00
JUG_00006,STR_0000,returned_to_store,2034-03-02 00:00:00
JUG_00006,HUB_AURORA,washed,2034-03-07 00:00:00
JUG_00006,STR_0012,purchased,2034-04-05 00:00:00
JUG_00006,STR_0012,returned_to_store,2034-06-21 00:00:00
JUG_00006,HUB_AURORA,washed,2034-06-26 00:00:00
JUG_00006,STR_0027,purchased,2034-07-12 00:00:00
JUG_00006,STR_0027,returned_to_store,2034-10-04 00:00:00
JUG_00006,HUB_AURORA,washed,2034-10-09 00:00:00
JUG_00006,STR_0031,purchased,2034-10-23 00:00:00
JUG_00006,STR_0031,returned_to_store,2035-01-11 00:00:00
JUG_00006,HUB_AURORA,washed,2035-01-14 00:00:00
JUG_00006,STR_0030,purchased,2035-01-29 00:00:00
JUG_00006,STR_0030,returned_to_store,2035-04-02 00:00:00
JUG_00006,HUB_AURORA,washed,2035-04-04 00:00:00
JUG_00006,STR_0012,purchased,2035-04-25 00:00:00
JUG_00006,STR_0012,returned_to_store,2035-07-20 00:00:00
JUG_00006,HUB_AURORA,washed,2035-07-23 00:00:00
JUG_00006,STR_0001,purchased,2035-08-04 00:00:00
JUG_00006,STR_0001,returned_to_store,2035-10-15 00:00:00
JUG_00006,HUB_AURORA,washed,2035-10-20 00:00:00
JUG_00006,STR_0021,purchased,2035-11-13 00:00:00
JUG_00006,STR_0021,returned_to_store,2036-01-04 00:00:00
JUG_00006,HUB_AURORA,washed,2036-01-08 00:00:00
JUG_00007,STR_0013,purchased,2036-01-24 00:00:00
JUG_00007,STR_0013,returned_to_store,2036-03-30 00:00:00
JUG_00007,HUB_AURORA,washed,2036-04-02 00:00:00
JUG_00007,STR_0019,purchased,2036-04-18 00:00:00
JUG_00007,STR_0019,returned_to_store,2036-06-14 00:00:00
JUG_00007,HUB_AURORA,washed,2036-06-16 00:00:00
JUG_00007,STR_0012,purchased,2036-07-09 00:00:00
JUG_00007,STR_0012,returned_to_store,2036-09-04 00:00:00
JUG_00007,HUB_AURORA,washed,2036-09-06 00:00:00
JUG_00007,STR_0042,purchased,2036-09-22 00:00:00
JUG_00007,STR_0042,returned_to_store,2036-11-21 00:00:00
JUG_00007,HUB_AURORA,washed,2036-11-25 00:00:00
JUG_00008,STR_0012,purchased,2036-12-19 00:00:00
JUG_00008,STR_0012,returned_to_store,2037-03-29 00:00:00
JUG_00008,HUB_AURORA,washed,2037-04-01 00:00:00
JUG_00008,STR_0043,purchased,2037-04-11 00:00:00
JUG_00008,STR_0043,returned_to_store,2037-06-14 00:00:00
JUG_00008,HUB_AURORA,washed,2037-06-17 00:00:00
JUG_00008,STR_0025,purchased,2037-07-03 00:00:00
JUG_00008,STR_0025,returned_to_store,2037-09-22 00:00:00
JUG_00008,HUB_AURORA,washed,2037-09-24 00:00:00
JUG_00008,STR_0004,purchased,2037-10-15 00:00:00
JUG_00008,STR_0004,returned_to_store,2037-12-23 00:00:00
JUG_00008,HUB_AURORA,washed,2037-12-27 00:00:00
JUG_00008,STR_0032,purchased,2038-01-08 00:00:00
JUG_00008,STR_0032,returned_to_store,2038-04-10 00:00:00
JUG_00008,HUB_AURORA,washed,2038-04-15 00:00:00
JUG_00008,STR_0008,purchased,2038-05-04 00:00:00
JUG_00008,STR_0008,returned_to_store,2038-08-12 00:00:00
JUG_00008,HUB_AURORA,washed,2038-08-14 00:00:00
JUG_00008,STR_0026,purchased,2038-09-11 00:00:00
JUG_00008,STR_0026,returned_to_store,2038-12-07 00:00:00
JUG_00008,HUB_AURORA,washed,2038-12-09 00:00:00
JUG_00008,STR_0036,purchased,2038-12-23 00:00:00
JUG_00008,UNKNOWN,lost_to_leakage,2039-02-20 00:00:00
JUG_00009,STR_0003,purchased,2039-03-06 00:00:00
JUG_00009,UNKNOWN,lost_to_leakage,2039-05-18 00:00:00
JUG_00010,STR_0017,purchased,2039-06-02 00:00:00
JUG_00010,STR_0017,returned_to_store,2039-07-28 00:00:00
JUG_00010,HUB_AURORA,washed,2039-07-31 00:00:00
JUG_00010,STR_0033,purchased,2039-08-27 00:00:00
JUG_00010,STR_0033,returned_to_store,2039-10-31 00:00:00
JUG_00010,HUB_AURORA,washed,2039-11-02 00:00:00
JUG_00010,STR_0035,purchased,2039-12-01 00:00:00
JUG_00010,STR_0035,returned_to_store,2040-02-16 00:00:00
JUG_00010,HUB_AURORA,washed,2040-02-20 00:00:00
JUG_00010,STR_0023,purchased,2040-03-12 00:00:00
JUG_00010,STR_0023,returned_to_store,2040-05-19 00:00:00
JUG_00010,HUB_AURORA,washed,2040-05-21 00:00:00
JUG_00010,STR_0044,purchased,2040-06-06 00:00:00
JUG_00010,STR_0044,returned_to_store,2040-08-19 00:00:00
JUG_00010,HUB_AURORA,washed,2040-08-24 00:00:00
JUG_00010,STR_0047,purchased,2040-09-05 00:00:00
JUG_00010,UNKNOWN,lost_to_leakage,2040-11-14 00:00:00
JUG_00011,STR_0013,purchased,2040-11-22 00:00:00
JUG_00011,STR_0013,returned_to_store,2041-01-31 00:00:00
JUG_00011,HUB_AURORA,washed,2041-02-02 00:00:00
JUG_00011,STR_0044,purchased,2041-02-26 00:00:00
JUG_00011,STR_0044,returned_to_store,2041-06-01 00:00:00
JUG_00011,HUB_AURORA,washed,2041-06-05 00:00:00
JUG_00011,STR_0018,purchased,2041-06-26 00:00:00
JUG_00011,UNKNOWN,lost_to_leakage,2041-10-03 00:00:00
JUG_00012,STR_0025,purchased,2041-10-19 00:00:00
JUG_00012,STR_0025,returned_to_store,2042-01-01 00:00:00
JUG_00012,HUB_AURORA,washed,2042-01-03 00:00:00
JUG_00012,STR_0045,purchased,2042-01-12 00:00:00
JUG_00012,UNKNOWN,lost_to_leakage,2042-04-05 00:00:00
JUG_00013,STR_0008,purchased,2042-04-13 00:00:00
JUG_00013,STR_0008,returned_to_store,2042-07-12 00:00:00
JUG_00013,HUB_AURORA,washed,2042-07-16 00:00:00
JUG_00013,STR_0048,purchased,2042-08-14 00:00:00
JUG_00013,UNKNOWN,lost_to_leakage,2042-11-17 00:00:00
JUG_00014,STR_0015,purchased,2042-11-28 00:00:00
JUG_00014,STR_0015,returned_to_store,2043-02-17 00:00:00
JUG_00014,HUB_AURORA,washed,2043-02-19 00:00:00
JUG_00014,STR_0020,purchased,2043-03-14 00:00:00
JUG_00014,STR_0020,returned_to_store,2043-06-16 00:00:00
JUG_00014,HUB_AURORA,washed,2043-06-18 00:00:00
JUG_00014,STR_0013,purchased,2043-07-09 00:00:00
JUG_00014,STR_0013,returned_to_store,2043-09-19 00:00:00
JUG_00014,HUB_AURORA,washed,2043-09-22 00:00:00
JUG_00014,STR_0006,purchased,2043-10-17 00:00:00
JUG_00014,STR_0006,returned_to_store,2043-12-12 00:00:00
JUG_00014,HUB_AURORA,washed,2043-12-14 00:00:00
JUG_00014,STR_0006,purchased,2044-01-08 00:00:00
JUG_00014,STR_0006,returned_to_store,2044-03-24 00:00:00
JUG_00014,HUB_AURORA,washed,2044-03-29 00:00:00
JUG_00014,STR_0031,purchased,2044-04-17 00:00:00
JUG_00014,STR_0031,returned_to_store,2044-06-15 00:00:00
JUG_00014,HUB_AURORA,washed,2044-06-20 00:00:00
JUG_00014,STR_0017,purchased,2044-07-09 00:00:00
JUG_00014,UNKNOWN,lost_to_leakage,2044-10-02 00:00:00
JUG_00015,STR_0022,purchased,2044-10-17 00:00:00
JUG_00015,STR_0022,returned_to_store,2044-12-15 00:00:00
JUG_00015,HUB_AURORA,washed,2044-12-20 00:00:00
JUG_00015,STR_0048,purchased,2044-12-27 00:00:00
JUG_00015,STR_0048,returned_to_store,2045-03-28 00:00:00
JUG_00015,HUB_AURORA,washed,2045-04-02 00:00:00
JUG_00015,STR_0011,purchased,2045-04-18 00:00:00
JUG_00015,STR_0011,returned_to_store,2045-07-13 00:00:00
JUG_00015,HUB_AURORA,washed,2045-07-16 00:00:00
JUG_00016,STR_0002,purchased,2045-07-29 00:00:00
JUG_00016,UNKNOWN,lost_to_leakage,2045-10-07 00:00:00
JUG_00017,STR_0044,purchased,2045-10-19 00:00:00
JUG_00017,UNKNOWN,lost_to_leakage,2046-01-20 00:00:00
JUG_00018,STR_0031,purchased,2046-01-31 00:00:00
JUG_00018,STR_0031,returned_to_store,2046-04-22 00:00:00
JUG_00018,HUB_AURORA,washed,2046-04-25 00:00:00
JUG_00018,STR_0007,purchased,2046-05-03 00:00:00
JUG_00018,STR_0007,returned_to_store,2046-07-22 00:00:00
JUG_00018,HUB_AURORA,washed,2046-07-26 00:00:00
JUG_00018,STR_0006,purchased,2046-08-11 00:00:00
JUG_00018,STR_0006,returned_to_store,2046-11-06 00:00:00
JUG_00018,HUB_AURORA,washed,2046-11-10 00:00:00
JUG_00019,STR_0039,purchased,2046-12-03 00:00:00
JUG_00019,STR_0039,returned_to_store,2047-03-06 00:00:00
JUG_00019,HUB_AURORA,washed,2047-03-09 00:00:00
JUG_00019,STR_0024,purchased,2047-04-03 00:00:00
JUG_00019,STR_0024,returned_to_store,2047-06-21 00:00:00
JUG_00019,HUB_AURORA,washed,2047-06-25 00:00:00
JUG_00019,STR_0023,purchased,2047-07-11 00:00:00
JUG_00019,STR_0023,returned_to_store,2047-09-08 00:00:00
JUG_00019,HUB_AURORA,washed,2047-09-11 00:00:00
JUG_00019,STR_0011,purchased,2047-09-27 00:00:00
JUG_00019,STR_0011,returned_to_store,2047-12-26 00:00:00
JUG_00019,HUB_AURORA,washed,2047-12-29 00:00:00
JUG_00019,STR_0020,purchased,2048-01-23 00:00:00
JUG_00019,STR_0020,returned_to_store,2048-04-20 00:00:00
JUG_00019,HUB_AURORA,washed,2048-04-23 00:00:00
JUG_00019,STR_0024,purchased,2048-05-03 00:00:00
JUG_00019,STR_0024,returned_to_store,2048-08-03 00:00:00
JUG_00019,HUB_AURORA,washed,2048-08-08 00:00:00
JUG_00019,STR_0049,purchased,2048-08-24 00:00:00
JUG_00019,STR_0049,returned_to_store,2048-11-11 00:00:00
JUG_00019,HUB_AURORA,washed,2048-11-15 00:00:00
JUG_00019,STR_0020,purchased,2048-11-23 00:00:00
JUG_00019,STR_0020,returned_to_store,2049-01-30 00:00:00
JUG_00019,HUB_AURORA,washed,2049-02-01 00:00:00
JUG_00019,STR_0000,purchased,2049-02-21 00:00:00
JUG_00019,STR_0000,returned_to_store,2049-05-30 00:00:00
JUG_00019,HUB_AURORA,washed,2049-06-03 00:00:00
JUG_00019,STR_0034,purchased,2049-06-24 00:00:00
JUG_00019,STR_0034,returned_to_store,2049-08-19 00:00:00
JUG_00019,HUB_AURORA,washed,2049-08-23 00:00:00
JUG_00020,STR_0038,purchased,2049-08-31 00:00:00
JUG_00020,STR_0038,returned_to_store,2049-12-09 00:00:00
JUG_00020,HUB_AURORA,washed,2049-12-14 00:00:00
JUG_00020,STR_0033,purchased,2049-12-31 00:00:00
JUG_00020,STR_0033,returned_to_store,2050-04-04 00:00:00
JUG_00020,HUB_AURORA,washed,2050-04-09 00:00:00
JUG_00020,STR_0034,purchased,2050-04-29 00:00:00
JUG_00020,STR_0034,returned_to_store,2050-06-27 00:00:00
JUG_00020,HUB_AURORA,washed,2050-07-01 00:00:00
JUG_00021,STR_0045,purchased,2050-07-25 00:00:00
JUG_00021,STR_0045,returned_to_store,2050-10-31 00:00:00
JUG_00021,HUB_AURORA,washed,2050-11-04 00:00:00
JUG_00021,STR_0037,purchased,2050-11-24 00:00:00
JUG_00021,UNKNOWN,lost_to_leakage,2051-02-21 00:00:00
JUG_00022,STR_0017,purchased,2051-03-13 00:00:00
JUG_00022,UNKNOWN,lost_to_leakage,2051-05-17 00:00:00
JUG_00023,STR_0021,purchased,2051-06-16 00:00:00
JUG_00023,STR_0021,returned_to_store,2051-08-05 00:00:00
JUG_00023,HUB_AURORA,washed,2051-08-08 00:00:00
JUG_00023,STR_0012,purchased,2051-08-24 00:00:00
JUG_00023,UNKNOWN,lost_to_leakage,2051-11-05 00:00:00
JUG_00024,STR_0036,purchased,2051-11-22 00:00:00
JUG_00024,STR_0036,returned_to_store,2052-01-25 00:00:00
JUG_00024,HUB_AURORA,washed,2052-01-29 00:00:00
JUG_00024,STR_0034,purchased,2052-02-22 00:00:00
JUG_00024,UNKNOWN,lost_to_leakage,2052-06-02 00:00:00
JUG_00025,STR_0004,purchased,2052-06-16 00:00:00
JUG_00025,UNKNOWN,lost_to_leakage,2052-08-09 00:00:00
JUG_00026,STR_0047,purchased,2052-09-01 00:00:00
JUG_00026,STR_0047,returned_to_store,2052-11-23 00:00:00
JUG_00026,HUB_AURORA,washed,2052-11-25 00:00:00
JUG_00026,STR_0020,purchased,2052-12-08 00:00:00
JUG_00026,STR_0020,returned_to_store,2053-02-04 00:00:00
JUG_00026,HUB_AURORA,washed,2053-02-06 00:00:00
JUG_00026,STR_0046,purchased,2053-02-14 00:00:00
JUG_00026,STR_0046,returned_to_store,2053-05-06 00:00:00
JUG_00026,HUB_AURORA,washed,2053-05-08 00:00:00
JUG_00026,STR_0035,purchased,2053-05-22 00:00:00
JUG_00026,UNKNOWN,lost_to_leakage,2053-07-20 00:00:00
JUG_00027,STR_0037,purchased,2053-08-09 00:00:00
JUG_00027,UNKNOWN,lost_to_leakage,2053-11-16 00:00:00
JUG_00028,STR_0036,purchased,2053-12-11 00:00:00
JUG_00028,UNKNOWN,lost_to_leakage,2054-03-19 00:00:00
JUG_00029,STR_0009,purchased,2054-03-30 00:00:00
JUG_00029,STR_0009,returned_to_store,2054-06-13 00:00:00
JUG_00029,HUB_AURORA,washed,2054-06-16 00:00:00
JUG_00029,STR_0039,purchased,2054-07-16 00:00:00
JUG_00029,STR_0039,returned_to_store,2054-09-29 00:00:00
JUG_00029,HUB_AURORA,washed,2054-10-02 00:00:00
JUG_00029,STR_0006,purchased,2054-11-01 00:00:00
JUG_00029,STR_0006,returned_to_store,2055-01-12 00:00:00
JUG_00029,HUB_AURORA,washed,2055-01-14 00:00:00
JUG_00030,STR_0036,purchased,2055-02-03 00:00:00
JUG_00030,STR_0036,returned_to_store,2055-05-02 00:00:00
JUG_00030,HUB_AURORA,washed,2055-05-04 00:00:00
JUG_00030,STR_0045,purchased,2055-05-22 00:00:00
JUG_00030,STR_0045,returned_to_store,2055-08-13 00:00:00
JUG_00030,HUB_AURORA,washed,2055-08-18 00:00:00
JUG_00030,STR_0036,purchased,2055-09-06 00:00:00
JUG_00030,STR_0036,returned_to_store,2055-11-22 00:00:00
JUG_00030,HUB_AURORA,washed,2055-11-24 00:00:00
JUG_00030,STR_0036,purchased,2055-12-09 00:00:00
JUG_00030,STR_0036,returned_to_store,2056-01-31 00:00:00
JUG_00030,HUB_AURORA,washed,2056-02-05 00:00:00
JUG_00030,STR_0000,purchased,2056-02-15 00:00:00
JUG_00030,STR_0000,returned_to_store,2056-04-10 00:00:00
JUG_00030,HUB_AURORA,washed,2056-04-12 00:00:00
JUG_00030,STR_0022,purchased,2056-05-03 00:00:00
JUG_00030,STR_0022,returned_to_store,2056-06-28 00:00:00
JUG_00030,HUB_AURORA,washed,2056-06-30 00:00:00
JUG_00030,STR_0049,purchased,2056-07-27 00:00:00
JUG_00030,STR_0049,returned_to_store,2056-10-03 00:00:00
JUG_00030,HUB_AURORA,washed,2056-10-05 00:00:00
JUG_00030,STR_0029,purchased,2056-10-28 00:00:00
JUG_00030,STR_0029,returned_to_store,2057-02-01 00:00:00
JUG_00030,HUB_AURORA,washed,2057-02-05 00:00:00
JUG_00030,STR_0035,purchased,2057-03-05 00:00:00
JUG_00030,STR_0035,returned_to_store,2057-05-21 00:00:00
JUG_00030,HUB_AURORA,washed,2057-05-24 00:00:00
JUG_00031,STR_0006,purchased,2057-06-12 00:00:00
JUG_00031,STR_0006,returned_to_store,2057-08-22 00:00:00
JUG_00031,HUB_AURORA,washed,2057-08-27 00:00:00
JUG_00031,STR_0045,purchased,2057-09-26 00:00:00
JUG_00031,STR_0045,returned_to_store,2057-11-20 00:00:00
JUG_00031,HUB_AURORA,washed,2057-11-23 00:00:00
JUG_00031,STR_0009,purchased,2057-12-03 00:00:00
JUG_00031,STR_0009,returned_to_store,2058-03-02 00:00:00
JUG_00031,HUB_AURORA,washed,2058-03-05 00:00:00
JUG_00032,STR_0038,purchased,2058-04-01 00:00:00
JUG_00032,STR_0038,returned_to_store,2058-07-02 00:00:00
JUG_00032,HUB_AURORA,washed,2058-07-05 00:00:00
JUG_00032,STR_0024,purchased,2058-08-02 00:00:00
JUG_00032,STR_0024,returned_to_store,2058-10-18 00:00:00
JUG_00032,HUB_AURORA,washed,2058-10-20 00:00:00
JUG_00032,STR_0002,purchased,2058-10-28 00:00:00
JUG_00032,STR_0002,returned_to_store,2058-12-30 00:00:00
JUG_00032,HUB_AURORA,washed,2059-01-04 00:00:00
JUG_00032,STR_0046,purchased,2059-02-03 00:00:00
JUG_00032,STR_0046,returned_to_store,2059-04-04 00:00:00
JUG_00032,HUB_AURORA,washed,2059-04-07 00:00:00
JUG_00032,STR_0000,purchased,2059-04-27 00:00:00
JUG_00032,STR_0000,returned_to_store,2059-07-08 00:00:00
JUG_00032,HUB_AURORA,washed,2059-07-13 00:00:00
JUG_00033,STR_0029,purchased,2059-08-01 00:00:00
JUG_00033,STR_0029,returned_to_store,2059-09-26 00:00:00
JUG_00033,HUB_AURORA,washed,2059-09-28 00:00:00
JUG_00033,STR_0009,purchased,2059-10-09 00:00:00
JUG_00033,STR_0009,returned_to_store,2059-12-11 00:00:00
JUG_00033,HUB_AURORA,washed,2059-12-13 00:00:00
JUG_00033,STR_0021,purchased,2060-01-09 00:00:00
JUG_00033,STR_0021,returned_to_store,2060-02-27 00:00:00
JUG_00033,HUB_AURORA,washed,2060-02-29 00:00:00
JUG_00033,STR_0025,purchased,2060-03-07 00:00:00
JUG_00033,STR_0025,returned_to_store,2060-05-14 00:00:00
JUG_00033,HUB_AURORA,washed,2060-05-18 00:00:00
JUG_00033,STR_0026,purchased,2060-06-10 00:00:00
JUG_00033,STR_0026,returned_to_store,2060-08-27 00:00:00
JUG_00033,HUB_AURORA,washed,2060-09-01 00:00:00
JUG_00033,STR_0021,purchased,2060-09-27 00:00:00
JUG_00033,STR_0021,returned_to_store,2060-11-22 00:00:00
JUG_00033,HUB_AURORA,washed,2060-11-24 00:00:00
JUG_00033,STR_0007,purchased,2060-12-05 00:00:00
JUG_00033,STR_0007,returned_to_store,2061-01-29 00:00:00
JUG_00033,HUB_AURORA,washed,2061-02-01 00:00:00
JUG_00033,STR_0031,purchased,2061-02-23 00:00:00
JUG_00033,STR_0031,returned_to_store,2061-05-26 00:00:00
JUG_00033,HUB_AURORA,washed,2061-05-28 00:00:00
JUG_00034,STR_0010,purchased,2061-06-09 00:00:00
JUG_00034,STR_0010,returned_to_store,2061-08-01 00:00:00
JUG_00034,HUB_AURORA,washed,2061-08-05 00:00:00
JUG_00034,STR_0014,purchased,2061-08-16 00:00:00
JUG_00034,STR_0014,returned_to_store,2061-10-26 00:00:00
JUG_00034,HUB_AURORA,washed,2061-10-28 00:00:00
JUG_00034,STR_0023,purchased,2061-11-09 00:00:00
JUG_00034,STR_0023,returned_to_store,2062-02-05 00:00:00
JUG_00034,HUB_AURORA,washed,2062-02-09 00:00:00
JUG_00034,STR_0041,purchased,2062-03-04 00:00:00
JUG_00034,STR_0041,returned_to_store,2062-06-01 00:00:00
JUG_00034,HUB_AURORA,washed,2062-06-05 00:00:00
JUG_00034,STR_0010,purchased,2062-06-25 00:00:00
JUG_00034,STR_0010,returned_to_store,2062-09-13 00:00:00
JUG_00034,HUB_AURORA,washed,2062-09-16 00:00:00
JUG_00034,STR_0049,purchased,2062-10-16 00:00:00
JUG_00034,STR_0049,returned_to_store,2063-01-03 00:00:00
JUG_00034,HUB_AURORA,washed,2063-01-06 00:00:00
JUG_00035,STR_0006,purchased,2063-01-14 00:00:00
JUG_00035,UNKNOWN,lost_to_leakage,2063-03-18 00:00:00
JUG_00036,STR_0030,purchased,2063-04-17 00:00:00
JUG_00036,UNKNOWN,lost_to_leakage,2063-07-15 00:00:00
JUG_00037,STR_0016,purchased,2063-08-09 00:00:00
JUG_00037,STR_0016,returned_to_store,2063-11-01 00:00:00
JUG_00037,HUB_AURORA,washed,2063-11-04 00:00:00
JUG_00037,STR_0040,purchased,2063-11-16 00:00:00
JUG_00037,STR_0040,returned_to_store,2064-01-24 00:00:00
JUG_00037,HUB_AURORA,washed,2064-01-27 00:00:00
JUG_00037,STR_0049,purchased,2064-02-17 00:00:00
JUG_00037,STR_0049,returned_to_store,2064-05-24 00:00:00
JUG_00037,HUB_AURORA,washed,2064-05-27 00:00:00
JUG_00037,STR_0009,purchased,2064-06-14 00:00:00
JUG_00037,STR_0009,returned_to_store,2064-08-22 00:00:00
JUG_00037,HUB_AURORA,washed,2064-08-25 00:00:00
JUG_00038,STR_0005,purchased,2064-09-15 00:00:00
JUG_00038,STR_0005,returned_to_store,2064-11-29 00:00:00
JUG_00038,HUB_AURORA,washed,2064-12-02 00:00:00
JUG_00038,STR_0012,purchased,2064-12-25 00:00:00
JUG_00038,STR_0012,returned_to_store,2065-03-20 00:00:00
JUG_00038,HUB_AURORA,washed,2065-03-23 00:00:00
JUG_00038,STR_0003,purchased,2065-04-21 00:00:00
JUG_00038,STR_0003,returned_to_store,2065-07-26 00:00:00
JUG_00038,HUB_AURORA,washed,2065-07-28 00:00:00
JUG_00038,STR_0002,purchased,2065-08-23 00:00:00
JUG_00038,STR_0002,returned_to_store,2065-10-16 00:00:00
JUG_00038,HUB_AURORA,washed,2065-10-20 00:00:00
JUG_00038,STR_0031,purchased,2065-10-28 00:00:00
JUG_00038,STR_0031,returned_to_store,2066-01-01 00:00:00
JUG_00038,HUB_AURORA,washed,2066-01-05 00:00:00
JUG_00038,STR_0039,purchased,2066-01-31 00:00:00
JUG_00038,UNKNOWN,lost_to_leakage,2066-05-02 00:00:00
JUG_00039,STR_0000,purchased,2066-05-13 00:00:00
JUG_00039,STR_0000,returned_to_store,2066-07-17 00:00:00
JUG_00039,HUB_AURORA,washed,2066-07-22 00:00:00
JUG_00039,STR_0036,purchased,2066-08-17 00:00:00
JUG_00039,STR_0036,returned_to_store,2066-11-21 00:00:00
JUG_00039,HUB_AURORA,washed,2066-11-24 00:00:00
JUG_00039,STR_0013,purchased,2066-12-14 00:00:00
JUG_00039,STR_0013,returned_to_store,2067-02-18 00:00:00
JUG_00039,HUB_AURORA,washed,2067-02-20 00:00:00
JUG_00039,STR_0044,purchased,2067-03-19 00:00:00
JUG_00039,STR_0044,returned_to_store,2067-05-31 00:00:00
JUG_00039,HUB_AURORA,washed,2067-06-03 00:00:00
JUG_00039,STR_0047,purchased,2067-06-24 00:00:00
JUG_00039,STR_0047,returned_to_store,2067-08-11 00:00:00
JUG_00039,HUB_AURORA,washed,2067-08-14 00:00:00
JUG_00039,STR_0027,purchased,2067-09-10 00:00:00
JUG_00039,STR_0027,returned_to_store,2067-11-06 00:00:00
JUG_00039,HUB_AURORA,washed,2067-11-10 00:00:00
JUG_00039,STR_0016,purchased,2067-12-09 00:00:00
JUG_00039,STR_0016,returned_to_store,2068-03-17 00:00:00
JUG_00039,HUB_AURORA,washed,2068-03-21 00:00:00
JUG_00040,STR_0005,purchased,2068-04-10 00:00:00
JUG_00040,STR_0005,returned_to_store,2068-07-08 00:00:00
JUG_00040,HUB_AURORA,washed,2068-07-10 00:00:00
JUG_00040,STR_0009,purchased,2068-07-31 00:00:00
JUG_00040,STR_0009,returned_to_store,2068-10-11 00:00:00
JUG_00040,HUB_AURORA,washed,2068-10-16 00:00:00
JUG_00040,STR_0032,purchased,2068-10-26 00:00:00
JUG_00040,STR_0032,returned_to_store,2069-01-08 00:00:00
JUG_00040,HUB_AURORA,washed,2069-01-12 00:00:00
JUG_00041,STR_0019,purchased,2069-01-28 00:00:00
JUG_00041,STR_0019,returned_to_store,2069-04-14 00:00:00
JUG_00041,HUB_AURORA,washed,2069-04-17 00:00:00
JUG_00041,STR_0025,purchased,2069-05-06 00:00:00
JUG_00041,STR_0025,returned_to_store,2069-07-14 00:00:00
JUG_00041,HUB_AURORA,washed,2069-07-19 00:00:00
JUG_00041,STR_0038,purchased,2069-07-26 00:00:00
JUG_00041,STR_0038,returned_to_store,2069-09-26 00:00:00
JUG_00041,HUB_AURORA,washed,2069-10-01 00:00:00
JUG_00041,STR_0034,purchased,2069-10-31 00:00:00
JUG_00041,STR_0034,returned_to_store,2070-01-03 00:00:00
JUG_00041,HUB_AURORA,washed,2070-01-07 00:00:00
JUG_00041,STR_0039,purchased,2070-01-28 00:00:00
JUG_00041,STR_0039,returned_to_store,2070-04-06 00:00:00
JUG_00041,HUB_AURORA,washed,2070-04-11 00:00:00
JUG_00041,STR_0033,purchased,2070-04-20 00:00:00
JUG_00041,STR_0033,returned_to_store,2070-07-08 00:00:00
JUG_00041,HUB_AURORA,washed,2070-07-11 00:00:00
JUG_00042,STR_0017,purchased,2070-07-19 00:00:00
JUG_00042,UNKNOWN,lost_to_leakage,2070-10-04 00:00:00
JUG_00043,STR_0007,purchased,2070-11-02 00:00:00
JUG_00043,STR_0007,returned_to_store,2071-02-08 00:00:00
JUG_00043,HUB_AURORA,washed,2071-02-11 00:00:00
JUG_00043,STR_0023,purchased,2071-03-06 00:00:00
JUG_00043,STR_0023,returned_to_store,2071-06-05 00:00:00
JUG_00043,HUB_AURORA,washed,2071-06-07 00:00:00
JUG_00043,STR_0012,purchased,2071-06-26 00:00:00
JUG_00043,STR_0012,returned_to_store,2071-09-28 00:00:00
JUG_00043,HUB_AURORA,washed,2071-10-03 00:00:00
JUG_00043,STR_0034,purchased,2071-10-28 00:00:00
JUG_00043,STR_0034,returned_to_store,2071-12-31 00:00:00
JUG_00043,HUB_AURORA,washed,2072-01-04 00:00:00
JUG_00043,STR_0032,purchased,2072-01-19 00:00:00
JUG_00043,STR_0032,returned_to_store,2072-03-24 00:00:00
JUG_00043,HUB_AURORA,washed,2072-03-29 00:00:00
JUG_00043,STR_0014,purchased,2072-04-18 00:00:00
JUG_00043,STR_0014,returned_to_store,2072-06-21 00:00:00
JUG_00043,HUB_AURORA,washed,2072-06-26 00:00:00
JUG_00044,STR_0020,purchased,2072-07-15 00:00:00
JUG_00044,UNKNOWN,lost_to_leakage,2072-10-06 00:00:00
JUG_00045,STR_0048,purchased,2072-10-31 00:00:00
JUG_00045,STR_0048,returned_to_store,2073-01-24 00:00:00
JUG_00045,HUB_AURORA,washed,2073-01-29 00:00:00
JUG_00045,STR_0025,purchased,2073-02-06 00:00:00
JUG_00045,STR_0025,returned_to_store,2073-05-12 00:00:00
JUG_00045,HUB_AURORA,washed,2073-05-17 00:00:00
JUG_00045,STR_0043,purchased,2073-06-09 00:00:00
JUG_00045,UNKNOWN,lost_to_leakage,2073-08-13 00:00:00
JUG_00046,STR_0026,purchased,2073-08-22 00:00:00
JUG_00046,STR_0026,returned_to_store,2073-11-06 00:00:00
JUG_00046,HUB_AURORA,washed,2073-11-08 00:00:00
JUG_00046,STR_0029,purchased,2073-11-28 00:00:00
JUG_00046,STR_0029,returned_to_store,2074-03-02 00:00:00
JUG_00046,HUB_AURORA,washed,2074-03-04 00:00:00
JUG_00046,STR_0014,purchased,2074-03-17 00:00:00
JUG_00046,STR_0014,returned_to_store,2074-05-14 00:00:00
JUG_00046,HUB_AURORA,washed,2074-05-17 00:00:00
JUG_00046,STR_0031,purchased,2074-06-11 00:00:00
JUG_00046,STR_0031,returned_to_store,2074-09-13 00:00:00
JUG_00046,HUB_AURORA,washed,2074-09-17 00:00:00
JUG_00046,STR_0023,purchased,2074-10-14 00:00:00
JUG_00046,STR_0023,returned_to_store,2075-01-09 00:00:00
JUG_00046,HUB_AURORA,washed,2075-01-14 00:00:00
JUG_00046,STR_0042,purchased,2075-01-24 00:00:00
JUG_00046,STR_0042,returned_to_store,2075-03-30 00:00:00
JUG_00046,HUB_AURORA,washed,2075-04-02 00:00:00
JUG_00046,STR_0013,purchased,2075-04-26 00:00:00
JUG_00046,STR_0013,returned_to_store,2075-07-27 00:00:00
JUG_00046,HUB_AURORA,washed,2075-08-01 00:00:00
JUG_00046,STR_0048,purchased,2075-08-22 00:00:00
JUG_00046,STR_0048,returned_to_store,2075-10-21 00:00:00
JUG_00046,HUB_AURORA,washed,2075-10-23 00:00:00
JUG_00046,STR_0011,purchased,2075-10-31 00:00:00
JUG_00046,UNKNOWN,lost_to_leakage,2076-02-10 00:00:00
JUG_00047,STR_0010,purchased,2076-02-18 00:00:00
JUG_00047,STR_0010,returned_to_store,2076-05-07 00:00:00
JUG_00047,HUB_AURORA,washed,2076-05-12 00:00:00
JUG_00047,STR_0036,purchased,2076-05-21 00:00:00
JUG_00047,STR_0036,returned_to_store,2076-07-19 00:00:00
JUG_00047,HUB_AURORA,washed,2076-07-22 00:00:00
JUG_00047,STR_0021,purchased,2076-08-02 00:00:00
JUG_00047,STR_0021,returned_to_store,2076-10-10 00:00:00
JUG_00047,HUB_AURORA,washed,2076-10-12 00:00:00
JUG_00047,STR_0022,purchased,2076-10-23 00:00:00
JUG_00047,STR_0022,returned_to_store,2077-01-09 00:00:00
JUG_00047,HUB_AURORA,washed,2077-01-13 00:00:00
JUG_00047,STR_0033,purchased,2077-01-24 00:00:00
JUG_00047,STR_0033,returned_to_store,2077-04-20 00:00:00
JUG_00047,HUB_AURORA,washed,2077-04-22 00:00:00
JUG_00047,STR_0019,purchased,2077-05-15 00:00:00
JUG_00047,STR_0019,returned_to_store,2077-07-12 00:00:00
JUG_00047,HUB_AURORA,washed,2077-07-17 00:00:00
JUG_00048,STR_0001,purchased,2077-07-28 00:00:00
JUG_00048,STR_0001,returned_to_store,2077-10-30 00:00:00
JUG_00048,HUB_AURORA,washed,2077-11-02 00:00:00
JUG_00048,STR_0027,purchased,2077-11-14 00:00:00
JUG_00048,STR_0027,returned_to_store,2078-01-24 00:00:00
JUG_00048,HUB_AURORA,washed,2078-01-29 00:00:00
JUG_00048,STR_0018,purchased,2078-02-25 00:00:00
JUG_00048,STR_0018,returned_to_store,2078-05-24 00:00:00
JUG_00048,HUB_AURORA,washed,2078-05-26 00:00:00
JUG_00048,STR_0045,purchased,2078-06-18 00:00:00
JUG_00048,STR_0045,returned_to_store,2078-09-15 00:00:00
JUG_00048,HUB_AURORA,washed,2078-09-19 00:00:00
JUG_00048,STR_0012,purchased,2078-10-17 00:00:00
JUG_00048,STR_0012,returned_to_store,2078-12-08 00:00:00
JUG_00048,HUB_AURORA,washed,2078-12-12 00:00:00
JUG_00049,STR_0004,purchased,2079-01-02 00:00:00
JUG_00049,STR_0004,returned_to_store,2079-03-31 00:00:00
JUG_00049,HUB_AURORA,washed,2079-04-03 00:00:00
JUG_00049,STR_0047,purchased,2079-04-20 00:00:00
JUG_00049,STR_0047,returned_to_store,2079-06-30 00:00:00
JUG_00049,HUB_AURORA,washed,2079-07-03 00:00:00
JUG_00049,STR_0037,purchased,2079-07-20 00:00:00
JUG_00049,STR_0037,returned_to_store,2079-10-25 00:00:00
JUG_00049,HUB_AURORA,washed,2079-10-28 00:00:00
JUG_00049,STR_0043,purchased,2079-11-08 00:00:00
JUG_00049,STR_0043,returned_to_store,2080-02-02 00:00:00
JUG_00049,HUB_AURORA,washed,2080-02-07 00:00:00
JUG_00049,STR_0002,purchased,2080-02-19 00:00:00
JUG_00049,STR_0002,returned_to_store,2080-04-18 00:00:00
JUG_00049,HUB_AURORA,washed,2080-04-22 00:00:00
JUG_00049,STR_0022,purchased,2080-05-06 00:00:00
JUG_00049,STR_0022,returned_to_store,2080-08-14 00:00:00
JUG_00049,HUB_AURORA,washed,2080-08-19 00:00:00
JUG_00050,STR_0030,purchased,2080-08-28 00:00:00
JUG_00050,STR_0030,returned_to_store,2080-10-30 00:00:00
JUG_00050,HUB_AURORA,washed,2080-11-04 00:00:00
JUG_00050,STR_0043,purchased,2080-12-04 00:00:00
JUG_00050,STR_0043,returned_to_store,2081-01-27 00:00:00
JUG_00050,HUB_AURORA,washed,2081-01-29 00:00:00
JUG_00050,STR_0026,purchased,2081-02-12 00:00:00
JUG_00050,STR_0026,returned_to_store,2081-05-17 00:00:00
JUG_00050,HUB_AURORA,washed,2081-05-21 00:00:00
JUG_00050,STR_0010,purchased,2081-06-13 00:00:00
JUG_00050,UNKNOWN,lost_to_leakage,2081-08-12 00:00:00
JUG_00051,STR_0024,purchased,2081-09-04 00:00:00
JUG_00051,STR_0024,returned_to_store,2081-10-31 00:00:00
JUG_00051,HUB_AURORA,washed,2081-11-05 00:00:00
JUG_00051,STR_0030,purchased,2081-11-14 00:00:00
JUG_00051,STR_0030,returned_to_store,2082-02-16 00:00:00
JUG_00051,HUB_AURORA,washed,2082-02-18 00:00:00
JUG_00051,STR_0018,purchased,2082-03-06 00:00:00
JUG_00051,STR_0018,returned_to_store,2082-05-18 00:00:00
JUG_00051,HUB_AURORA,washed,2082-05-23 00:00:00
JUG_00051,STR_0010,purchased,2082-06-18 00:00:00
JUG_00051,STR_0010,returned_to_store,2082-08-23 00:00:00
JUG_00051,HUB_AURORA,washed,2082-08-25 00:00:00
JUG_00051,STR_0003,purchased,2082-09-21 00:00:00
JUG_00051,STR_0003,returned_to_store,2082-12-16 00:00:00
JUG_00051,HUB_AURORA,washed,2082-12-20 00:00:00
JUG_00051,STR_0046,purchased,2082-12-28 00:00:00
JUG_00051,STR_0046,returned_to_store,2083-03-30 00:00:00
JUG_00051,HUB_AURORA,washed,2083-04-02 00:00:00
JUG_00052,STR_0017,purchased,2083-04-15 00:00:00
JUG_00052,STR_0017,returned_to_store,2083-06-13 00:00:00
JUG_00052,HUB_AURORA,washed,2083-06-17 00:00:00
JUG_00052,STR_0017,purchased,2083-06-24 00:00:00
JUG_00052,STR_0017,returned_to_store,2083-08-23 00:00:00
JUG_00052,HUB_AURORA,washed,2083-08-27 00:00:00
JUG_00052,STR_0029,purchased,2083-09-05 00:00:00
JUG_00052,STR_0029,returned_to_store,2083-10-29 00:00:00
JUG_00052,HUB_AURORA,washed,2083-10-31 00:00:00
JUG_00052,STR_0024,purchased,2083-11-17 00:00:00
JUG_00052,STR_0024,returned_to_store,2084-01-09 00:00:00
JUG_00052,HUB_AURORA,washed,2084-01-14 00:00:00
JUG_00052,STR_0040,purchased,2084-01-23 00:00:00
JUG_00052,STR_0040,returned_to_store,2084-03-26 00:00:00
JUG_00052,HUB_AURORA,washed,2084-03-29 00:00:00
JUG_00052,STR_0029,purchased,2084-04-13 00:00:00
JUG_00052,STR_0029,returned_to_store,2084-07-01 00:00:00
JUG_00052,HUB_AURORA,washed,2084-07-05 00:00:00
JUG_00052,STR_0040,purchased,2084-08-01 00:00:00
JUG_00052,STR_0040,returned_to_store,2084-11-10 00:00:00
JUG_00052,HUB_AURORA,washed,2084-11-13 00:00:00
JUG_00052,STR_0041,purchased,2084-12-01 00:00:00
JUG_00052,STR_0041,returned_to_store,2085-03-13 00:00:00
JUG_00052,HUB_AURORA,washed,2085-03-16 00:00:00
JUG_00052,STR_0000,purchased,2085-04-06 00:00:00
JUG_00052,STR_0000,returned_to_store,2085-07-06 00:00:00
JUG_00052,HUB_AURORA,washed,2085-07-08 00:00:00
JUG_00052,STR_0009,purchased,2085-07-24 00:00:00
JUG_00052,STR_0009,returned_to_store,2085-09-23 00:00:00
JUG_00052,HUB_AURORA,washed,2085-09-28 00:00:00
JUG_00053,STR_0003,purchased,2085-10-23 00:00:00
JUG_00053,STR_0003,returned_to_store,2085-12-23 00:00:00
JUG_00053,HUB_AURORA,washed,2085-12-28 00:00:00
JUG_00053,STR_0033,purchased,2086-01-14 00:00:00
JUG_00053,STR_0033,returned_to_store,2086-03-22 00:00:00
JUG_00053,HUB_AURORA,washed,2086-03-26 00:00:00
JUG_00053,STR_0033,purchased,2086-04-09 00:00:00
JUG_00053,STR_0033,returned_to_store,2086-06-23 00:00:00
JUG_00053,HUB_AURORA,washed,2086-06-27 00:00:00
JUG_00054,STR_0026,purchased,2086-07-18 00:00:00
JUG_00054,STR_0026,returned_to_store,2086-09-16 00:00:00
JUG_00054,HUB_AURORA,washed,2086-09-21 00:00:00
JUG_00054,STR_0016,purchased,2086-10-13 00:00:00
JUG_00054,UNKNOWN,lost_to_leakage,2086-12-13 00:00:00
JUG_00055,STR_0017,purchased,2087-01-05 00:00:00
JUG_00055,STR_0017,returned_to_store,2087-03-21 00:00:00
JUG_00055,HUB_AURORA,washed,2087-03-26 00:00:00
JUG_00055,STR_0010,purchased,2087-04-06 00:00:00
JUG_00055,STR_0010,returned_to_store,2087-06-13 00:00:00
JUG_00055,HUB_AURORA,washed,2087-06-16 00:00:00
JUG_00055,STR_0030,purchased,2087-07-12 00:00:00
JUG_00055,STR_0030,returned_to_store,2087-10-11 00:00:00
JUG_00055,HUB_AURORA,washed,2087-10-14 00:00:00
JUG_00055,STR_0022,purchased,2087-11-09 00:00:00
JUG_00055,STR_0022,returned_to_store,2088-01-20 00:00:00
JUG_00055,HUB_AURORA,washed,2088-01-25 00:00:00
JUG_00056,STR_0013,purchased,2088-02-23 00:00:00
JUG_00056,STR_0013,returned_to_store,2088-05-02 00:00:00
JUG_00056,HUB_AURORA,washed,2088-05-04 00:00:00
JUG_00056,STR_0042,purchased,2088-05-24 00:00:00
JUG_00056,STR_0042,returned_to_store,2088-08-14 00:00:00
JUG_00056,HUB_AURORA,washed,2088-08-18 00:00:00
JUG_00056,STR_0033,purchased,2088-09-13 00:00:00
JUG_00056,STR_0033,returned_to_store,2088-11-20 00:00:00
JUG_00056,HUB_AURORA,washed,2088-11-25 00:00:00
JUG_00056,STR_0009,purchased,2088-12-07 00:00:00
JUG_00056,STR_0009,returned_to_store,2089-02-04 00:00:00
JUG_00056,HUB_AURORA,washed,2089-02-08 00:00:00
JUG_00056,STR_0044,purchased,2089-02-21 00:00:00
JUG_00056,STR_0044,returned_to_store,2089-05-01 00:00:00
JUG_00056,HUB_AURORA,washed,2089-05-04 00:00:00
JUG_00056,STR_0049,purchased,2089-06-02 00:00:00
JUG_00056,STR_0049,returned_to_store,2089-09-01 00:00:00
JUG_00056,HUB_AURORA,washed,2089-09-05 00:00:00
JUG_00056,STR_0004,purchased,2089-09-18 00:00:00
JUG_00056,STR_0004,returned_to_store,2089-11-10 00:00:00
JUG_00056,HUB_AURORA,washed,2089-11-15 00:00:00
JUG_00056,STR_0006,purchased,2089-12-12 00:00:00
JUG_00056,STR_0006,returned_to_store,2090-03-05 00:00:00
JUG_00056,HUB_AURORA,washed,2090-03-10 00:00:00
JUG_00056,STR_0008,purchased,2090-03-25 00:00:00
JUG_00056,STR_0008,returned_to_store,2090-06-28 00:00:00
JUG_00056,HUB_AURORA,washed,2090-07-02 00:00:00
JUG_00057,STR_0032,purchased,2090-07-13 00:00:00
JUG_00057,STR_0032,returned_to_store,2090-10-01 00:00:00
JUG_00057,HUB_AURORA,washed,2090-10-04 00:00:00
JUG_00057,STR_0020,purchased,2090-10-11 00:00:00
JUG_00057,STR_0020,returned_to_store,2090-12-05 00:00:00
JUG_00057,HUB_AURORA,washed,2090-12-08 00:00:00
JUG_00057,STR_0006,purchased,2090-12-30 00:00:00
JUG_00057,STR_0006,returned_to_store,2091-03-15 00:00:00
JUG_00057,HUB_AURORA,washed,2091-03-17 00:00:00
JUG_00057,STR_0012,purchased,2091-04-11 00:00:00
JUG_00057,STR_0012,returned_to_store,2091-06-21 00:00:00
JUG_00057,HUB_AURORA,washed,2091-06-25 00:00:00
JUG_00058,STR_0025,purchased,2091-07-25 00:00:00
JUG_00058,UNKNOWN,lost_to_leakage,2091-09-17 00:00:00
JUG_00059,STR_0038,purchased,2091-10-06 00:00:00
JUG_00059,STR_0038,returned_to_store,2092-01-09 00:00:00
JUG_00059,HUB_AURORA,washed,2092-01-13 00:00:00
JUG_00059,STR_0035,purchased,2092-02-08 00:00:00
JUG_00059,STR_0035,returned_to_store,2092-04-24 00:00:00
JUG_00059,HUB_AURORA,washed,2092-04-26 00:00:00
JUG_00059,STR_0006,purchased,2092-05-18 00:00:00
JUG_00059,STR_0006,returned_to_store,2092-08-11 00:00:00
JUG_00059,HUB_AURORA,washed,2092-08-13 00:00:00
JUG_00059,STR_0043,purchased,2092-08-23 00:00:00
JUG_00059,STR_0043,returned_to_store,2092-11-10 00:00:00
JUG_00059,HUB_AURORA,washed,2092-11-13 00:00:00
JUG_00059,STR_0008,purchased,2092-12-01 00:00:00
JUG_00059,STR_0008,returned_to_store,2093-03-05 00:00:00
JUG_00059,HUB_AURORA,washed,2093-03-07 00:00:00
JUG_00060,STR_0022,purchased,2093-04-03 00:00:00
JUG_00060,STR_0022,returned_to_store,2093-06-30 00:00:00
JUG_00060,HUB_AURORA,washed,2093-07-03 00:00:00
JUG_00060,STR_0007,purchased,2093-07-26 00:00:00
JUG_00060,STR_0007,returned_to_store,2093-09-17 00:00:00
JUG_00060,HUB_AURORA,washed,2093-09-21 00:00:00
JUG_00060,STR_0036,purchased,2093-10-07 00:00:00
JUG_00060,STR_0036,returned_to_store,2093-12-11 00:00:00
JUG_00060,HUB_AURORA,washed,2093-12-14 00:00:00
JUG_00060,STR_0026,purchased,2093-12-26 00:00:00
JUG_00060,STR_0026,returned_to_store,2094-03-01 00:00:00
JUG_00060,HUB_AURORA,washed,2094-03-04 00:00:00
JUG_00060,STR_0003,purchased,2094-03-14 00:00:00
JUG_00060,STR_0003,returned_to_store,2094-05-15 00:00:00
JUG_00060,HUB_AURORA,washed,2094-05-17 00:00:00
JUG_00061,STR_0000,purchased,2094-06-14 00:00:00
JUG_00061,STR_0000,returned_to_store,2094-08-08 00:00:00
JUG_00061,HUB_AURORA,washed,2094-08-13 00:00:00
JUG_00061,STR_0015,purchased,2094-09-11 00:00:00
JUG_00061,STR_0015,returned_to_store,2094-11-17 00:00:00
JUG_00061,HUB_AURORA,washed,2094-11-21 00:00:00
JUG_00061,STR_0011,purchased,2094-12-17 00:00:00
JUG_00061,STR_0011,returned_to_store,2095-02-26 00:00:00
JUG_00061,HUB_AURORA,washed,2095-03-01 00:00:00
JUG_00061,STR_0023,purchased,2095-03-27 00:00:00
JUG_00061,STR_0023,returned_to_store,2095-05-31 00:00:00
JUG_00061,HUB_AURORA,washed,2095-06-02 00:00:00
JUG_00061,STR_0005,purchased,2095-06-14 00:00:00
JUG_00061,STR_0005,returned_to_store,2095-09-04 00:00:00
JUG_00061,HUB_AURORA,washed,2095-09-09 00:00:00
JUG_00062,STR_0021,purchased,2095-09-28 00:00:00
JUG_00062,STR_0021,returned_to_store,2095-12-31 00:00:00
JUG_00062,HUB_AURORA,washed,2096-01-05 00:00:00
JUG_00062,STR_0017,purchased,2096-01-30 00:00:00
JUG_00062,STR_0017,returned_to_store,2096-04-07 00:00:00
JUG_00062,HUB_AURORA,washed,2096-04-12 00:00:00
JUG_00062,STR_0025,purchased,2096-05-10 00:00:00
JUG_00062,STR_0025,returned_to_store,2096-07-31 00:00:00
JUG_00062,HUB_AURORA,washed,2096-08-05 00:00:00
JUG_00062,STR_0043,purchased,2096-09-01 00:00:00
JUG_00062,STR_0043,returned_to_store,2096-11-03 00:00:00
JUG_00062,HUB_AURORA,washed,2096-11-08 00:00:00
JUG_00062,STR_0034,purchased,2096-12-06 00:00:00
JUG_00062,STR_0034,returned_to_store,2097-03-02 00:00:00
JUG_00062,HUB_AURORA,washed,2097-03-04 00:00:00
JUG_00062,STR_0039,purchased,2097-03-26 00:00:00
JUG_00062,STR_0039,returned_to_store,2097-05-30 00:00:00
JUG_00062,HUB_AURORA,washed,2097-06-02 00:00:00
JUG_00062,STR_0021,purchased,2097-06-12 00:00:00
JUG_00062,STR_0021,returned_to_store,2097-08-01 00:00:00
JUG_00062,HUB_AURORA,washed,2097-08-03 00:00:00
JUG_00062,STR_0047,purchased,2097-09-02 00:00:00
JUG_00062,STR_0047,returned_to_store,2097-10-31 00:00:00
JUG_00062,HUB_AURORA,washed,2097-11-05 00:00:00
JUG_00062,STR_0029,purchased,2097-11-29 00:00:00
JUG_00062,STR_0029,returned_to_store,2098-02-08 00:00:00
JUG_00062,HUB_AURORA,washed,2098-02-13 00:00:00
JUG_00062,STR_0007,purchased,2098-03-01 00:00:00
JUG_00062,STR_0007,returned_to_store,2098-05-26 00:00:00
JUG_00062,HUB_AURORA,washed,2098-05-31 00:00:00
JUG_00063,STR_0021,purchased,2098-06-26 00:00:00
JUG_00063,STR_0021,returned_to_store,2098-09-16 00:00:00
JUG_00063,HUB_AURORA,washed,2098-09-21 00:00:00
JUG_00063,STR_0040,purchased,2098-10-21 00:00:00
JUG_00063,UNKNOWN,lost_to_leakage,2099-01-01 00:00:00
JUG_00064,STR_0049,purchased,2099-01-10 00:00:00
JUG_00064,STR_0049,returned_to_store,2099-03-16 00:00:00
JUG_00064,HUB_AURORA,washed,2099-03-20 00:00:00
JUG_00064,STR_0006,purchased,2099-03-29 00:00:00
JUG_00064,UNKNOWN,lost_to_leakage,2099-06-04 00:00:00
JUG_00065,STR_0046,purchased,2099-06-13 00:00:00
JUG_00065,STR_0046,returned_to_store,2099-08-28 00:00:00
JUG_00065,HUB_AURORA,washed,2099-08-30 00:00:00
JUG_00065,STR_0048,purchased,2099-09-06 00:00:00
JUG_00065,STR_0048,returned_to_store,2099-12-05 00:00:00
JUG_00065,HUB_AURORA,washed,2099-12-09 00:00:00
JUG_00065,STR_0020,purchased,2100-01-07 00:00:00
JUG_00065,STR_0020,returned_to_store,2100-03-24 00:00:00
JUG_00065,HUB_AURORA,washed,2100-03-26 00:00:00
JUG_00065,STR_0028,purchased,2100-04-15 00:00:00
JUG_00065,STR_0028,returned_to_store,2100-07-03 00:00:00
JUG_00065,HUB_AURORA,washed,2100-07-07 00:00:00
JUG_00065,STR_0008,purchased,2100-08-03 00:00:00
JUG_00065,STR_0008,returned_to_store,2100-11-04 00:00:00
JUG_00065,HUB_AURORA,washed,2100-11-07 00:00:00
JUG_00065,STR_0008,purchased,2100-11-28 00:00:00
JUG_00065,STR_0008,returned_to_store,2101-02-01 00:00:00
JUG_00065,HUB_AURORA,washed,2101-02-03 00:00:00
JUG_00065,STR_0024,purchased,2101-02-18 00:00:00
JUG_00065,STR_0024,returned_to_store,2101-04-18 00:00:00
JUG_00065,HUB_AURORA,washed,2101-04-22 00:00:00
JUG_00065,STR_0045,purchased,2101-05-22 00:00:00
JUG_00065,STR_0045,returned_to_store,2101-07-22 00:00:00
JUG_00065,HUB_AURORA,washed,2101-07-26 00:00:00
JUG_00065,STR_0021,purchased,2101-08-20 00:00:00
JUG_00065,STR_0021,returned_to_store,2101-10-19 00:00:00
JUG_00065,HUB_AURORA,washed,2101-10-23 00:00:00
JUG_00065,STR_0018,purchased,2101-11-08 00:00:00
JUG_00065,STR_0018,returned_to_store,2102-02-05 00:00:00
JUG_00065,HUB_AURORA,washed,2102-02-10 00:00:00
JUG_00066,STR_0025,purchased,2102-02-18 00:00:00
JUG_00066,STR_0025,returned_to_store,2102-04-19 00:00:00
JUG_00066,HUB_AURORA,washed,2102-04-22 00:00:00
JUG_00066,STR_0015,purchased,2102-05-09 00:00:00
JUG_00066,STR_0015,returned_to_store,2102-07-24 00:00:00
JUG_00066,HUB_AURORA,washed,2102-07-29 00:00:00
JUG_00066,STR_0028,purchased,2102-08-27 00:00:00
JUG_00066,STR_0028,returned_to_store,2102-11-12 00:00:00
JUG_00066,HUB_AURORA,washed,2102-11-17 00:00:00
JUG_00067,STR_0017,purchased,2102-12-16 00:00:00
JUG_00067,STR_0017,returned_to_store,2103-03-18 00:00:00
JUG_00067,HUB_AURORA,washed,2103-03-20 00:00:00
JUG_00067,STR_0018,purchased,2103-04-11 00:00:00
JUG_00067,STR_0018,returned_to_store,2103-07-06 00:00:00
JUG_00067,HUB_AURORA,washed,2103-07-09 00:00:00
JUG_00067,STR_0046,purchased,2103-07-30 00:00:00
JUG_00067,STR_0046,returned_to_store,2103-10-07 00:00:00
JUG_00067,HUB_AURORA,washed,2103-10-12 00:00:00
JUG_00067,STR_0004,purchased,2103-11-02 00:00:00
JUG_00067,STR_0004,returned_to_store,2104-01-12 00:00:00
JUG_00067,HUB_AURORA,washed,2104-01-17 00:00:00
JUG_00067,STR_0047,purchased,2104-02-10 00:00:00
JUG_00067,STR_0047,returned_to_store,2104-05-07 00:00:00
JUG_00067,HUB_AURORA,washed,2104-05-11 00:00:00
JUG_00067,STR_0040,purchased,2104-06-10 00:00:00
JUG_00067,STR_0040,returned_to_store,2104-08-23 00:00:00
JUG_00067,HUB_AURORA,washed,2104-08-27 00:00:00
JUG_00067,STR_0012,purchased,2104-09-19 00:00:00
JUG_00067,STR_0012,returned_to_store,2104-12-11 00:00:00
JUG_00067,HUB_AURORA,washed,2104-12-16 00:00:00
JUG_00068,STR_0032,purchased,2104-12-24 00:00:00
JUG_00068,STR_0032,returned_to_store,2105-03-21 00:00:00
JUG_00068,HUB_AURORA,washed,2105-03-23 00:00:00
JUG_00068,STR_0028,purchased,2105-03-31 00:00:00
JUG_00068,STR_0028,returned_to_store,2105-06-11 00:00:00
JUG_00068,HUB_AURORA,washed,2105-06-15 00:00:00
JUG_00068,STR_0044,purchased,2105-07-10 00:00:00
JUG_00068,STR_0044,returned_to_store,2105-09-21 00:00:00
JUG_00068,HUB_AURORA,washed,2105-09-24 00:00:00
JUG_00068,STR_0009,purchased,2105-10-03 00:00:00
JUG_00068,UNKNOWN,lost_to_leakage,2105-12-22 00:00:00
JUG_00069,STR_0048,purchased,2106-01-09 00:00:00
JUG_00069,UNKNOWN,lost_to_leakage,2106-04-15 00:00:00
JUG_00070,STR_0018,purchased,2106-05-08 00:00:00
JUG_00070,STR_0018,returned_to_store,2106-08-18 00:00:00
JUG_00070,HUB_AURORA,washed,2106-08-21 00:00:00
JUG_00070,STR_0026,purchased,2106-09-16 00:00:00
JUG_00070,STR_0026,returned_to_store,2106-12-07 00:00:00
JUG_00070,HUB_AURORA,washed,2106-12-12 00:00:00
JUG_00070,STR_0016,purchased,2106-12-26 00:00:00
JUG_00070,STR_0016,returned_to_store,2107-03-29 00:00:00
JUG_00070,HUB_AURORA,washed,2107-04-02 00:00:00
JUG_00070,STR_0020,purchased,2107-04-15 00:00:00
JUG_00070,STR_0020,returned_to_store,2107-06-13 00:00:00
JUG_00070,HUB_AURORA,washed,2107-06-17 00:00:00
JUG_00070,STR_0022,purchased,2107-06-25 00:00:00
JUG_00070,STR_0022,returned_to_store,2107-09-06 00:00:00
JUG_00070,HUB_AURORA,washed,2107-09-09 00:00:00
JUG_00070,STR_0029,purchased,2107-09-27 00:00:00
JUG_00070,STR_0029,returned_to_store,2107-12-27 00:00:00
JUG_00070,HUB_AURORA,washed,2107-12-31 00:00:00
JUG_00070,STR_0049,purchased,2108-01-19 00:00:00
JUG_00070,STR_0049,returned_to_store,2108-03-25 00:00:00
JUG_00070,HUB_AURORA,washed,2108-03-27 00:00:00
JUG_00070,STR_0031,purchased,2108-04-15 00:00:00
JUG_00070,UNKNOWN,lost_to_leakage,2108-07-06 00:00:00
JUG_00071,STR_0015,purchased,2108-08-05 00:00:00
JUG_00071,STR_0015,returned_to_store,2108-10-05 00:00:00
JUG_00071,HUB_AURORA,washed,2108-10-10 00:00:00
JUG_00071,STR_0043,purchased,2108-10-29 00:00:00
JUG_00071,STR_0043,returned_to_store,2109-01-17 00:00:00
JUG_00071,HUB_AURORA,washed,2109-01-20 00:00:00
JUG_00071,STR_0010,purchased,2109-02-03 00:00:00
JUG_00071,STR_0010,returned_to_store,2109-04-18 00:00:00
JUG_00071,HUB_AURORA,washed,2109-04-23 00:00:00
JUG_00071,STR_0021,purchased,2109-05-23 00:00:00
JUG_00071,STR_0021,returned_to_store,2109-08-04 00:00:00
JUG_00071,HUB_AURORA,washed,2109-08-07 00:00:00
JUG_00071,STR_0017,purchased,2109-08-25 00:00:00
JUG_00071,STR_0017,returned_to_store,2109-10-22 00:00:00
JUG_00071,HUB_AURORA,washed,2109-10-27 00:00:00
JUG_00071,STR_0046,purchased,2109-11-15 00:00:00
JUG_00071,STR_0046,returned_to_store,2110-02-03 00:00:00
JUG_00071,HUB_AURORA,washed,2110-02-05 00:00:00
JUG_00072,STR_0047,purchased,2110-03-02 00:00:00
JUG_00072,STR_0047,returned_to_store,2110-05-05 00:00:00
JUG_00072,HUB_AURORA,washed,2110-05-10 00:00:00
JUG_00072,STR_0008,purchased,2110-05-22 00:00:00
JUG_00072,STR_0008,returned_to_store,2110-08-10 00:00:00
JUG_00072,HUB_AURORA,washed,2110-08-13 00:00:00
JUG_00072,STR_0049,purchased,2110-08-27 00:00:00
JUG_00072,STR_0049,returned_to_store,2110-10-24 00:00:00
JUG_00072,HUB_AURORA,washed,2110-10-28 00:00:00
JUG_00072,STR_0006,purchased,2110-11-06 00:00:00
JUG_00072,STR_0006,returned_to_store,2110-12-25 00:00:00
JUG_00072,HUB_AURORA,washed,2110-12-28 00:00:00
JUG_00072,STR_0032,purchased,2111-01-17 00:00:00
JUG_00072,STR_0032,returned_to_store,2111-04-19 00:00:00
JUG_00072,HUB_AURORA,washed,2111-04-22 00:00:00
JUG_00072,STR_0015,purchased,2111-05-09 00:00:00
JUG_00072,STR_0015,returned_to_store,2111-07-08 00:00:00
JUG_00072,HUB_AURORA,washed,2111-07-12 00:00:00
JUG_00072,STR_0005,purchased,2111-07-25 00:00:00
JUG_00072,STR_0005,returned_to_store,2111-10-03 00:00:00
JUG_00072,HUB_AURORA,washed,2111-10-05 00:00:00
JUG_00073,STR_0032,purchased,2111-10-25 00:00:00
JUG_00073,STR_0032,returned_to_store,2111-12-28 00:00:00
JUG_00073,HUB_AURORA,washed,2112-01-01 00:00:00
JUG_00073,STR_0030,purchased,2112-01-24 00:00:00
JUG_00073,STR_0030,returned_to_store,2112-04-18 00:00:00
JUG_00073,HUB_AURORA,washed,2112-04-21 00:00:00
JUG_00073,STR_0019,purchased,2112-05-18 00:00:00
JUG_00073,STR_0019,returned_to_store,2112-07-31 00:00:00
JUG_00073,HUB_AURORA,washed,2112-08-05 00:00:00
JUG_00073,STR_0015,purchased,2112-09-02 00:00:00
JUG_00073,STR_0015,returned_to_store,2112-11-10 00:00:00
JUG_00073,HUB_AURORA,washed,2112-11-14 00:00:00
JUG_00073,STR_0006,purchased,2112-11-29 00:00:00
JUG_00073,STR_0006,returned_to_store,2113-02-21 00:00:00
JUG_00073,HUB_AURORA,washed,2113-02-26 00:00:00
JUG_00073,STR_0034,purchased,2113-03-14 00:00:00
JUG_00073,UNKNOWN,lost_to_leakage,2113-06-18 00:00:00
JUG_00074,STR_0001,purchased,2113-07-11 00:00:00
JUG_00074,STR_0001,returned_to_store,2113-09-23 00:00:00
JUG_00074,HUB_AURORA,washed,2113-09-27 00:00:00
JUG_00074,STR_0049,purchased,2113-10-20 00:00:00
JUG_00074,STR_0049,returned_to_store,2114-01-17 00:00:00
JUG_00074,HUB_AURORA,washed,2114-01-21 00:00:00
JUG_00074,STR_0043,purchased,2114-02-08 00:00:00
JUG_00074,UNKNOWN,lost_to_leakage,2114-05-18 00:00:00
JUG_00075,STR_0006,purchased,2114-06-12 00:00:00
JUG_00075,STR_0006,returned_to_store,2114-08-11 00:00:00
JUG_00075,HUB_AURORA,washed,2114-08-13 00:00:00
JUG_00075,STR_0029,purchased,2114-09-01 00:00:00
JUG_00075,UNKNOWN,lost_to_leakage,2114-11-27 00:00:00
JUG_00076,STR_0028,purchased,2114-12-11 00:00:00
JUG_00076,STR_0028,returned_to_store,2115-02-26 00:00:00
JUG_00076,HUB_AURORA,washed,2115-03-02 00:00:00
JUG_00076,STR_0035,purchased,2115-03-13 00:00:00
JUG_00076,STR_0035,returned_to_store,2115-05-20 00:00:00
JUG_00076,HUB_AURORA,washed,2115-05-22 00:00:00
JUG_00076,STR_0018,purchased,2115-05-30 00:00:00
JUG_00076,STR_0018,returned_to_store,2115-08-26 00:00:00
JUG_00076,HUB_AURORA,washed,2115-08-30 00:00:00
JUG_00076,STR_0015,purchased,2115-09-12 00:00:00
JUG_00076,STR_0015,returned_to_store,2115-11-15 00:00:00
JUG_00076,HUB_AURORA,washed,2115-11-18 00:00:00
JUG_00076,STR_0025,purchased,2115-12-04 00:00:00
JUG_00076,UNKNOWN,lost_to_leakage,2116-02-17 00:00:00
JUG_00077,STR_0047,purchased,2116-03-18 00:00:00
JUG_00077,STR_0047,returned_to_store,2116-05-26 00:00:00
JUG_00077,HUB_AURORA,washed,2116-05-30 00:00:00
JUG_00077,STR_0006,purchased,2116-06-08 00:00:00
JUG_00077,STR_0006,returned_to_store,2116-09-06 00:00:00
JUG_00077,HUB_AURORA,washed,2116-09-09 00:00:00
JUG_00077,STR_0034,purchased,2116-09-21 00:00:00
JUG_00077,STR_0034,returned_to_store,2116-12-25 00:00:00
JUG_00077,HUB_AURORA,washed,2116-12-29 00:00:00
JUG_00078,STR_0007,purchased,2117-01-18 00:00:00
JUG_00078,STR_0007,returned_to_store,2117-03-31 00:00:00
JUG_00078,HUB_AURORA,washed,2117-04-05 00:00:00
JUG_00078,STR_0035,purchased,2117-04-17 00:00:00
JUG_00078,STR_0035,returned_to_store,2117-07-17 00:00:00
JUG_00078,HUB_AURORA,washed,2117-07-19 00:00:00
JUG_00078,STR_0036,purchased,2117-08-04 00:00:00
JUG_00078,STR_0036,returned_to_store,2117-10-01 00:00:00
JUG_00078,HUB_AURORA,washed,2117-10-06 00:00:00
JUG_00078,STR_0011,purchased,2117-11-01 00:00:00
JUG_00078,STR_0011,returned_to_store,2118-02-07 00:00:00
JUG_00078,HUB_AURORA,washed,2118-02-10 00:00:00
JUG_00078,STR_0021,purchased,2118-03-05 00:00:00
JUG_00078,STR_0021,returned_to_store,2118-05-02 00:00:00
JUG_00078,HUB_AURORA,washed,2118-05-05 00:00:00
JUG_00078,STR_0034,purchased,2118-06-04 00:00:00
JUG_00078,STR_0034,returned_to_store,2118-08-22 00:00:00
JUG_00078,HUB_AURORA,washed,2118-08-27 00:00:00
JUG_00078,STR_0041,purchased,2118-09-11 00:00:00
JUG_00078,STR_0041,returned_to_store,2118-11-14 00:00:00
JUG_00078,HUB_AURORA,washed,2118-11-17 00:00:00
JUG_00079,STR_0006,purchased,2118-12-16 00:00:00
JUG_00079,STR_0006,returned_to_store,2119-03-14 00:00:00
JUG_00079,HUB_AURORA,washed,2119-03-17 00:00:00
JUG_00079,STR_0025,purchased,2119-03-28 00:00:00
JUG_00079,STR_0025,returned_to_store,2119-06-16 00:00:00
JUG_00079,HUB_AURORA,washed,2119-06-20 00:00:00
JUG_00079,STR_0044,purchased,2119-07-05 00:00:00
JUG_00079,STR_0044,returned_to_store,2119-10-04 00:00:00
JUG_00079,HUB_AURORA,washed,2119-10-07 00:00:00
JUG_00079,STR_0004,purchased,2119-10-24 00:00:00
JUG_00079,STR_0004,returned_to_store,2120-01-10 00:00:00
JUG_00079,HUB_AURORA,washed,2120-01-13 00:00:00
JUG_00080,STR_0036,purchased,2120-01-29 00:00:00
JUG_00080,STR_0036,returned_to_store,2120-05-10 00:00:00
JUG_00080,HUB_AURORA,washed,2120-05-12 00:00:00
JUG_00080,STR_0036,purchased,2120-06-07 00:00:00
JUG_00080,UNKNOWN,lost_to_leakage,2120-08-08 00:00:00
JUG_00081,STR_0000,purchased,2120-09-07 00:00:00
JUG_00081,STR_0000,returned_to_store,2120-11-19 00:00:00
JUG_00081,HUB_AURORA,washed,2120-11-23 00:00:00
JUG_00081,STR_0030,purchased,2120-12-23 00:00:00
JUG_00081,STR_0030,returned_to_store,2121-04-05 00:00:00
JUG_00081,HUB_AURORA,washed,2121-04-08 00:00:00
JUG_00081,STR_0007,purchased,2121-05-02 00:00:00
JUG_00081,STR_0007,returned_to_store,2121-08-01 00:00:00
JUG_00081,HUB_AURORA,washed,2121-08-06 00:00:00
JUG_00081,STR_0039,purchased,2121-08-29 00:00:00
JUG_00081,STR_0039,returned_to_store,2121-11-16 00:00:00
JUG_00081,HUB_AURORA,washed,2121-11-20 00:00:00
JUG_00082,STR_0018,purchased,2121-12-04 00:00:00
JUG_00082,STR_0018,returned_to_store,2122-03-07 00:00:00
JUG_00082,HUB_AURORA,washed,2122-03-10 00:00:00
JUG_00082,STR_0013,purchased,2122-04-04 00:00:00
JUG_00082,STR_0013,returned_to_store,2122-05-26 00:00:00
JUG_00082,HUB_AURORA,washed,2122-05-29 00:00:00
JUG_00082,STR_0020,purchased,2122-06-25 00:00:00
JUG_00082,STR_0020,returned_to_store,2122-09-29 00:00:00
JUG_00082,HUB_AURORA,washed,2122-10-02 00:00:00
JUG_00082,STR_0023,purchased,2122-10-23 00:00:00
JUG_00082,STR_0023,returned_to_store,2123-01-08 00:00:00
JUG_00082,HUB_AURORA,washed,2123-01-11 00:00:00
JUG_00083,STR_0036,purchased,2123-01-27 00:00:00
JUG_00083,STR_0036,returned_to_store,2123-04-13 00:00:00
JUG_00083,HUB_AURORA,washed,2123-04-16 00:00:00
JUG_00083,STR_0010,purchased,2123-05-08 00:00:00
JUG_00083,STR_0010,returned_to_store,2123-07-27 00:00:00
JUG_00083,HUB_AURORA,washed,2123-07-29 00:00:00
JUG_00083,STR_0030,purchased,2123-08-21 00:00:00
JUG_00083,STR_0030,returned_to_store,2123-12-01 00:00:00
JUG_00083,HUB_AURORA,washed,2123-12-06 00:00:00
JUG_00083,STR_0001,purchased,2123-12-27 00:00:00
JUG_00083,STR_0001,returned_to_store,2124-03-22 00:00:00
JUG_00083,HUB_AURORA,washed,2124-03-25 00:00:00
JUG_00083,STR_0025,purchased,2124-04-03 00:00:00
JUG_00083,UNKNOWN,lost_to_leakage,2124-06-01 00:00:00
JUG_00084,STR_0002,purchased,2124-07-01 00:00:00
JUG_00084,STR_0002,returned_to_store,2124-09-23 00:00:00
JUG_00084,HUB_AURORA,washed,2124-09-27 00:00:00
JUG_00084,STR_0030,purchased,2124-10-05 00:00:00
JUG_00084,STR_0030,returned_to_store,2124-12-19 00:00:00
JUG_00084,HUB_AURORA,washed,2124-12-24 00:00:00
JUG_00084,STR_0016,purchased,2125-01-05 00:00:00
JUG_00084,STR_0016,returned_to_store,2125-04-06 00:00:00
JUG_00084,HUB_AURORA,washed,2125-04-08 00:00:00
JUG_00085,STR_0046,purchased,2125-04-16 00:00:00
JUG_00085,STR_0046,returned_to_store,2125-06-23 00:00:00
JUG_00085,HUB_AURORA,washed,2125-06-28 00:00:00
JUG_00085,STR_0018,purchased,2125-07-14 00:00:00
JUG_00085,STR_0018,returned_to_store,2125-10-19 00:00:00
JUG_00085,HUB_AURORA,washed,2125-10-23 00:00:00
JUG_00085,STR_0032,purchased,2125-11-09 00:00:00
JUG_00085,STR_0032,returned_to_store,2126-02-16 00:00:00
JUG_00085,HUB_AURORA,washed,2126-02-20 00:00:00
JUG_00085,STR_0034,purchased,2126-03-15 00:00:00
JUG_00085,STR_0034,returned_to_store,2126-05-28 00:00:00
JUG_00085,HUB_AURORA,washed,2126-05-30 00:00:00
JUG_00086,STR_0006,purchased,2126-06-13 00:00:00
JUG_00086,STR_0006,returned_to_store,2126-09-14 00:00:00
JUG_00086,HUB_AURORA,washed,2126-09-18 00:00:00
JUG_00086,STR_0044,purchased,2126-10-04 00:00:00
JUG_00086,STR_0044,returned_to_store,2126-12-16 00:00:00
JUG_00086,HUB_AURORA,washed,2126-12-18 00:00:00
JUG_00086,STR_0042,purchased,2126-12-27 00:00:00
JUG_00086,STR_0042,returned_to_store,2127-02-25 00:00:00
JUG_00086,HUB_AURORA,washed,2127-02-27 00:00:00
JUG_00086,STR_0041,purchased,2127-03-23 00:00:00
JUG_00086,STR_0041,returned_to_store,2127-06-20 00:00:00
JUG_00086,HUB_AURORA,washed,2127-06-25 00:00:00
JUG_00086,STR_0049,purchased,2127-07-25 00:00:00
JUG_00086,STR_0049,returned_to_store,2127-10-17 00:00:00
JUG_00086,HUB_AURORA,washed,2127-10-20 00:00:00
JUG_00086,STR_0047,purchased,2127-11-09 00:00:00
JUG_00086,STR_0047,returned_to_store,2128-01-21 00:00:00
JUG_00086,HUB_AURORA,washed,2128-01-24 00:00:00
JUG_00086,STR_0039,purchased,2128-02-14 00:00:00
JUG_00086,STR_0039,returned_to_store,2128-04-16 00:00:00
JUG_00086,HUB_AURORA,washed,2128-04-20 00:00:00
JUG_00087,STR_0033,purchased,2128-05-16 00:00:00
JUG_00087,STR_0033,returned_to_store,2128-07-20 00:00:00
JUG_00087,HUB_AURORA,washed,2128-07-22 00:00:00
JUG_00087,STR_0047,purchased,2128-08-12 00:00:00
JUG_00087,STR_0047,returned_to_store,2128-10-18 00:00:00
JUG_00087,HUB_AURORA,washed,2128-10-21 00:00:00
JUG_00087,STR_0033,purchased,2128-11-13 00:00:00
JUG_00087,UNKNOWN,lost_to_leakage,2129-02-07 00:00:00
JUG_00088,STR_0010,purchased,2129-02-27 00:00:00
JUG_00088,UNKNOWN,lost_to_leakage,2129-05-23 00:00:00
JUG_00089,STR_0017,purchased,2129-06-08 00:00:00
JUG_00089,STR_0017,returned_to_store,2129-08-21 00:00:00
JUG_00089,HUB_AURORA,washed,2129-08-23 00:00:00
JUG_00089,STR_0008,purchased,2129-09-01 00:00:00
JUG_00089,STR_0008,returned_to_store,2129-11-05 00:00:00
JUG_00089,HUB_AURORA,washed,2129-11-08 00:00:00
JUG_00089,STR_0019,purchased,2129-11-26 00:00:00
JUG_00089,STR_0019,returned_to_store,2130-01-20 00:00:00
JUG_00089,HUB_AURORA,washed,2130-01-25 00:00:00
JUG_00089,STR_0029,purchased,2130-02-01 00:00:00
JUG_00089,UNKNOWN,lost_to_leakage,2130-04-21 00:00:00
JUG_00090,STR_0011,purchased,2130-04-29 00:00:00
JUG_00090,STR_0011,returned_to_store,2130-08-08 00:00:00
JUG_00090,HUB_AURORA,washed,2130-08-13 00:00:00
JUG_00090,STR_0006,purchased,2130-09-11 00:00:00
JUG_00090,STR_0006,returned_to_store,2130-11-06 00:00:00
JUG_00090,HUB_AURORA,washed,2130-11-10 00:00:00
JUG_00090,STR_0017,purchased,2130-12-09 00:00:00
JUG_00090,STR_0017,returned_to_store,2131-02-28 00:00:00
JUG_00090,HUB_AURORA,washed,2131-03-04 00:00:00
JUG_00090,STR_0020,purchased,2131-03-27 00:00:00
JUG_00090,STR_0020,returned_to_store,2131-06-25 00:00:00
JUG_00090,HUB_AURORA,washed,2131-06-28 00:00:00
JUG_00091,STR_0021,purchased,2131-07-07 00:00:00
JUG_00091,UNKNOWN,lost_to_leakage,2131-09-13 00:00:00
JUG_00092,STR_0018,purchased,2131-10-04 00:00:00
JUG_00092,STR_0018,returned_to_store,2131-12-26 00:00:00
JUG_00092,HUB_AURORA,washed,2131-12-30 00:00:00
JUG_00092,STR_0042,purchased,2132-01-06 00:00:00
JUG_00092,STR_0042,returned_to_store,2132-03-17 00:00:00
JUG_00092,HUB_AURORA,washed,2132-03-21 00:00:00
JUG_00092,STR_0034,purchased,2132-04-17 00:00:00
JUG_00092,STR_0034,returned_to_store,2132-07-24 00:00:00
JUG_00092,HUB_AURORA,washed,2132-07-28 00:00:00
JUG_00092,STR_0002,purchased,2132-08-13 00:00:00
JUG_00092,STR_0002,returned_to_store,2132-10-08 00:00:00
JUG_00092,HUB_AURORA,washed,2132-10-11 00:00:00
JUG_00092,STR_0026,purchased,2132-10-31 00:00:00
JUG_00092,STR_0026,returned_to_store,2133-01-30 00:00:00
JUG_00092,HUB_AURORA,washed,2133-02-01 00:00:00
JUG_00092,STR_0021,purchased,2133-02-08 00:00:00
JUG_00092,STR_0021,returned_to_store,2133-04-13 00:00:00
JUG_00092,HUB_AURORA,washed,2133-04-17 00:00:00
JUG_00092,STR_0030,purchased,2133-04-24 00:00:00
JUG_00092,STR_0030,returned_to_store,2133-06-30 00:00:00
JUG_00092,HUB_AURORA,washed,2133-07-02 00:00:00
JUG_00092,STR_0019,purchased,2133-07-17 00:00:00
JUG_00092,UNKNOWN,lost_to_leakage,2133-10-21 00:00:00
JUG_00093,STR_0029,purchased,2133-11-11 00:00:00
JUG_00093,STR_0029,returned_to_store,2134-01-15 00:00:00
JUG_00093,HUB_AURORA,washed,2134-01-18 00:00:00
JUG_00093,STR_0006,purchased,2134-02-04 00:00:00
JUG_00093,STR_0006,returned_to_store,2134-04-04 00:00:00
JUG_00093,HUB_AURORA,washed,2134-04-07 00:00:00
JUG_00093,STR_0049,purchased,2134-04-18 00:00:00
JUG_00093,STR_0049,returned_to_store,2134-06-13 00:00:00
JUG_00093,HUB_AURORA,washed,2134-06-18 00:00:00
JUG_00093,STR_0002,purchased,2134-07-11 00:00:00
JUG_00093,STR_0002,returned_to_store,2134-10-07 00:00:00
JUG_00093,HUB_AURORA,washed,2134-10-12 00:00:00
JUG_00093,STR_0031,purchased,2134-10-26 00:00:00
JUG_00093,STR_0031,returned_to_store,2135-01-21 00:00:00
JUG_00093,HUB_AURORA,washed,2135-01-26 00:00:00
JUG_00093,STR_0013,purchased,2135-02-17 00:00:00
JUG_00093,STR_0013,returned_to_store,2135-04-21 00:00:00
JUG_00093,HUB_AURORA,washed,2135-04-26 00:00:00
JUG_00093,STR_0033,purchased,2135-05-12 00:00:00
JUG_00093,STR_0033,returned_to_store,2135-08-08 00:00:00
JUG_00093,HUB_AURORA,washed,2135-08-12 00:00:00
JUG_00093,STR_0002,purchased,2135-08-20 00:00:00
JUG_00093,STR_0002,returned_to_store,2135-10-21 00:00:00
JUG_00093,HUB_AURORA,washed,2135-10-25 00:00:00
JUG_00094,STR_0028,purchased,2135-11-14 00:00:00
JUG_00094,STR_0028,returned_to_store,2136-01-20 00:00:00
JUG_00094,HUB_AURORA,washed,2136-01-22 00:00:00
JUG_00094,STR_0027,purchased,2136-02-20 00:00:00
JUG_00094,STR_0027,returned_to_store,2136-05-16 00:00:00
JUG_00094,HUB_AURORA,washed,2136-05-20 00:00:00
JUG_00094,STR_0017,purchased,2136-06-12 00:00:00
JUG_00094,STR_0017,returned_to_store,2136-08-11 00:00:00
JUG_00094,HUB_AURORA,washed,2136-08-14 00:00:00
JUG_00094,STR_0018,purchased,2136-08-26 00:00:00
JUG_00094,STR_0018,returned_to_store,2136-10-27 00:00:00
JUG_00094,HUB_AURORA,washed,2136-10-29 00:00:00
JUG_00094,STR_0015,purchased,2136-11-07 00:00:00
JUG_00094,STR_0015,returned_to_store,2137-02-11 00:00:00
JUG_00094,HUB_AURORA,washed,2137-02-14 00:00:00
JUG_00094,STR_0040,purchased,2137-03-12 00:00:00
JUG_00094,STR_0040,returned_to_store,2137-06-13 00:00:00
JUG_00094,HUB_AURORA,washed,2137-06-16 00:00:00
JUG_00095,STR_0023,purchased,2137-06-29 00:00:00
JUG_00095,STR_0023,returned_to_store,2137-09-09 00:00:00
JUG_00095,HUB_AURORA,washed,2137-09-13 00:00:00
JUG_00095,STR_0023,purchased,2137-10-01 00:00:00
JUG_00095,STR_0023,returned_to_store,2137-12-27 00:00:00
JUG_00095,HUB_AURORA,washed,2137-12-29 00:00:00
JUG_00095,STR_0024,purchased,2138-01-17 00:00:00
JUG_00095,STR_0024,returned_to_store,2138-03-08 00:00:00
JUG_00095,HUB_AURORA,washed,2138-03-10 00:00:00
JUG_00095,STR_0006,purchased,2138-04-01 00:00:00
JUG_00095,UNKNOWN,lost_to_leakage,2138-06-06 00:00:00
JUG_00096,STR_0006,purchased,2138-06-24 00:00:00
JUG_00096,STR_0006,returned_to_store,2138-09-18 00:00:00
JUG_00096,HUB_AURORA,washed,2138-09-20 00:00:00
JUG_00096,STR_0049,purchased,2138-10-06 00:00:00
JUG_00096,STR_0049,returned_to_store,2138-12-12 00:00:00
JUG_00096,HUB_AURORA,washed,2138-12-16 00:00:00
JUG_00096,STR_0044,purchased,2138-12-29 00:00:00
JUG_00096,STR_0044,returned_to_store,2139-02-26 00:00:00
JUG_00096,HUB_AURORA,washed,2139-03-01 00:00:00
JUG_00096,STR_0019,purchased,2139-03-27 00:00:00
JUG_00096,STR_0019,returned_to_store,2139-06-18 00:00:00
JUG_00096,HUB_AURORA,washed,2139-06-20 00:00:00
JUG_00096,STR_0009,purchased,2139-07-10 00:00:00
JUG_00096,UNKNOWN,lost_to_leakage,2139-10-18 00:00:00
JUG_00097,STR_0010,purchased,2139-11-01 00:00:00
JUG_00097,STR_0010,returned_to_store,2140-01-10 00:00:00
JUG_00097,HUB_AURORA,washed,2140-01-14 00:00:00
JUG_00097,STR_0045,purchased,2140-02-08 00:00:00
JUG_00097,STR_0045,returned_to_store,2140-04-09 00:00:00
JUG_00097,HUB_AURORA,washed,2140-04-12 00:00:00
JUG_00097,STR_0005,purchased,2140-05-11 00:00:00
JUG_00097,STR_0005,returned_to_store,2140-07-28 00:00:00
JUG_00097,HUB_AURORA,washed,2140-07-31 00:00:00
JUG_00097,STR_0012,purchased,2140-08-27 00:00:00
JUG_00097,UNKNOWN,lost_to_leakage,2140-11-12 00:00:00
JUG_00098,STR_0019,purchased,2140-11-28 00:00:00
JUG_00098,STR_0019,returned_to_store,2141-02-13 00:00:00
JUG_00098,HUB_AURORA,washed,2141-02-17 00:00:00
JUG_00098,STR_0046,purchased,2141-03-10 00:00:00
JUG_00098,UNKNOWN,lost_to_leakage,2141-04-30 00:00:00
JUG_00099,STR_0042,purchased,2141-05-20 00:00:00
JUG_00099,STR_0042,returned_to_store,2141-08-25 00:00:00
JUG_00099,HUB_AURORA,washed,2141-08-30 00:00:00
JUG_00099,STR_0014,purchased,2141-09-14 00:00:00
JUG_00099,STR_0014,returned_to_store,2141-12-11 00:00:00
JUG_00099,HUB_AURORA,washed,2141-12-13 00:00:00
JUG_00099,STR_0019,purchased,2142-01-06 00:00:00
JUG_00099,STR_0019,returned_to_store,2142-03-28 00:00:00
JUG_00099,HUB_AURORA,washed,2142-04-01 00:00:00
JUG_00100,STR_0019,purchased,2142-04-12 00:00:00
JUG_00100,STR_0019,returned_to_store,2142-06-29 00:00:00
JUG_00100,HUB_AURORA,washed,2142-07-04 00:00:00
JUG_00100,STR_0026,purchased,2142-07-15 00:00:00
JUG_00100,STR_0026,returned_to_store,2142-09-10 00:00:00
JUG_00100,HUB_AURORA,washed,2142-09-13 00:00:00
JUG_00100,STR_0006,purchased,2142-10-01 00:00:00
JUG_00100,STR_0006,returned_to_store,2142-11-23 00:00:00
JUG_00100,HUB_AURORA,washed,2142-11-26 00:00:00
JUG_00100,STR_0008,purchased,2142-12-06 00:00:00
JUG_00100,STR_0008,returned_to_store,2143-02-27 00:00:00
JUG_00100,HUB_AURORA,washed,2143-03-03 00:00:00
JUG_00100,STR_0045,purchased,2143-03-20 00:00:00
JUG_00100,STR_0045,returned_to_store,2143-05-29 00:00:00
JUG_00100,HUB_AURORA,washed,2143-06-03 00:00:00
JUG_00100,STR_0002,purchased,2143-06-19 00:00:00
JUG_00100,STR_0002,returned_to_store,2143-08-29 00:00:00
JUG_00100,HUB_AURORA,washed,2143-08-31 00:00:00
JUG_00100,STR_0022,purchased,2143-09-14 00:00:00
JUG_00100,STR_0022,returned_to_store,2143-11-08 00:00:00
JUG_00100,HUB_AURORA,washed,2143-11-12 00:00:00
JUG_00100,STR_0042,purchased,2143-12-12 00:00:00
JUG_00100,STR_0042,returned_to_store,2144-02-08 00:00:00
JUG_00100,HUB_AURORA,washed,2144-02-11 00:00:00
JUG_00101,STR_0004,purchased,2144-02-25 00:00:00
JUG_00101,STR_0004,returned_to_store,2144-05-14 00:00:00
JUG_00101,HUB_AURORA,washed,2144-05-19 00:00:00
JUG_00101,STR_0012,purchased,2144-05-30 00:00:00
JUG_00101,UNKNOWN,lost_to_leakage,2144-08-17 00:00:00
JUG_00102,STR_0000,purchased,2144-08-30 00:00:00
JUG_00102,STR_0000,returned_to_store,2144-12-01 00:00:00
JUG_00102,HUB_AURORA,washed,2144-12-03 00:00:00
JUG_00102,STR_0026,purchased,2144-12-23 00:00:00
JUG_00102,STR_0026,returned_to_store,2145-02-23 00:00:00
JUG_00102,HUB_AURORA,washed,2145-02-28 00:00:00
JUG_00102,STR_0003,purchased,2145-03-22 00:00:00
JUG_00102,STR_0003,returned_to_store,2145-06-19 00:00:00
JUG_00102,HUB_AURORA,washed,2145-06-21 00:00:00
JUG_00102,STR_0034,purchased,2145-07-08 00:00:00
JUG_00102,STR_0034,returned_to_store,2145-09-02 00:00:00
JUG_00102,HUB_AURORA,washed,2145-09-06 00:00:00
JUG_00102,STR_0040,purchased,2145-09-20 00:00:00
JUG_00102,STR_0040,returned_to_store,2145-12-13 00:00:00
JUG_00102,HUB_AURORA,washed,2145-12-15 00:00:00
JUG_00102,STR_0021,purchased,2146-01-14 00:00:00
JUG_00102,STR_0021,returned_to_store,2146-04-03 00:00:00
JUG_00102,HUB_AURORA,washed,2146-04-07 00:00:00
JUG_00102,STR_0016,purchased,2146-05-04 00:00:00
JUG_00102,STR_0016,returned_to_store,2146-08-04 00:00:00
JUG_00102,HUB_AURORA,washed,2146-08-07 00:00:00
JUG_00103,STR_0048,purchased,2146-09-02 00:00:00
JUG_00103,STR_0048,returned_to_store,2146-11-08 00:00:00
JUG_00103,HUB_AURORA,washed,2146-11-11 00:00:00
JUG_00103,STR_0000,purchased,2146-12-04 00:00:00
JUG_00103,STR_0000,returned_to_store,2147-02-15 00:00:00
JUG_00103,HUB_AURORA,washed,2147-02-18 00:00:00
JUG_00103,STR_0019,purchased,2147-03-20 00:00:00
JUG_00103,STR_0019,returned_to_store,2147-06-05 00:00:00
JUG_00103,HUB_AURORA,washed,2147-06-08 00:00:00
JUG_00103,STR_0019,purchased,2147-06-30 00:00:00
JUG_00103,UNKNOWN,lost_to_leakage,2147-09-25 00:00:00
JUG_00104,STR_0021,purchased,2147-10-10 00:00:00
JUG_00104,STR_0021,returned_to_store,2147-12-03 00:00:00
JUG_00104,HUB_AURORA,washed,2147-12-08 00:00:00
JUG_00104,STR_0033,purchased,2148-01-05 00:00:00
JUG_00104,UNKNOWN,lost_to_leakage,2148-03-30 00:00:00
JUG_00105,STR_0038,purchased,2148-04-24 00:00:00
JUG_00105,STR_0038,returned_to_store,2148-07-08 00:00:00
JUG_00105,HUB_AURORA,washed,2148-07-12 00:00:00
JUG_00105,STR_0040,purchased,2148-08-01 00:00:00
JUG_00105,STR_0040,returned_to_store,2148-10-06 00:00:00
JUG_00105,HUB_AURORA,washed,2148-10-09 00:00:00
JUG_00105,STR_0017,purchased,2148-10-16 00:00:00
JUG_00105,STR_0017,returned_to_store,2148-12-20 00:00:00
JUG_00105,HUB_AURORA,washed,2148-12-22 00:00:00
JUG_00105,STR_0044,purchased,2149-01-20 00:00:00
JUG_00105,STR_0044,returned_to_store,2149-04-01 00:00:00
JUG_00105,HUB_AURORA,washed,2149-04-06 00:00:00
JUG_00106,STR_0019,purchased,2149-05-06 00:00:00
JUG_00106,STR_0019,returned_to_store,2149-07-08 00:00:00
JUG_00106,HUB_AURORA,washed,2149-07-13 00:00:00
JUG_00106,STR_0009,purchased,2149-07-20 00:00:00
JUG_00106,STR_0009,returned_to_store,2149-09-12 00:00:00
JUG_00106,HUB_AURORA,washed,2149-09-17 00:00:00
JUG_00106,STR_0047,purchased,2149-10-12 00:00:00
JUG_00106,STR_0047,returned_to_store,2149-12-23 00:00:00
JUG_00106,HUB_AURORA,washed,2149-12-26 00:00:00
JUG_00106,STR_0010,purchased,2150-01-05 00:00:00
JUG_00106,STR_0010,returned_to_store,2150-04-03 00:00:00
JUG_00106,HUB_AURORA,washed,2150-04-08 00:00:00
JUG_00106,STR_0002,purchased,2150-04-28 00:00:00
JUG_00106,STR_0002,returned_to_store,2150-07-25 00:00:00
JUG_00106,HUB_AURORA,washed,2150-07-29 00:00:00
JUG_00106,STR_0021,purchased,2150-08-05 00:00:00
JUG_00106,STR_0021,returned_to_store,2150-09-28 00:00:00
JUG_00106,HUB_AURORA,washed,2150-09-30 00:00:00
JUG_00106,STR_0001,purchased,2150-10-25 00:00:00
JUG_00106,STR_0001,returned_to_store,2151-01-23 00:00:00
JUG_00106,HUB_AURORA,washed,2151-01-27 00:00:00
JUG_00106,STR_0009,purchased,2151-02-22 00:00:00
JUG_00106,STR_0009,returned_to_store,2151-04-25 00:00:00
JUG_00106,HUB_AURORA,washed,2151-04-29 00:00:00
JUG_00106,STR_0040,purchased,2151-05-07 00:00:00
JUG_00106,STR_0040,returned_to_store,2151-08-17 00:00:00
JUG_00106,HUB_AURORA,washed,2151-08-19 00:00:00
JUG_00107,STR_0001,purchased,2151-09-04 00:00:00
JUG_00107,STR_0001,returned_to_store,2151-11-24 00:00:00
JUG_00107,HUB_AURORA,washed,2151-11-27 00:00:00
JUG_00107,STR_0011,purchased,2151-12-26 00:00:00
JUG_00107,STR_0011,returned_to_store,2152-03-26 00:00:00
JUG_00107,HUB_AURORA,washed,2152-03-28 00:00:00
JUG_00107,STR_0047,purchased,2152-04-13 00:00:00
JUG_00107,STR_0047,returned_to_store,2152-06-10 00:00:00
JUG_00107,HUB_AURORA,washed,2152-06-15 00:00:00
JUG_00108,STR_0049,purchased,2152-07-11 00:00:00
JUG_00108,STR_0049,returned_to_store,2152-09-12 00:00:00
JUG_00108,HUB_AURORA,washed,2152-09-17 00:00:00
JUG_00108,STR_0048,purchased,2152-10-06 00:00:00
JUG_00108,STR_0048,returned_to_store,2152-12-24 00:00:00
JUG_00108,HUB_AURORA,washed,2152-12-27 00:00:00
JUG_00108,STR_0040,purchased,2153-01-11 00:00:00
JUG_00108,STR_0040,returned_to_store,2153-04-18 00:00:00
JUG_00108,HUB_AURORA,washed,2153-04-22 00:00:00
JUG_00108,STR_0012,purchased,2153-05-08 00:00:00
JUG_00108,STR_0012,returned_to_store,2153-07-28 00:00:00
JUG_00108,HUB_AURORA,washed,2153-07-30 00:00:00
JUG_00108,STR_0006,purchased,2153-08-14 00:00:00
JUG_00108,STR_0006,returned_to_store,2153-11-01 00:00:00
JUG_00108,HUB_AURORA,washed,2153-11-03 00:00:00
JUG_00108,STR_0020,purchased,2153-11-21 00:00:00
JUG_00108,STR_0020,returned_to_store,2154-02-22 00:00:00
JUG_00108,HUB_AURORA,washed,2154-02-26 00:00:00
JUG_00108,STR_0024,purchased,2154-03-20 00:00:00
JUG_00108,STR_0024,returned_to_store,2154-06-11 00:00:00
JUG_00108,HUB_AURORA,washed,2154-06-13 00:00:00
JUG_00108,STR_0017,purchased,2154-06-27 00:00:00
JUG_00108,STR_0017,returned_to_store,2154-09-26 00:00:00
JUG_00108,HUB_AURORA,washed,2154-09-29 00:00:00
JUG_00108,STR_0037,purchased,2154-10-24 00:00:00
JUG_00108,STR_0037,returned_to_store,2155-01-08 00:00:00
JUG_00108,HUB_AURORA,washed,2155-01-13 00:00:00
JUG_00109,STR_0001,purchased,2155-01-20 00:00:00
JUG_00109,STR_0001,returned_to_store,2155-03-25 00:00:00
JUG_00109,HUB_AURORA,washed,2155-03-28 00:00:00
JUG_00109,STR_0017,purchased,2155-04-10 00:00:00
JUG_00109,STR_0017,returned_to_store,2155-07-11 00:00:00
JUG_00109,HUB_AURORA,washed,2155-07-15 00:00:00
JUG_00109,STR_0021,purchased,2155-07-24 00:00:00
JUG_00109,STR_0021,returned_to_store,2155-09-17 00:00:00
JUG_00109,HUB_AURORA,washed,2155-09-20 00:00:00
JUG_00109,STR_0008,purchased,2155-10-15 00:00:00
JUG_00109,STR_0008,returned_to_store,2156-01-02 00:00:00
JUG_00109,HUB_AURORA,washed,2156-01-06 00:00:00
JUG_00109,STR_0027,purchased,2156-02-03 00:00:00
JUG_00109,STR_0027,returned_to_store,2156-04-30 00:00:00
JUG_00109,HUB_AURORA,washed,2156-05-05 00:00:00
JUG_00109,STR_0006,purchased,2156-05-29 00:00:00
JUG_00109,STR_0006,returned_to_store,2156-08-21 00:00:00
JUG_00109,HUB_AURORA,washed,2156-08-24 00:00:00
JUG_00109,STR_0005,purchased,2156-09-23 00:00:00
JUG_00109,STR_0005,returned_to_store,2156-12-08 00:00:00
JUG_00109,HUB_AURORA,washed,2156-12-12 00:00:00
JUG_00110,STR_0018,purchased,2156-12-29 00:00:00
JUG_00110,STR_0018,returned_to_store,2157-03-04 00:00:00
JUG_00110,HUB_AURORA,washed,2157-03-09 00:00:00
JUG_00110,STR_0039,purchased,2157-03-26 00:00:00
JUG_00110,STR_0039,returned_to_store,2157-06-27 00:00:00
JUG_00110,HUB_AURORA,washed,2157-07-02 00:00:00
JUG_00110,STR_0037,purchased,2157-07-12 00:00:00
JUG_00110,STR_0037,returned_to_store,2157-09-28 00:00:00
JUG_00110,HUB_AURORA,washed,2157-10-01 00:00:00
JUG_00110,STR_0046,purchased,2157-10-25 00:00:00
JUG_00110,UNKNOWN,lost_to_leakage,2158-01-01 00:00:00
JUG_00111,STR_0040,purchased,2158-01-10 00:00:00
JUG_00111,STR_0040,returned_to_store,2158-03-09 00:00:00
JUG_00111,HUB_AURORA,washed,2158-03-13 00:00:00
JUG_00111,STR_0037,purchased,2158-03-31 00:00:00
JUG_00111,STR_0037,returned_to_store,2158-06-24 00:00:00
JUG_00111,HUB_AURORA,washed,2158-06-27 00:00:00
JUG_00111,STR_0035,purchased,2158-07-25 00:00:00
JUG_00111,STR_0035,returned_to_store,2158-11-01 00:00:00
JUG_00111,HUB_AURORA,washed,2158-11-04 00:00:00
JUG_00111,STR_0003,purchased,2158-12-02 00:00:00
JUG_00111,STR_0003,returned_to_store,2159-03-07 00:00:00
JUG_00111,HUB_AURORA,washed,2159-03-09 00:00:00
JUG_00111,STR_0036,purchased,2159-04-05 00:00:00
JUG_00111,STR_0036,returned_to_store,2159-05-26 00:00:00
JUG_00111,HUB_AURORA,washed,2159-05-28 00:00:00
JUG_00112,STR_0021,purchased,2159-06-12 00:00:00
JUG_00112,STR_0021,returned_to_store,2159-09-23 00:00:00
JUG_00112,HUB_AURORA,washed,2159-09-25 00:00:00
JUG_00112,STR_0011,purchased,2159-10-04 00:00:00
JUG_00112,STR_0011,returned_to_store,2159-12-27 00:00:00
JUG_00112,HUB_AURORA,washed,2159-12-31 00:00:00
JUG_00112,STR_0007,purchased,2160-01-20 00:00:00
JUG_00112,STR_0007,returned_to_store,2160-03-12 00:00:00
JUG_00112,HUB_AURORA,washed,2160-03-15 00:00:00
JUG_00112,STR_0036,purchased,2160-04-02 00:00:00
JUG_00112,STR_0036,returned_to_store,2160-06-29 00:00:00
JUG_00112,HUB_AURORA,washed,2160-07-03 00:00:00
JUG_00112,STR_0034,purchased,2160-07-16 00:00:00
JUG_00112,STR_0034,returned_to_store,2160-09-26 00:00:00
JUG_00112,HUB_AURORA,washed,2160-09-29 00:00:00
JUG_00112,STR_0030,purchased,2160-10-11 00:00:00
JUG_00112,UNKNOWN,lost_to_leakage,2160-12-26 00:00:00
JUG_00113,STR_0016,purchased,2161-01-09 00:00:00
JUG_00113,STR_0016,returned_to_store,2161-03-24 00:00:00
JUG_00113,HUB_AURORA,washed,2161-03-29 00:00:00
JUG_00113,STR_0020,purchased,2161-04-14 00:00:00
JUG_00113,STR_0020,returned_to_store,2161-06-20 00:00:00
JUG_00113,HUB_AURORA,washed,2161-06-24 00:00:00
JUG_00113,STR_0016,purchased,2161-07-11 00:00:00
JUG_00113,STR_0016,returned_to_store,2161-09-16 00:00:00
JUG_00113,HUB_AURORA,washed,2161-09-21 00:00:00
JUG_00113,STR_0010,purchased,2161-09-30 00:00:00
JUG_00113,STR_0010,returned_to_store,2161-11-24 00:00:00
JUG_00113,HUB_AURORA,washed,2161-11-27 00:00:00
JUG_00113,STR_0012,purchased,2161-12-14 00:00:00
JUG_00113,STR_0012,returned_to_store,2162-03-08 00:00:00
JUG_00113,HUB_AURORA,washed,2162-03-13 00:00:00
JUG_00113,STR_0047,purchased,2162-04-09 00:00:00
JUG_00113,STR_0047,returned_to_store,2162-06-27 00:00:00
JUG_00113,HUB_AURORA,washed,2162-07-02 00:00:00
JUG_00113,STR_0019,purchased,2162-07-27 00:00:00
JUG_00113,STR_0019,returned_to_store,2162-10-19 00:00:00
JUG_00113,HUB_AURORA,washed,2162-10-22 00:00:00
JUG_00113,STR_0008,purchased,2162-11-18 00:00:00
JUG_00113,STR_0008,returned_to_store,2163-02-07 00:00:00
JUG_00113,HUB_AURORA,washed,2163-02-09 00:00:00
JUG_00114,STR_0004,purchased,2163-02-27 00:00:00
JUG_00114,STR_0004,returned_to_store,2163-06-02 00:00:00
JUG_00114,HUB_AURORA,washed,2163-06-05 00:00:00
JUG_00114,STR_0009,purchased,2163-06-24 00:00:00
JUG_00114,STR_0009,returned_to_store,2163-08-20 00:00:00
JUG_00114,HUB_AURORA,washed,2163-08-23 00:00:00
JUG_00114,STR_0045,purchased,2163-09-02 00:00:00
JUG_00114,STR_0045,returned_to_store,2163-11-07 00:00:00
JUG_00114,HUB_AURORA,washed,2163-11-10 00:00:00
JUG_00114,STR_0003,purchased,2163-12-07 00:00:00
JUG_00114,STR_0003,returned_to_store,2164-01-31 00:00:00
JUG_00114,HUB_AURORA,washed,2164-02-02 00:00:00
JUG_00115,STR_0017,purchased,2164-02-15 00:00:00
JUG_00115,STR_0017,returned_to_store,2164-04-11 00:00:00
JUG_00115,HUB_AURORA,washed,2164-04-14 00:00:00
JUG_00115,STR_0025,purchased,2164-05-14 00:00:00
JUG_00115,STR_0025,returned_to_store,2164-07-30 00:00:00
JUG_00115,HUB_AURORA,washed,2164-08-03 00:00:00
JUG_00115,STR_0004,purchased,2164-09-01 00:00:00
JUG_00115,STR_0004,returned_to_store,2164-11-02 00:00:00
JUG_00115,HUB_AURORA,washed,2164-11-06 00:00:00
JUG_00115,STR_0020,purchased,2164-11-17 00:00:00
JUG_00115,STR_0020,returned_to_store,2165-02-27 00:00:00
JUG_00115,HUB_AURORA,washed,2165-03-04 00:00:00
JUG_00115,STR_0038,purchased,2165-03-22 00:00:00
JUG_00115,STR_0038,returned_to_store,2165-05-13 00:00:00
JUG_00115,HUB_AURORA,washed,2165-05-16 00:00:00
JUG_00115,STR_0003,purchased,2165-05-25 00:00:00
JUG_00115,STR_0003,returned_to_store,2165-08-02 00:00:00
JUG_00115,HUB_AURORA,washed,2165-08-06 00:00:00
JUG_00116,STR_0006,purchased,2165-08-16 00:00:00
JUG_00116,STR_0006,returned_to_store,2165-10-16 00:00:00
JUG_00116,HUB_AURORA,washed,2165-10-19 00:00:00
JUG_00116,STR_0022,purchased,2165-11-08 00:00:00
JUG_00116,STR_0022,returned_to_store,2166-01-13 00:00:00
JUG_00116,HUB_AURORA,washed,2166-01-16 00:00:00
JUG_00116,STR_0021,purchased,2166-02-12 00:00:00
JUG_00116,UNKNOWN,lost_to_leakage,2166-04-17 00:00:00
JUG_00117,STR_0014,purchased,2166-04-25 00:00:00
JUG_00117,STR_0014,returned_to_store,2166-07-13 00:00:00
JUG_00117,HUB_AURORA,washed,2166-07-16 00:00:00
JUG_00117,STR_0018,purchased,2166-07-26 00:00:00
JUG_00117,STR_0018,returned_to_store,2166-09-26 00:00:00
JUG_00117,HUB_AURORA,washed,2166-09-29 00:00:00
JUG_00117,STR_0015,purchased,2166-10-19 00:00:00
JUG_00117,STR_0015,returned_to_store,2166-12-17 00:00:00
JUG_00117,HUB_AURORA,washed,2166-12-19 00:00:00
JUG_00117,STR_0012,purchased,2167-01-15 00:00:00
JUG_00117,STR_0012,returned_to_store,2167-03-25 00:00:00
JUG_00117,HUB_AURORA,washed,2167-03-28 00:00:00
JUG_00117,STR_0014,purchased,2167-04-17 00:00:00
JUG_00117,STR_0014,returned_to_store,2167-06-29 00:00:00
JUG_00117,HUB_AURORA,washed,2167-07-04 00:00:00
JUG_00118,STR_0000,purchased,2167-07-17 00:00:00
JUG_00118,STR_0000,returned_to_store,2167-10-21 00:00:00
JUG_00118,HUB_AURORA,washed,2167-10-25 00:00:00
JUG_00118,STR_0000,purchased,2167-11-05 00:00:00
JUG_00118,STR_0000,returned_to_store,2168-01-21 00:00:00
JUG_00118,HUB_AURORA,washed,2168-01-25 00:00:00
JUG_00118,STR_0046,purchased,2168-02-11 00:00:00
JUG_00118,STR_0046,returned_to_store,2168-04-03 00:00:00
JUG_00118,HUB_AURORA,washed,2168-04-05 00:00:00
JUG_00118,STR_0017,purchased,2168-04-19 00:00:00
JUG_00118,STR_0017,returned_to_store,2168-07-17 00:00:00
JUG_00118,HUB_AURORA,washed,2168-07-20 00:00:00
JUG_00118,STR_0029,purchased,2168-08-11 00:00:00
JUG_00118,STR_0029,returned_to_store,2168-11-17 00:00:00
JUG_00118,HUB_AURORA,washed,2168-11-20 00:00:00
JUG_00119,STR_0000,purchased,2168-12-15 00:00:00
JUG_00119,STR_0000,returned_to_store,2169-02-26 00:00:00
JUG_00119,HUB_AURORA,washed,2169-03-03 00:00:00
JUG_00119,STR_0001,purchased,2169-03-18 00:00:00
JUG_00119,STR_0001,returned_to_store,2169-06-07 00:00:00
JUG_00119,HUB_AURORA,washed,2169-06-09 00:00:00
JUG_00119,STR_0031,purchased,2169-07-08 00:00:00
JUG_00119,STR_0031,returned_to_store,2169-09-08 00:00:00
JUG_00119,HUB_AURORA,washed,2169-09-13 00:00:00
JUG_00119,STR_0008,purchased,2169-09-25 00:00:00
JUG_00119,STR_0008,returned_to_store,2169-11-26 00:00:00
JUG_00119,HUB_AURORA,washed,2169-11-30 00:00:00
JUG_00119,STR_0046,purchased,2169-12-07 00:00:00
JUG_00119,STR_0046,returned_to_store,2170-03-17 00:00:00
JUG_00119,HUB_AURORA,washed,2170-03-20 00:00:00
JUG_00119,STR_0024,purchased,2170-04-18 00:00:00
JUG_00119,STR_0024,returned_to_store,2170-07-12 00:00:00
JUG_00119,HUB_AURORA,washed,2170-07-15 00:00:00
JUG_00119,STR_0032,purchased,2170-07-26 00:00:00
JUG_00119,STR_0032,returned_to_store,2170-10-28 00:00:00
JUG_00119,HUB_AURORA,washed,2170-10-31 00:00:00
JUG_00120,STR_0032,purchased,2170-11-26 00:00:00
JUG_00120,STR_0032,returned_to_store,2171-02-20 00:00:00
JUG_00120,HUB_AURORA,washed,2171-02-25 00:00:00
JUG_00120,STR_0016,purchased,2171-03-12 00:00:00
JUG_00120,STR_0016,returned_to_store,2171-05-11 00:00:00
JUG_00120,HUB_AURORA,washed,2171-05-16 00:00:00
JUG_00120,STR_0048,purchased,2171-06-03 00:00:00
JUG_00120,STR_0048,returned_to_store,2171-08-12 00:00:00
JUG_00120,HUB_AURORA,washed,2171-08-14 00:00:00
JUG_00120,STR_0026,purchased,2171-08-23 00:00:00
JUG_00120,STR_0026,returned_to_store,2171-11-24 00:00:00
JUG_00120,HUB_AURORA,washed,2171-11-29 00:00:00
JUG_00120,STR_0014,purchased,2171-12-22 00:00:00
JUG_00120,STR_0014,returned_to_store,2172-03-16 00:00:00
JUG_00120,HUB_AURORA,washed,2172-03-21 00:00:00
JUG_00120,STR_0049,purchased,2172-04-07 00:00:00
JUG_00120,STR_0049,returned_to_store,2172-06-01 00:00:00
JUG_00120,HUB_AURORA,washed,2172-06-06 00:00:00
JUG_00120,STR_0015,purchased,2172-06-13 00:00:00
JUG_00120,STR_0015,returned_to_store,2172-08-17 00:00:00
JUG_00120,HUB_AURORA,washed,2172-08-20 00:00:00
JUG_00121,STR_0031,purchased,2172-09-04 00:00:00
JUG_00121,STR_0031,returned_to_store,2172-11-21 00:00:00
JUG_00121,HUB_AURORA,washed,2172-11-25 00:00:00
JUG_00121,STR_0008,purchased,2172-12-18 00:00:00
JUG_00121,STR_0008,returned_to_store,2173-03-12 00:00:00
JUG_00121,HUB_AURORA,washed,2173-03-16 00:00:00
JUG_00121,STR_0001,purchased,2173-04-12 00:00:00
JUG_00121,STR_0001,returned_to_store,2173-07-11 00:00:00
JUG_00121,HUB_AURORA,washed,2173-07-13 00:00:00
JUG_00122,STR_0042,purchased,2173-08-08 00:00:00
JUG_00122,STR_0042,returned_to_store,2173-10-14 00:00:00
JUG_00122,HUB_AURORA,washed,2173-10-19 00:00:00
JUG_00122,STR_0027,purchased,2173-10-29 00:00:00
JUG_00122,STR_0027,returned_to_store,2174-01-22 00:00:00
JUG_00122,HUB_AURORA,washed,2174-01-24 00:00:00
JUG_00122,STR_0041,purchased,2174-02-02 00:00:00
JUG_00122,STR_0041,returned_to_store,2174-04-16 00:00:00
JUG_00122,HUB_AURORA,washed,2174-04-21 00:00:00
JUG_00122,STR_0015,purchased,2174-05-08 00:00:00
JUG_00122,STR_0015,returned_to_store,2174-08-03 00:00:00
JUG_00122,HUB_AURORA,washed,2174-08-05 00:00:00
JUG_00122,STR_0015,purchased,2174-09-03 00:00:00
JUG_00122,STR_0015,returned_to_store,2174-11-25 00:00:00
JUG_00122,HUB_AURORA,washed,2174-11-29 00:00:00
JUG_00122,STR_0038,purchased,2174-12-11 00:00:00
JUG_00122,UNKNOWN,lost_to_leakage,2175-02-26 00:00:00
JUG_00123,STR_0012,purchased,2175-03-22 00:00:00
JUG_00123,STR_0012,returned_to_store,2175-05-16 00:00:00
JUG_00123,HUB_AURORA,washed,2175-05-21 00:00:00
JUG_00123,STR_0029,purchased,2175-06-12 00:00:00
JUG_00123,STR_0029,returned_to_store,2175-08-17 00:00:00
JUG_00123,HUB_AURORA,washed,2175-08-22 00:00:00
JUG_00123,STR_0026,purchased,2175-09-11 00:00:00
JUG_00123,STR_0026,returned_to_store,2175-12-04 00:00:00
JUG_00123,HUB_AURORA,washed,2175-12-08 00:00:00
JUG_00123,STR_0001,purchased,2175-12-25 00:00:00
JUG_00123,STR_0001,returned_to_store,2176-02-17 00:00:00
JUG_00123,HUB_AURORA,washed,2176-02-20 00:00:00
JUG_00123,STR_0046,purchased,2176-03-20 00:00:00
JUG_00123,STR_0046,returned_to_store,2176-05-15 00:00:00
JUG_00123,HUB_AURORA,washed,2176-05-20 00:00:00
JUG_00123,STR_0034,purchased,2176-06-17 00:00:00
JUG_00123,STR_0034,returned_to_store,2176-08-04 00:00:00
JUG_00123,HUB_AURORA,washed,2176-08-07 00:00:00
JUG_00123,STR_0014,purchased,2176-08-17 00:00:00
JUG_00123,STR_0014,returned_to_store,2176-10-14 00:00:00
JUG_00123,HUB_AURORA,washed,2176-10-17 00:00:00
JUG_00123,STR_0007,purchased,2176-11-01 00:00:00
JUG_00123,STR_0007,returned_to_store,2177-01-19 00:00:00
JUG_00123,HUB_AURORA,washed,2177-01-22 00:00:00
JUG_00123,STR_0041,purchased,2177-02-19 00:00:00
JUG_00123,STR_0041,returned_to_store,2177-05-26 00:00:00
JUG_00123,HUB_AURORA,washed,2177-05-31 00:00:00
JUG_00123,STR_0004,purchased,2177-06-16 00:00:00
JUG_00123,STR_0004,returned_to_store,2177-09-03 00:00:00
JUG_00123,HUB_AURORA,washed,2177-09-07 00:00:00
JUG_00124,STR_0023,purchased,2177-09-27 00:00:00
JUG_00124,STR_0023,returned_to_store,2177-11-26 00:00:00
JUG_00124,HUB_AURORA,washed,2177-11-28 00:00:00
JUG_00124,STR_0020,purchased,2177-12-12 00:00:00
JUG_00124,STR_0020,returned_to_store,2178-02-13 00:00:00
JUG_00124,HUB_AURORA,washed,2178-02-16 00:00:00
JUG_00124,STR_0038,purchased,2178-03-02 00:00:00
JUG_00124,STR_0038,returned_to_store,2178-06-07 00:00:00
JUG_00124,HUB_AURORA,washed,2178-06-09 00:00:00
JUG_00124,STR_0047,purchased,2178-07-05 00:00:00
JUG_00124,STR_0047,returned_to_store,2178-09-07 00:00:00
JUG_00124,HUB_AURORA,washed,2178-09-11 00:00:00
JUG_00124,STR_0014,purchased,2178-10-11 00:00:00
JUG_00124,STR_0014,returned_to_store,2179-01-19 00:00:00
JUG_00124,HUB_AURORA,washed,2179-01-24 00:00:00
JUG_00124,STR_0003,purchased,2179-02-06 00:00:00
JUG_00124,STR_0003,returned_to_store,2179-04-14 00:00:00
JUG_00124,HUB_AURORA,washed,2179-04-16 00:00:00
JUG_00124,STR_0014,purchased,2179-05-01 00:00:00
JUG_00124,STR_0014,returned_to_store,2179-07-30 00:00:00
JUG_00124,HUB_AURORA,washed,2179-08-02 00:00:00
JUG_00124,STR_0037,purchased,2179-08-25 00:00:00
JUG_00124,STR_0037,returned_to_store,2179-11-16 00:00:00
JUG_00124,HUB_AURORA,washed,2179-11-20 00:00:00
JUG_00124,STR_0008,purchased,2179-12-15 00:00:00
JUG_00124,STR_0008,returned_to_store,2180-02-11 00:00:00
JUG_00124,HUB_AURORA,washed,2180-02-14 00:00:00
JUG_00124,STR_0020,purchased,2180-02-28 00:00:00
JUG_00124,STR_0020,returned_to_store,2180-05-26 00:00:00
JUG_00124,HUB_AURORA,washed,2180-05-30 00:00:00
JUG_00125,STR_0023,purchased,2180-06-09 00:00:00
JUG_00125,STR_0023,returned_to_store,2180-08-20 00:00:00
JUG_00125,HUB_AURORA,washed,2180-08-22 00:00:00
JUG_00125,STR_0019,purchased,2180-08-30 00:00:00
JUG_00125,STR_0019,returned_to_store,2180-12-08 00:00:00
JUG_00125,HUB_AURORA,washed,2180-12-12 00:00:00
JUG_00125,STR_0041,purchased,2180-12-20 00:00:00
JUG_00125,STR_0041,returned_to_store,2181-03-11 00:00:00
JUG_00125,HUB_AURORA,washed,2181-03-16 00:00:00
JUG_00126,STR_0021,purchased,2181-04-10 00:00:00
JUG_00126,STR_0021,returned_to_store,2181-07-07 00:00:00
JUG_00126,HUB_AURORA,washed,2181-07-11 00:00:00
JUG_00126,STR_0021,purchased,2181-07-27 00:00:00
JUG_00126,STR_0021,returned_to_store,2181-10-28 00:00:00
JUG_00126,HUB_AURORA,washed,2181-11-01 00:00:00
JUG_00126,STR_0048,purchased,2181-11-18 00:00:00
JUG_00126,STR_0048,returned_to_store,2182-02-06 00:00:00
JUG_00126,HUB_AURORA,washed,2182-02-10 00:00:00
JUG_00126,STR_0017,purchased,2182-03-06 00:00:00
JUG_00126,STR_0017,returned_to_store,2182-05-22 00:00:00
JUG_00126,HUB_AURORA,washed,2182-05-24 00:00:00
JUG_00126,STR_0012,purchased,2182-06-09 00:00:00
JUG_00126,STR_0012,returned_to_store,2182-08-30 00:00:00
JUG_00126,HUB_AURORA,washed,2182-09-03 00:00:00
JUG_00126,STR_0020,purchased,2182-09-11 00:00:00
JUG_00126,STR_0020,returned_to_store,2182-11-05 00:00:00
JUG_00126,HUB_AURORA,washed,2182-11-10 00:00:00
JUG_00126,STR_0037,purchased,2182-11-22 00:00:00
JUG_00126,STR_0037,returned_to_store,2183-02-01 00:00:00
JUG_00126,HUB_AURORA,washed,2183-02-03 00:00:00
JUG_00126,STR_0000,purchased,2183-02-17 00:00:00
JUG_00126,STR_0000,returned_to_store,2183-05-08 00:00:00
JUG_00126,HUB_AURORA,washed,2183-05-10 00:00:00
JUG_00126,STR_0014,purchased,2183-06-07 00:00:00
JUG_00126,STR_0014,returned_to_store,2183-08-16 00:00:00
JUG_00126,HUB_AURORA,washed,2183-08-21 00:00:00
JUG_00126,STR_0048,purchased,2183-09-16 00:00:00
JUG_00126,STR_0048,returned_to_store,2183-11-09 00:00:00
JUG_00126,HUB_AURORA,washed,2183-11-11 00:00:00
JUG_00127,STR_0024,purchased,2183-11-22 00:00:00
JUG_00127,STR_0024,returned_to_store,2184-02-28 00:00:00
JUG_00127,HUB_AURORA,washed,2184-03-04 00:00:00
JUG_00127,STR_0007,purchased,2184-03-24 00:00:00
JUG_00127,STR_0007,returned_to_store,2184-05-31 00:00:00
JUG_00127,HUB_AURORA,washed,2184-06-03 00:00:00
JUG_00127,STR_0044,purchased,2184-07-02 00:00:00
JUG_00127,STR_0044,returned_to_store,2184-09-10 00:00:00
JUG_00127,HUB_AURORA,washed,2184-09-13 00:00:00
JUG_00127,STR_0011,purchased,2184-10-12 00:00:00
JUG_00127,STR_0011,returned_to_store,2184-12-04 00:00:00
JUG_00127,HUB_AURORA,washed,2184-12-08 00:00:00
JUG_00127,STR_0000,purchased,2184-12-31 00:00:00
JUG_00127,UNKNOWN,lost_to_leakage,2185-03-25 00:00:00
JUG_00128,STR_0026,purchased,2185-04-04 00:00:00
JUG_00128,STR_0026,returned_to_store,2185-06-30 00:00:00
JUG_00128,HUB_AURORA,washed,2185-07-03 00:00:00
JUG_00128,STR_0030,purchased,2185-07-29 00:00:00
JUG_00128,STR_0030,returned_to_store,2185-10-15 00:00:00
JUG_00128,HUB_AURORA,washed,2185-10-18 00:00:00
JUG_00128,STR_0033,purchased,2185-10-28 00:00:00
JUG_00128,STR_0033,returned_to_store,2186-02-02 00:00:00
JUG_00128,HUB_AURORA,washed,2186-02-05 00:00:00
JUG_00128,STR_0044,purchased,2186-03-04 00:00:00
JUG_00128,STR_0044,returned_to_store,2186-05-12 00:00:00
JUG_00128,HUB_AURORA,washed,2186-05-15 00:00:00
JUG_00128,STR_0039,purchased,2186-05-27 00:00:00
JUG_00128,STR_0039,returned_to_store,2186-08-24 00:00:00
JUG_00128,HUB_AURORA,washed,2186-08-28 00:00:00
JUG_00128,STR_0046,purchased,2186-09-07 00:00:00
JUG_00128,STR_0046,returned_to_store,2186-11-12 00:00:00
JUG_00128,HUB_AURORA,washed,2186-11-16 00:00:00
JUG_00128,STR_0042,purchased,2186-12-12 00:00:00
JUG_00128,STR_0042,returned_to_store,2187-02-25 00:00:00
JUG_00128,HUB_AURORA,washed,2187-03-01 00:00:00
JUG_00128,STR_0013,purchased,2187-03-20 00:00:00
JUG_00128,STR_0013,returned_to_store,2187-05-25 00:00:00
JUG_00128,HUB_AURORA,washed,2187-05-30 00:00:00
JUG_00129,STR_0022,purchased,2187-06-16 00:00:00
JUG_00129,STR_0022,returned_to_store,2187-09-06 00:00:00
JUG_00129,HUB_AURORA,washed,2187-09-09 00:00:00
JUG_00129,STR_0000,purchased,2187-09-30 00:00:00
JUG_00129,STR_0000,returned_to_store,2187-12-24 00:00:00
JUG_00129,HUB_AURORA,washed,2187-12-27 00:00:00
JUG_00129,STR_0021,purchased,2188-01-13 00:00:00
JUG_00129,STR_0021,returned_to_store,2188-04-20 00:00:00
JUG_00129,HUB_AURORA,washed,2188-04-23 00:00:00
JUG_00129,STR_0018,purchased,2188-05-08 00:00:00
JUG_00129,STR_0018,returned_to_store,2188-07-16 00:00:00
JUG_00129,HUB_AURORA,washed,2188-07-20 00:00:00
JUG_00129,STR_0044,purchased,2188-08-04 00:00:00
JUG_00129,STR_0044,returned_to_store,2188-10-22 00:00:00
JUG_00129,HUB_AURORA,washed,2188-10-25 00:00:00
JUG_00129,STR_0027,purchased,2188-11-05 00:00:00
JUG_00129,STR_0027,returned_to_store,2189-01-08 00:00:00
JUG_00129,HUB_AURORA,washed,2189-01-10 00:00:00
JUG_00129,STR_0013,purchased,2189-01-27 00:00:00
JUG_00129,STR_0013,returned_to_store,2189-04-22 00:00:00
JUG_00129,HUB_AURORA,washed,2189-04-25 00:00:00
JUG_00129,STR_0021,purchased,2189-05-02 00:00:00
JUG_00129,STR_0021,returned_to_store,2189-06-29 00:00:00
JUG_00129,HUB_AURORA,washed,2189-07-02 00:00:00
JUG_00129,STR_0023,purchased,2189-07-29 00:00:00
JUG_00129,STR_0023,returned_to_store,2189-10-23 00:00:00
JUG_00129,HUB_AURORA,washed,2189-10-26 00:00:00
JUG_00129,STR_0026,purchased,2189-11-04 00:00:00
JUG_00129,STR_0026,returned_to_store,2190-01-02 00:00:00
JUG_00129,HUB_AURORA,washed,2190-01-05 00:00:00
JUG_00130,STR_0031,purchased,2190-02-03 00:00:00
JUG_00130,STR_0031,returned_to_store,2190-05-15 00:00:00
JUG_00130,HUB_AURORA,washed,2190-05-20 00:00:00
JUG_00130,STR_0022,purchased,2190-06-11 00:00:00
JUG_00130,STR_0022,returned_to_store,2190-09-11 00:00:00
JUG_00130,HUB_AURORA,washed,2190-09-16 00:00:00
JUG_00130,STR_0005,purchased,2190-09-25 00:00:00
JUG_00130,UNKNOWN,lost_to_leakage,2190-12-19 00:00:00
JUG_00131,STR_0045,purchased,2191-01-07 00:00:00
JUG_00131,UNKNOWN,lost_to_leakage,2191-04-05 00:00:00
JUG_00132,STR_0031,purchased,2191-04-12 00:00:00
JUG_00132,UNKNOWN,lost_to_leakage,2191-07-03 00:00:00
JUG_00133,STR_0002,purchased,2191-07-22 00:00:00
JUG_00133,STR_0002,returned_to_store,2191-10-23 00:00:00
JUG_00133,HUB_AURORA,washed,2191-10-28 00:00:00
JUG_00133,STR_0002,purchased,2191-11-20 00:00:00
JUG_00133,STR_0002,returned_to_store,2192-01-19 00:00:00
JUG_00133,HUB_AURORA,washed,2192-01-22 00:00:00
JUG_00133,STR_0004,purchased,2192-02-21 00:00:00
JUG_00133,UNKNOWN,lost_to_leakage,2192-05-07 00:00:00
JUG_00134,STR_0008,purchased,2192-06-03 00:00:00
JUG_00134,STR_0008,returned_to_store,2192-08-30 00:00:00
JUG_00134,HUB_AURORA,washed,2192-09-02 00:00:00
JUG_00134,STR_0015,purchased,2192-10-02 00:00:00
JUG_00134,STR_0015,returned_to_store,2193-01-04 00:00:00
JUG_00134,HUB_AURORA,washed,2193-01-08 00:00:00
JUG_00134,STR_0012,purchased,2193-01-21 00:00:00
JUG_00134,STR_0012,returned_to_store,2193-03-24 00:00:00
JUG_00134,HUB_AURORA,washed,2193-03-28 00:00:00
JUG_00134,STR_0032,purchased,2193-04-19 00:00:00
JUG_00134,STR_0032,returned_to_store,2193-07-13 00:00:00
JUG_00134,HUB_AURORA,washed,2193-07-16 00:00:00
JUG_00134,STR_0025,purchased,2193-08-03 00:00:00
JUG_00134,STR_0025,returned_to_store,2193-11-12 00:00:00
JUG_00134,HUB_AURORA,washed,2193-11-17 00:00:00
JUG_00134,STR_0019,purchased,2193-12-08 00:00:00
JUG_00134,STR_0019,returned_to_store,2194-02-25 00:00:00
JUG_00134,HUB_AURORA,washed,2194-02-27 00:00:00
JUG_00135,STR_0038,purchased,2194-03-19 00:00:00
JUG_00135,STR_0038,returned_to_store,2194-05-20 00:00:00
JUG_00135,HUB_AURORA,washed,2194-05-23 00:00:00
JUG_00135,STR_0002,purchased,2194-06-19 00:00:00
JUG_00135,STR_0002,returned_to_store,2194-08-18 00:00:00
JUG_00135,HUB_AURORA,washed,2194-08-23 00:00:00
JUG_00135,STR_0003,purchased,2194-08-30 00:00:00
JUG_00135,STR_0003,returned_to_store,2194-10-30 00:00:00
JUG_00135,HUB_AURORA,washed,2194-11-04 00:00:00
JUG_00135,STR_0033,purchased,2194-11-13 00:00:00
JUG_00135,STR_0033,returned_to_store,2195-02-13 00:00:00
JUG_00135,HUB_AURORA,washed,2195-02-15 00:00:00
JUG_00135,STR_0008,purchased,2195-03-07 00:00:00
JUG_00135,STR_0008,returned_to_store,2195-05-15 00:00:00
JUG_00135,HUB_AURORA,washed,2195-05-19 00:00:00
JUG_00136,STR_0000,purchased,2195-06-03 00:00:00
JUG_00136,STR_0000,returned_to_store,2195-08-15 00:00:00
JUG_00136,HUB_AURORA,washed,2195-08-18 00:00:00
JUG_00136,STR_0023,purchased,2195-09-11 00:00:00
JUG_00136,STR_0023,returned_to_store,2195-11-15 00:00:00
JUG_00136,HUB_AURORA,washed,2195-11-20 00:00:00
JUG_00136,STR_0019,purchased,2195-12-06 00:00:00
JUG_00136,STR_0019,returned_to_store,2196-02-23 00:00:00
JUG_00136,HUB_AURORA,washed,2196-02-26 00:00:00
JUG_00136,STR_0032,purchased,2196-03-18 00:00:00
JUG_00136,STR_0032,returned_to_store,2196-05-24 00:00:00
JUG_00136,HUB_AURORA,washed,2196-05-28 00:00:00
JUG_00136,STR_0028,purchased,2196-06-25 00:00:00
JUG_00136,STR_0028,returned_to_store,2196-09-11 00:00:00
JUG_00136,HUB_AURORA,washed,2196-09-15 00:00:00
JUG_00136,STR_0005,purchased,2196-10-12 00:00:00
JUG_00136,STR_0005,returned_to_store,2196-12-23 00:00:00
JUG_00136,HUB_AURORA,washed,2196-12-25 00:00:00
JUG_00136,STR_0038,purchased,2197-01-17 00:00:00
JUG_00136,STR_0038,returned_to_store,2197-03-22 00:00:00
JUG_00136,HUB_AURORA,washed,2197-03-26 00:00:00
JUG_00136,STR_0017,purchased,2197-04-12 00:00:00
JUG_00136,STR_0017,returned_to_store,2197-07-21 00:00:00
JUG_00136,HUB_AURORA,washed,2197-07-25 00:00:00
JUG_00136,STR_0035,purchased,2197-08-11 00:00:00
JUG_00136,UNKNOWN,lost_to_leakage,2197-10-13 00:00:00
JUG_00137,STR_0032,purchased,2197-11-06 00:00:00
JUG_00137,STR_0032,returned_to_store,2198-01-30 00:00:00
JUG_00137,HUB_AURORA,washed,2198-02-04 00:00:00
JUG_00137,STR_0031,purchased,2198-02-11 00:00:00
JUG_00137,STR_0031,returned_to_store,2198-05-05 00:00:00
JUG_00137,HUB_AURORA,washed,2198-05-08 00:00:00
JUG_00137,STR_0020,purchased,2198-06-04 00:00:00
JUG_00137,UNKNOWN,lost_to_leakage,2198-08-15 00:00:00
JUG_00138,STR_0026,purchased,2198-09-14 00:00:00
JUG_00138,STR_0026,returned_to_store,2198-12-06 00:00:00
JUG_00138,HUB_AURORA,washed,2198-12-10 00:00:00
JUG_00138,STR_0021,purchased,2198-12-30 00:00:00
JUG_00138,STR_0021,returned_to_store,2199-02-28 00:00:00
JUG_00138,HUB_AURORA,washed,2199-03-05 00:00:00
JUG_00138,STR_0043,purchased,2199-04-04 00:00:00
JUG_00138,STR_0043,returned_to_store,2199-06-02 00:00:00
JUG_00138,HUB_AURORA,washed,2199-06-06 00:00:00
JUG_00138,STR_0014,purchased,2199-06-25 00:00:00
JUG_00138,STR_0014,returned_to_store,2199-09-21 00:00:00
JUG_00138,HUB_AURORA,washed,2199-09-23 00:00:00
JUG_00138,STR_0035,purchased,2199-10-12 00:00:00
JUG_00138,STR_0035,returned_to_store,2200-01-14 00:00:00
JUG_00138,HUB_AURORA,washed,2200-01-16 00:00:00
JUG_00139,STR_0027,purchased,2200-01-25 00:00:00
JUG_00139,STR_0027,returned_to_store,2200-04-08 00:00:00
JUG_00139,HUB_AURORA,washed,2200-04-11 00:00:00
JUG_00139,STR_0025,purchased,2200-04-20 00:00:00
JUG_00139,STR_0025,returned_to_store,2200-06-28 00:00:00
JUG_00139,HUB_AURORA,washed,2200-07-03 00:00:00
JUG_00139,STR_0037,purchased,2200-07-29 00:00:00
JUG_00139,STR_0037,returned_to_store,2200-10-25 00:00:00
JUG_00139,HUB_AURORA,washed,2200-10-27 00:00:00
JUG_00139,STR_0011,purchased,2200-11-15 00:00:00
JUG_00139,STR_0011,returned_to_store,2201-01-10 00:00:00
JUG_00139,HUB_AURORA,washed,2201-01-13 00:00:00
JUG_00139,STR_0005,purchased,2201-01-27 00:00:00
JUG_00139,STR_0005,returned_to_store,2201-03-31 00:00:00
JUG_00139,HUB_AURORA,washed,2201-04-04 00:00:00
JUG_00139,STR_0040,purchased,2201-04-19 00:00:00
JUG_00139,STR_0040,returned_to_store,2201-07-18 00:00:00
JUG_00139,HUB_AURORA,washed,2201-07-22 00:00:00
JUG_00139,STR_0026,purchased,2201-07-30 00:00:00
JUG_00139,STR_0026,returned_to_store,2201-10-28 00:00:00
JUG_00139,HUB_AURORA,washed,2201-11-01 00:00:00
JUG_00140,STR_0041,purchased,2201-11-16 00:00:00
JUG_00140,STR_0041,returned_to_store,2202-01-17 00:00:00
JUG_00140,HUB_AURORA,washed,2202-01-22 00:00:00
JUG_00140,STR_0038,purchased,2202-01-29 00:00:00
JUG_00140,STR_0038,returned_to_store,2202-04-02 00:00:00
JUG_00140,HUB_AURORA,washed,2202-04-05 00:00:00
JUG_00140,STR_0040,purchased,2202-04-18 00:00:00
JUG_00140,UNKNOWN,lost_to_leakage,2202-06-16 00:00:00
JUG_00141,STR_0048,purchased,2202-07-09 00:00:00
JUG_00141,STR_0048,returned_to_store,2202-10-12 00:00:00
JUG_00141,HUB_AURORA,washed,2202-10-16 00:00:00
JUG_00141,STR_0011,purchased,2202-10-25 00:00:00
JUG_00141,STR_0011,returned_to_store,2202-12-24 00:00:00
JUG_00141,HUB_AURORA,washed,2202-12-29 00:00:00
JUG_00141,STR_0016,purchased,2203-01-18 00:00:00
JUG_00141,STR_0016,returned_to_store,2203-03-16 00:00:00
JUG_00141,HUB_AURORA,washed,2203-03-20 00:00:00
JUG_00142,STR_0029,purchased,2203-04-05 00:00:00
JUG_00142,STR_0029,returned_to_store,2203-05-26 00:00:00
JUG_00142,HUB_AURORA,washed,2203-05-29 00:00:00
JUG_00142,STR_0041,purchased,2203-06-10 00:00:00
JUG_00142,STR_0041,returned_to_store,2203-08-14 00:00:00
JUG_00142,HUB_AURORA,washed,2203-08-19 00:00:00
JUG_00142,STR_0019,purchased,2203-09-16 00:00:00
JUG_00142,STR_0019,returned_to_store,2203-11-27 00:00:00
JUG_00142,HUB_AURORA,washed,2203-11-29 00:00:00
JUG_00142,STR_0040,purchased,2203-12-12 00:00:00
JUG_00142,STR_0040,returned_to_store,2204-03-05 00:00:00
JUG_00142,HUB_AURORA,washed,2204-03-09 00:00:00
JUG_00142,STR_0029,purchased,2204-03-17 00:00:00
JUG_00142,STR_0029,returned_to_store,2204-05-31 00:00:00
JUG_00142,HUB_AURORA,washed,2204-06-03 00:00:00
JUG_00142,STR_0027,purchased,2204-06-20 00:00:00
JUG_00142,STR_0027,returned_to_store,2204-09-08 00:00:00
JUG_00142,HUB_AURORA,washed,2204-09-12 00:00:00
JUG_00142,STR_0002,purchased,2204-10-12 00:00:00
JUG_00142,STR_0002,returned_to_store,2205-01-09 00:00:00
JUG_00142,HUB_AURORA,washed,2205-01-12 00:00:00
JUG_00142,STR_0004,purchased,2205-01-31 00:00:00
JUG_00142,STR_0004,returned_to_store,2205-04-29 00:00:00
JUG_00142,HUB_AURORA,washed,2205-05-03 00:00:00
JUG_00143,STR_0002,purchased,2205-05-30 00:00:00
JUG_00143,UNKNOWN,lost_to_leakage,2205-07-24 00:00:00
JUG_00144,STR_0000,purchased,2205-08-08 00:00:00
JUG_00144,STR_0000,returned_to_store,2205-10-04 00:00:00
JUG_00144,HUB_AURORA,washed,2205-10-06 00:00:00
JUG_00144,STR_0023,purchased,2205-10-20 00:00:00
JUG_00144,UNKNOWN,lost_to_leakage,2206-01-19 00:00:00
JUG_00145,STR_0023,purchased,2206-02-17 00:00:00
JUG_00145,STR_0023,returned_to_store,2206-05-14 00:00:00
JUG_00145,HUB_AURORA,washed,2206-05-17 00:00:00
JUG_00145,STR_0017,purchased,2206-06-03 00:00:00
JUG_00145,UNKNOWN,lost_to_leakage,2206-08-30 00:00:00
JUG_00146,STR_0009,purchased,2206-09-19 00:00:00
JUG_00146,STR_0009,returned_to_store,2206-12-11 00:00:00
JUG_00146,HUB_AURORA,washed,2206-12-15 00:00:00
JUG_00146,STR_0022,purchased,2206-12-24 00:00:00
JUG_00146,STR_0022,returned_to_store,2207-03-27 00:00:00
JUG_00146,HUB_AURORA,washed,2207-03-31 00:00:00
JUG_00146,STR_0038,purchased,2207-04-26 00:00:00
JUG_00146,STR_0038,returned_to_store,2207-07-15 00:00:00
JUG_00146,HUB_AURORA,washed,2207-07-17 00:00:00
JUG_00146,STR_0008,purchased,2207-07-31 00:00:00
JUG_00146,UNKNOWN,lost_to_leakage,2207-10-22 00:00:00
JUG_00147,STR_0013,purchased,2207-11-02 00:00:00
JUG_00147,STR_0013,returned_to_store,2208-01-04 00:00:00
JUG_00147,HUB_AURORA,washed,2208-01-09 00:00:00
JUG_00147,STR_0022,purchased,2208-01-17 00:00:00
JUG_00147,STR_0022,returned_to_store,2208-04-04 00:00:00
JUG_00147,HUB_AURORA,washed,2208-04-08 00:00:00
JUG_00147,STR_0001,purchased,2208-04-30 00:00:00
JUG_00147,STR_0001,returned_to_store,2208-07-12 00:00:00
JUG_00147,HUB_AURORA,washed,2208-07-17 00:00:00
JUG_00147,STR_0036,purchased,2208-07-25 00:00:00
JUG_00147,STR_0036,returned_to_store,2208-10-02 00:00:00
JUG_00147,HUB_AURORA,washed,2208-10-04 00:00:00
JUG_00147,STR_0007,purchased,2208-10-22 00:00:00
JUG_00147,STR_0007,returned_to_store,2208-12-26 00:00:00
JUG_00147,HUB_AURORA,washed,2208-12-28 00:00:00
JUG_00147,STR_0042,purchased,2209-01-20 00:00:00
JUG_00147,STR_0042,returned_to_store,2209-04-21 00:00:00
JUG_00147,HUB_AURORA,washed,2209-04-24 00:00:00
JUG_00147,STR_0040,purchased,2209-05-24 00:00:00
JUG_00147,UNKNOWN,lost_to_leakage,2209-07-28 00:00:00
JUG_00148,STR_0046,purchased,2209-08-04 00:00:00
JUG_00148,STR_0046,returned_to_store,2209-10-09 00:00:00
JUG_00148,HUB_AURORA,washed,2209-10-11 00:00:00
JUG_00148,STR_0036,purchased,2209-11-09 00:00:00
JUG_00148,STR_0036,returned_to_store,2210-01-28 00:00:00
JUG_00148,HUB_AURORA,washed,2210-01-30 00:00:00
JUG_00148,STR_0044,purchased,2210-02-23 00:00:00
JUG_00148,STR_0044,returned_to_store,2210-04-25 00:00:00
JUG_00148,HUB_AURORA,washed,2210-04-27 00:00:00
JUG_00148,STR_0002,purchased,2210-05-21 00:00:00
JUG_00148,STR_0002,returned_to_store,2210-07-19 00:00:00
JUG_00148,HUB_AURORA,washed,2210-07-24 00:00:00
JUG_00148,STR_0042,purchased,2210-08-03 00:00:00
JUG_00148,STR_0042,returned_to_store,2210-10-07 00:00:00
JUG_00148,HUB_AURORA,washed,2210-10-11 00:00:00
JUG_00148,STR_0019,purchased,2210-10-25 00:00:00
JUG_00148,STR_0019,returned_to_store,2211-01-22 00:00:00
JUG_00148,HUB_AURORA,washed,2211-01-26 00:00:00
JUG_00148,STR_0021,purchased,2211-02-05 00:00:00
JUG_00148,STR_0021,returned_to_store,2211-04-09 00:00:00
JUG_00148,HUB_AURORA,washed,2211-04-13 00:00:00
JUG_00148,STR_0033,purchased,2211-04-28 00:00:00
JUG_00148,STR_0033,returned_to_store,2211-07-12 00:00:00
JUG_00148,HUB_AURORA,washed,2211-07-14 00:00:00
JUG_00149,STR_0048,purchased,2211-07-26 00:00:00
JUG_00149,STR_0048,returned_to_store,2211-10-14 00:00:00
JUG_00149,HUB_AURORA,washed,2211-10-19 00:00:00
JUG_00149,STR_0022,purchased,2211-10-26 00:00:00
JUG_00149,STR_0022,returned_to_store,2212-01-27 00:00:00
JUG_00149,HUB_AURORA,washed,2212-01-29 00:00:00
JUG_00149,STR_0003,purchased,2212-02-28 00:00:00
JUG_00149,STR_0003,returned_to_store,2212-06-01 00:00:00
JUG_00149,HUB_AURORA,washed,2212-06-04 00:00:00
JUG_00149,STR_0034,purchased,2212-06-22 00:00:00
JUG_00149,STR_0034,returned_to_store,2212-08-20 00:00:00
JUG_00149,HUB_AURORA,washed,2212-08-25 00:00:00
JUG_00149,STR_0021,purchased,2212-09-03 00:00:00
JUG_00149,STR_0021,returned_to_store,2212-11-27 00:00:00
JUG_00149,HUB_AURORA,washed,2212-11-29 00:00:00
JUG_00149,STR_0039,purchased,2212-12-22 00:00:00
JUG_00149,STR_0039,returned_to_store,2213-02-23 00:00:00
JUG_00149,HUB_AURORA,washed,2213-02-27 00:00:00
JUG_00150,STR_0024,purchased,2213-03-12 00:00:00
JUG_00150,STR_0024,returned_to_store,2213-06-01 00:00:00
JUG_00150,HUB_AURORA,washed,2213-06-04 00:00:00
JUG_00150,STR_0012,purchased,2213-06-13 00:00:00
JUG_00150,STR_0012,returned_to_store,2213-08-08 00:00:00
JUG_00150,HUB_AURORA,washed,2213-08-11 00:00:00
JUG_00150,STR_0018,purchased,2213-08-24 00:00:00
JUG_00150,STR_0018,returned_to_store,2213-10-17 00:00:00
JUG_00150,HUB_AURORA,washed,2213-10-19 00:00:00
JUG_00150,STR_0029,purchased,2213-10-28 00:00:00
JUG_00150,UNKNOWN,lost_to_leakage,2214-01-10 00:00:00
JUG_00151,STR_0037,purchased,2214-01-24 00:00:00
JUG_00151,STR_0037,returned_to_store,2214-04-30 00:00:00
JUG_00151,HUB_AURORA,washed,2214-05-03 00:00:00
JUG_00151,STR_0028,purchased,2214-05-17 00:00:00
JUG_00151,UNKNOWN,lost_to_leakage,2214-07-21 00:00:00
JUG_00152,STR_0017,purchased,2214-08-06 00:00:00
JUG_00152,STR_0017,returned_to_store,2214-10-07 00:00:00
JUG_00152,HUB_AURORA,washed,2214-10-11 00:00:00
JUG_00152,STR_0013,purchased,2214-10-23 00:00:00
JUG_00152,STR_0013,returned_to_store,2214-12-22 00:00:00
JUG_00152,HUB_AURORA,washed,2214-12-24 00:00:00
JUG_00152,STR_0011,purchased,2215-01-22 00:00:00
JUG_00152,STR_0011,returned_to_store,2215-04-21 00:00:00
JUG_00152,HUB_AURORA,washed,2215-04-23 00:00:00
JUG_00152,STR_0019,purchased,2215-05-09 00:00:00
JUG_00152,STR_0019,returned_to_store,2215-08-18 00:00:00
JUG_00152,HUB_AURORA,washed,2215-08-22 00:00:00
JUG_00152,STR_0019,purchased,2215-09-11 00:00:00
JUG_00152,STR_0019,returned_to_store,2215-11-20 00:00:00
JUG_00152,HUB_AURORA,washed,2215-11-25 00:00:00
JUG_00152,STR_0036,purchased,2215-12-24 00:00:00
JUG_00152,STR_0036,returned_to_store,2216-03-09 00:00:00
JUG_00152,HUB_AURORA,washed,2216-03-14 00:00:00
JUG_00153,STR_0048,purchased,2216-04-12 00:00:00
JUG_00153,STR_0048,returned_to_store,2216-06-17 00:00:00
JUG_00153,HUB_AURORA,washed,2216-06-22 00:00:00
JUG_00153,STR_0020,purchased,2216-07-22 00:00:00
JUG_00153,STR_0020,returned_to_store,2216-10-19 00:00:00
JUG_00153,HUB_AURORA,washed,2216-10-24 00:00:00
JUG_00153,STR_0024,purchased,2216-11-10 00:00:00
JUG_00153,STR_0024,returned_to_store,2217-02-14 00:00:00
JUG_00153,HUB_AURORA,washed,2217-02-17 00:00:00
JUG_00153,STR_0033,purchased,2217-03-09 00:00:00
JUG_00153,STR_0033,returned_to_store,2217-05-08 00:00:00
JUG_00153,HUB_AURORA,washed,2217-05-13 00:00:00
JUG_00154,STR_0028,purchased,2217-06-02 00:00:00
JUG_00154,STR_0028,returned_to_store,2217-08-29 00:00:00
JUG_00154,HUB_AURORA,washed,2217-09-01 00:00:00
JUG_00154,STR_0009,purchased,2217-09-10 00:00:00
JUG_00154,STR_0009,returned_to_store,2217-12-09 00:00:00
JUG_00154,HUB_AURORA,washed,2217-12-12 00:00:00
JUG_00154,STR_0010,purchased,2218-01-09 00:00:00
JUG_00154,STR_0010,returned_to_store,2218-03-28 00:00:00
JUG_00154,HUB_AURORA,washed,2218-03-30 00:00:00
JUG_00154,STR_0006,purchased,2218-04-12 00:00:00
JUG_00154,STR_0006,returned_to_store,2218-06-08 00:00:00
JUG_00154,HUB_AURORA,washed,2218-06-13 00:00:00
JUG_00154,STR_0038,purchased,2218-07-07 00:00:00
JUG_00154,STR_0038,returned_to_store,2218-09-24 00:00:00
JUG_00154,HUB_AURORA,washed,2218-09-26 00:00:00
JUG_00154,STR_0049,purchased,2218-10-20 00:00:00
JUG_00154,STR_0049,returned_to_store,2219-01-30 00:00:00
JUG_00154,HUB_AURORA,washed,2219-02-01 00:00:00
JUG_00154,STR_0042,purchased,2219-03-03 00:00:00
JUG_00154,STR_0042,returned_to_store,2219-04-29 00:00:00
JUG_00154,HUB_AURORA,washed,2219-05-02 00:00:00
JUG_00154,STR_0036,purchased,2219-05-25 00:00:00
JUG_00154,STR_0036,returned_to_store,2219-07-28 00:00:00
JUG_00154,HUB_AURORA,washed,2219-07-30 00:00:00
JUG_00154,STR_0035,purchased,2219-08-24 00:00:00
JUG_00154,STR_0035,returned_to_store,2219-11-21 00:00:00
JUG_00154,HUB_AURORA,washed,2219-11-26 00:00:00
JUG_00154,STR_0024,purchased,2219-12-12 00:00:00
JUG_00154,STR_0024,returned_to_store,2220-03-07 00:00:00
JUG_00154,HUB_AURORA,washed,2220-03-09 00:00:00
JUG_00155,STR_0049,purchased,2220-03-25 00:00:00
JUG_00155,STR_0049,returned_to_store,2220-06-16 00:00:00
JUG_00155,HUB_AURORA,washed,2220-06-19 00:00:00
JUG_00155,STR_0040,purchased,2220-06-29 00:00:00
JUG_00155,UNKNOWN,lost_to_leakage,2220-09-20 00:00:00
JUG_00156,STR_0002,purchased,2220-10-20 00:00:00
JUG_00156,STR_0002,returned_to_store,2220-12-09 00:00:00
JUG_00156,HUB_AURORA,washed,2220-12-11 00:00:00
JUG_00156,STR_0016,purchased,2221-01-07 00:00:00
JUG_00156,STR_0016,returned_to_store,2221-04-01 00:00:00
JUG_00156,HUB_AURORA,washed,2221-04-06 00:00:00
JUG_00156,STR_0019,purchased,2221-05-05 00:00:00
JUG_00156,STR_0019,returned_to_store,2221-07-29 00:00:00
JUG_00156,HUB_AURORA,washed,2221-08-03 00:00:00
JUG_00156,STR_0001,purchased,2221-08-17 00:00:00
JUG_00156,STR_0001,returned_to_store,2221-10-28 00:00:00
JUG_00156,HUB_AURORA,washed,2221-10-30 00:00:00
JUG_00156,STR_0040,purchased,2221-11-24 00:00:00
JUG_00156,STR_0040,returned_to_store,2222-01-18 00:00:00
JUG_00156,HUB_AURORA,washed,2222-01-21 00:00:00
JUG_00156,STR_0004,purchased,2222-02-05 00:00:00
JUG_00156,UNKNOWN,lost_to_leakage,2222-04-27 00:00:00
JUG_00157,STR_0023,purchased,2222-05-24 00:00:00
JUG_00157,STR_0023,returned_to_store,2222-08-10 00:00:00
JUG_00157,HUB_AURORA,washed,2222-08-12 00:00:00
JUG_00157,STR_0001,purchased,2222-09-04 00:00:00
JUG_00157,STR_0001,returned_to_store,2222-10-28 00:00:00
JUG_00157,HUB_AURORA,washed,2222-10-30 00:00:00
JUG_00157,STR_0043,purchased,2222-11-15 00:00:00
JUG_00157,STR_0043,returned_to_store,2223-02-16 00:00:00
JUG_00157,HUB_AURORA,washed,2223-02-18 00:00:00
JUG_00157,STR_0023,purchased,2223-03-14 00:00:00
JUG_00157,STR_0023,returned_to_store,2223-05-28 00:00:00
JUG_00157,HUB_AURORA,washed,2223-05-30 00:00:00
JUG_00157,STR_0021,purchased,2223-06-06 00:00:00
JUG_00157,STR_0021,returned_to_store,2223-09-16 00:00:00
JUG_00157,HUB_AURORA,washed,2223-09-21 00:00:00
JUG_00158,STR_0021,purchased,2223-09-30 00:00:00
JUG_00158,STR_0021,returned_to_store,2223-12-15 00:00:00
JUG_00158,HUB_AURORA,washed,2223-12-17 00:00:00
JUG_00158,STR_0038,purchased,2224-01-16 00:00:00
JUG_00158,STR_0038,returned_to_store,2224-04-08 00:00:00
JUG_00158,HUB_AURORA,washed,2224-04-10 00:00:00
JUG_00158,STR_0031,purchased,2224-05-06 00:00:00
JUG_00158,STR_0031,returned_to_store,2224-07-12 00:00:00
JUG_00158,HUB_AURORA,washed,2224-07-17 00:00:00
JUG_00158,STR_0043,purchased,2224-07-30 00:00:00
JUG_00158,STR_0043,returned_to_store,2224-09-20 00:00:00
JUG_00158,HUB_AURORA,washed,2224-09-22 00:00:00
JUG_00159,STR_0016,purchased,2224-10-06 00:00:00
JUG_00159,STR_0016,returned_to_store,2224-12-16 00:00:00
JUG_00159,HUB_AURORA,washed,2224-12-20 00:00:00
JUG_00159,STR_0040,purchased,2225-01-07 00:00:00
JUG_00159,STR_0040,returned_to_store,2225-03-17 00:00:00
JUG_00159,HUB_AURORA,washed,2225-03-21 00:00:00
JUG_00159,STR_0034,purchased,2225-04-05 00:00:00
JUG_00159,STR_0034,returned_to_store,2225-06-22 00:00:00
JUG_00159,HUB_AURORA,washed,2225-06-27 00:00:00
JUG_00159,STR_0019,purchased,2225-07-23 00:00:00
JUG_00159,STR_0019,returned_to_store,2225-09-16 00:00:00
JUG_00159,HUB_AURORA,washed,2225-09-19 00:00:00
JUG_00159,STR_0013,purchased,2225-09-29 00:00:00
JUG_00159,STR_0013,returned_to_store,2226-01-01 00:00:00
JUG_00159,HUB_AURORA,washed,2226-01-05 00:00:00
JUG_00159,STR_0040,purchased,2226-01-12 00:00:00
JUG_00159,STR_0040,returned_to_store,2226-03-07 00:00:00
JUG_00159,HUB_AURORA,washed,2226-03-09 00:00:00
JUG_00160,STR_0042,purchased,2226-04-08 00:00:00
JUG_00160,STR_0042,returned_to_store,2226-06-12 00:00:00
JUG_00160,HUB_AURORA,washed,2226-06-14 00:00:00
JUG_00160,STR_0023,purchased,2226-06-24 00:00:00
JUG_00160,STR_0023,returned_to_store,2226-09-15 00:00:00
JUG_00160,HUB_AURORA,washed,2226-09-18 00:00:00
JUG_00160,STR_0023,purchased,2226-10-17 00:00:00
JUG_00160,STR_0023,returned_to_store,2226-12-31 00:00:00
JUG_00160,HUB_AURORA,washed,2227-01-04 00:00:00
JUG_00160,STR_0028,purchased,2227-01-15 00:00:00
JUG_00160,STR_0028,returned_to_store,2227-03-24 00:00:00
JUG_00160,HUB_AURORA,washed,2227-03-28 00:00:00
JUG_00160,STR_0022,purchased,2227-04-24 00:00:00
JUG_00160,STR_0022,returned_to_store,2227-07-31 00:00:00
JUG_00160,HUB_AURORA,washed,2227-08-02 00:00:00
JUG_00160,STR_0002,purchased,2227-08-18 00:00:00
JUG_00160,STR_0002,returned_to_store,2227-11-19 00:00:00
JUG_00160,HUB_AURORA,washed,2227-11-24 00:00:00
JUG_00160,STR_0035,purchased,2227-12-12 00:00:00
JUG_00160,STR_0035,returned_to_store,2228-02-25 00:00:00
JUG_00160,HUB_AURORA,washed,2228-02-29 00:00:00
JUG_00160,STR_0023,purchased,2228-03-13 00:00:00
JUG_00160,STR_0023,returned_to_store,2228-05-14 00:00:00
JUG_00160,HUB_AURORA,washed,2228-05-17 00:00:00
JUG_00160,STR_0037,purchased,2228-05-31 00:00:00
JUG_00160,STR_0037,returned_to_store,2228-08-12 00:00:00
JUG_00160,HUB_AURORA,washed,2228-08-17 00:00:00
JUG_00161,STR_0001,purchased,2228-09-03 00:00:00
JUG_00161,STR_0001,returned_to_store,2228-11-19 00:00:00
JUG_00161,HUB_AURORA,washed,2228-11-23 00:00:00
JUG_00161,STR_0042,purchased,2228-12-21 00:00:00
JUG_00161,STR_0042,returned_to_store,2229-03-11 00:00:00
JUG_00161,HUB_AURORA,washed,2229-03-14 00:00:00
JUG_00161,STR_0023,purchased,2229-03-28 00:00:00
JUG_00161,UNKNOWN,lost_to_leakage,2229-06-10 00:00:00
JUG_00162,STR_0040,purchased,2229-07-01 00:00:00
JUG_00162,STR_0040,returned_to_store,2229-09-27 00:00:00
JUG_00162,HUB_AURORA,washed,2229-10-02 00:00:00
JUG_00162,STR_0019,purchased,2229-10-14 00:00:00
JUG_00162,STR_0019,returned_to_store,2230-01-13 00:00:00
JUG_00162,HUB_AURORA,washed,2230-01-15 00:00:00
JUG_00162,STR_0047,purchased,2230-02-13 00:00:00
JUG_00162,STR_0047,returned_to_store,2230-04-17 00:00:00
JUG_00162,HUB_AURORA,washed,2230-04-21 00:00:00
JUG_00162,STR_0048,purchased,2230-05-15 00:00:00
JUG_00162,STR_0048,returned_to_store,2230-08-24 00:00:00
JUG_00162,HUB_AURORA,washed,2230-08-29 00:00:00
JUG_00162,STR_0013,purchased,2230-09-18 00:00:00
JUG_00162,UNKNOWN,lost_to_leakage,2230-12-16 00:00:00
JUG_00163,STR_0035,purchased,2230-12-26 00:00:00
JUG_00163,STR_0035,returned_to_store,2231-02-21 00:00:00
JUG_00163,HUB_AURORA,washed,2231-02-26 00:00:00
JUG_00163,STR_0023,purchased,2231-03-07 00:00:00
JUG_00163,STR_0023,returned_to_store,2231-05-13 00:00:00
JUG_00163,HUB_AURORA,washed,2231-05-17 00:00:00
JUG_00163,STR_0001,purchased,2231-06-01 00:00:00
JUG_00163,STR_0001,returned_to_store,2231-09-04 00:00:00
JUG_00163,HUB_AURORA,washed,2231-09-09 00:00:00
JUG_00163,STR_0037,purchased,2231-09-21 00:00:00
JUG_00163,STR_0037,returned_to_store,2231-11-29 00:00:00
JUG_00163,HUB_AURORA,washed,2231-12-03 00:00:00
JUG_00163,STR_0021,purchased,2231-12-21 00:00:00
JUG_00163,STR_0021,returned_to_store,2232-03-08 00:00:00
JUG_00163,HUB_AURORA,washed,2232-03-11 00:00:00
JUG_00163,STR_0038,purchased,2232-03-21 00:00:00
JUG_00163,STR_0038,returned_to_store,2232-05-20 00:00:00
JUG_00163,HUB_AURORA,washed,2232-05-25 00:00:00
JUG_00163,STR_0008,purchased,2232-06-13 00:00:00
JUG_00163,STR_0008,returned_to_store,2232-08-11 00:00:00
JUG_00163,HUB_AURORA,washed,2232-08-13 00:00:00
JUG_00163,STR_0002,purchased,2232-09-01 00:00:00
JUG_00163,UNKNOWN,lost_to_leakage,2232-10-30 00:00:00
JUG_00164,STR_0018,purchased,2232-11-25 00:00:00
JUG_00164,STR_0018,returned_to_store,2233-01-17 00:00:00
JUG_00164,HUB_AURORA,washed,2233-01-20 00:00:00
JUG_00164,STR_0035,purchased,2233-02-06 00:00:00
JUG_00164,STR_0035,returned_to_store,2233-04-02 00:00:00
JUG_00164,HUB_AURORA,washed,2233-04-05 00:00:00
JUG_00164,STR_0037,purchased,2233-04-20 00:00:00
JUG_00164,STR_0037,returned_to_store,2233-06-17 00:00:00
JUG_00164,HUB_AURORA,washed,2233-06-20 00:00:00
JUG_00164,STR_0049,purchased,2233-07-11 00:00:00
JUG_00164,STR_0049,returned_to_store,2233-09-03 00:00:00
JUG_00164,HUB_AURORA,washed,2233-09-06 00:00:00
JUG_00164,STR_0028,purchased,2233-10-02 00:00:00
JUG_00164,STR_0028,returned_to_store,2233-12-17 00:00:00
JUG_00164,HUB_AURORA,washed,2233-12-21 00:00:00
JUG_00164,STR_0022,purchased,2234-01-12 00:00:00
JUG_00164,STR_0022,returned_to_store,2234-04-14 00:00:00
JUG_00164,HUB_AURORA,washed,2234-04-17 00:00:00
JUG_00164,STR_0033,purchased,2234-04-26 00:00:00
JUG_00164,STR_0033,returned_to_store,2234-07-02 00:00:00
JUG_00164,HUB_AURORA,washed,2234-07-07 00:00:00
JUG_00164,STR_0039,purchased,2234-07-19 00:00:00
JUG_00164,STR_0039,returned_to_store,2234-10-07 00:00:00
JUG_00164,HUB_AURORA,washed,2234-10-12 00:00:00
JUG_00164,STR_0043,purchased,2234-11-11 00:00:00
JUG_00164,STR_0043,returned_to_store,2235-01-11 00:00:00
JUG_00164,HUB_AURORA,washed,2235-01-13 00:00:00
JUG_00164,STR_0025,purchased,2235-02-12 00:00:00
JUG_00164,STR_0025,returned_to_store,2235-05-27 00:00:00
JUG_00164,HUB_AURORA,washed,2235-05-31 00:00:00
JUG_00165,STR_0020,purchased,2235-06-22 00:00:00
JUG_00165,STR_0020,returned_to_store,2235-09-23 00:00:00
JUG_00165,HUB_AURORA,washed,2235-09-28 00:00:00
JUG_00165,STR_0005,purchased,2235-10-14 00:00:00
JUG_00165,STR_0005,returned_to_store,2235-12-21 00:00:00
JUG_00165,HUB_AURORA,washed,2235-12-25 00:00:00
JUG_00165,STR_0003,purchased,2236-01-11 00:00:00
JUG_00165,STR_0003,returned_to_store,2236-03-19 00:00:00
JUG_00165,HUB_AURORA,washed,2236-03-23 00:00:00
JUG_00165,STR_0016,purchased,2236-04-16 00:00:00
JUG_00165,STR_0016,returned_to_store,2236-07-18 00:00:00
JUG_00165,HUB_AURORA,washed,2236-07-23 00:00:00
JUG_00165,STR_0025,purchased,2236-07-31 00:00:00
JUG_00165,STR_0025,returned_to_store,2236-09-27 00:00:00
JUG_00165,HUB_AURORA,washed,2236-09-29 00:00:00
JUG_00165,STR_0023,purchased,2236-10-17 00:00:00
JUG_00165,STR_0023,returned_to_store,2237-01-06 00:00:00
JUG_00165,HUB_AURORA,washed,2237-01-09 00:00:00
JUG_00165,STR_0031,purchased,2237-01-22 00:00:00
JUG_00165,STR_0031,returned_to_store,2237-04-20 00:00:00
JUG_00165,HUB_AURORA,washed,2237-04-22 00:00:00
JUG_00165,STR_0032,purchased,2237-05-02 00:00:00
JUG_00165,STR_0032,returned_to_store,2237-07-18 00:00:00
JUG_00165,HUB_AURORA,washed,2237-07-22 00:00:00
JUG_00166,STR_0048,purchased,2237-08-05 00:00:00
JUG_00166,STR_0048,returned_to_store,2237-11-02 00:00:00
JUG_00166,HUB_AURORA,washed,2237-11-05 00:00:00
JUG_00166,STR_0003,purchased,2237-12-01 00:00:00
JUG_00166,UNKNOWN,lost_to_leakage,2238-02-19 00:00:00
JUG_00167,STR_0001,purchased,2238-03-10 00:00:00
JUG_00167,STR_0001,returned_to_store,2238-06-16 00:00:00
JUG_00167,HUB_AURORA,washed,2238-06-20 00:00:00
JUG_00167,STR_0006,purchased,2238-07-09 00:00:00
JUG_00167,STR_0006,returned_to_store,2238-10-05 00:00:00
JUG_00167,HUB_AURORA,washed,2238-10-09 00:00:00
JUG_00167,STR_0033,purchased,2238-11-03 00:00:00
JUG_00167,STR_0033,returned_to_store,2239-01-27 00:00:00
JUG_00167,HUB_AURORA,washed,2239-01-30 00:00:00
JUG_00167,STR_0024,purchased,2239-02-16 00:00:00
JUG_00167,UNKNOWN,lost_to_leakage,2239-04-29 00:00:00
JUG_00168,STR_0024,purchased,2239-05-14 00:00:00
JUG_00168,STR_0024,returned_to_store,2239-07-19 00:00:00
JUG_00168,HUB_AURORA,washed,2239-07-22 00:00:00
JUG_00168,STR_0034,purchased,2239-08-11 00:00:00
JUG_00168,STR_0034,returned_to_store,2239-10-11 00:00:00
JUG_00168,HUB_AURORA,washed,2239-10-15 00:00:00
JUG_00168,STR_0015,purchased,2239-11-13 00:00:00
JUG_00168,STR_0015,returned_to_store,2240-01-30 00:00:00
JUG_00168,HUB_AURORA,washed,2240-02-03 00:00:00
JUG_00168,STR_0015,purchased,2240-02-21 00:00:00
JUG_00168,STR_0015,returned_to_store,2240-05-22 00:00:00
JUG_00168,HUB_AURORA,washed,2240-05-27 00:00:00
JUG_00168,STR_0000,purchased,2240-06-21 00:00:00
JUG_00168,STR_0000,returned_to_store,2240-09-24 00:00:00
JUG_00168,HUB_AURORA,washed,2240-09-27 00:00:00
JUG_00169,STR_0008,purchased,2240-10-21 00:00:00
JUG_00169,STR_0008,returned_to_store,2240-12-16 00:00:00
JUG_00169,HUB_AURORA,washed,2240-12-18 00:00:00
JUG_00169,STR_0027,purchased,2241-01-15 00:00:00
JUG_00169,STR_0027,returned_to_store,2241-03-20 00:00:00
JUG_00169,HUB_AURORA,washed,2241-03-22 00:00:00
JUG_00169,STR_0011,purchased,2241-04-18 00:00:00
JUG_00169,STR_0011,returned_to_store,2241-07-21 00:00:00
JUG_00169,HUB_AURORA,washed,2241-07-23 00:00:00
JUG_00169,STR_0025,purchased,2241-08-13 00:00:00
JUG_00169,STR_0025,returned_to_store,2241-10-29 00:00:00
JUG_00169,HUB_AURORA,washed,2241-11-03 00:00:00
JUG_00170,STR_0028,purchased,2241-11-22 00:00:00
JUG_00170,STR_0028,returned_to_store,2242-01-30 00:00:00
JUG_00170,HUB_AURORA,washed,2242-02-03 00:00:00
JUG_00170,STR_0011,purchased,2242-02-13 00:00:00
JUG_00170,STR_0011,returned_to_store,2242-04-10 00:00:00
JUG_00170,HUB_AURORA,washed,2242-04-13 00:00:00
JUG_00170,STR_0040,purchased,2242-05-10 00:00:00
JUG_00170,STR_0040,returned_to_store,2242-07-31 00:00:00
JUG_00170,HUB_AURORA,washed,2242-08-04 00:00:00
JUG_00171,STR_0041,purchased,2242-08-17 00:00:00
JUG_00171,STR_0041,returned_to_store,2242-11-17 00:00:00
JUG_00171,HUB_AURORA,washed,2242-11-19 00:00:00
JUG_00171,STR_0006,purchased,2242-12-12 00:00:00
JUG_00171,STR_0006,returned_to_store,2243-03-08 00:00:00
JUG_00171,HUB_AURORA,washed,2243-03-13 00:00:00
JUG_00171,STR_0044,purchased,2243-04-02 00:00:00
JUG_00171,STR_0044,returned_to_store,2243-06-10 00:00:00
JUG_00171,HUB_AURORA,washed,2243-06-12 00:00:00
JUG_00171,STR_0013,purchased,2243-07-03 00:00:00
JUG_00171,STR_0013,returned_to_store,2243-10-06 00:00:00
JUG_00171,HUB_AURORA,washed,2243-10-08 00:00:00
JUG_00171,STR_0001,purchased,2243-10-24 00:00:00
JUG_00171,STR_0001,returned_to_store,2243-12-28 00:00:00
JUG_00171,HUB_AURORA,washed,2244-01-02 00:00:00
JUG_00171,STR_0017,purchased,2244-01-21 00:00:00
JUG_00171,STR_0017,returned_to_store,2244-03-30 00:00:00
JUG_00171,HUB_AURORA,washed,2244-04-01 00:00:00
JUG_00172,STR_0048,purchased,2244-05-01 00:00:00
JUG_00172,UNKNOWN,lost_to_leakage,2244-07-25 00:00:00
JUG_00173,STR_0038,purchased,2244-08-24 00:00:00
JUG_00173,STR_0038,returned_to_store,2244-11-04 00:00:00
JUG_00173,HUB_AURORA,washed,2244-11-08 00:00:00
JUG_00173,STR_0027,purchased,2244-11-26 00:00:00
JUG_00173,STR_0027,returned_to_store,2245-02-27 00:00:00
JUG_00173,HUB_AURORA,washed,2245-03-01 00:00:00
JUG_00173,STR_0000,purchased,2245-03-21 00:00:00
JUG_00173,STR_0000,returned_to_store,2245-06-05 00:00:00
JUG_00173,HUB_AURORA,washed,2245-06-08 00:00:00
JUG_00173,STR_0019,purchased,2245-06-22 00:00:00
JUG_00173,STR_0019,returned_to_store,2245-09-22 00:00:00
JUG_00173,HUB_AURORA,washed,2245-09-24 00:00:00
JUG_00174,STR_0007,purchased,2245-10-18 00:00:00
JUG_00174,STR_0007,returned_to_store,2245-12-23 00:00:00
JUG_00174,HUB_AURORA,washed,2245-12-28 00:00:00
JUG_00174,STR_0011,purchased,2246-01-27 00:00:00
JUG_00174,STR_0011,returned_to_store,2246-04-07 00:00:00
JUG_00174,HUB_AURORA,washed,2246-04-09 00:00:00
JUG_00174,STR_0006,purchased,2246-04-27 00:00:00
JUG_00174,UNKNOWN,lost_to_leakage,2246-07-11 00:00:00
JUG_00175,STR_0000,purchased,2246-08-03 00:00:00
JUG_00175,STR_0000,returned_to_store,2246-11-12 00:00:00
JUG_00175,HUB_AURORA,washed,2246-11-14 00:00:00
JUG_00175,STR_0016,purchased,2246-12-13 00:00:00
JUG_00175,STR_0016,returned_to_store,2247-03-16 00:00:00
JUG_00175,HUB_AURORA,washed,2247-03-20 00:00:00
JUG_00175,STR_0042,purchased,2247-04-17 00:00:00
JUG_00175,STR_0042,returned_to_store,2247-07-15 00:00:00
JUG_00175,HUB_AURORA,washed,2247-07-17 00:00:00
JUG_00175,STR_0001,purchased,2247-07-30 00:00:00
JUG_00175,STR_0001,returned_to_store,2247-10-04 00:00:00
JUG_00175,HUB_AURORA,washed,2247-10-07 00:00:00
JUG_00175,STR_0026,purchased,2247-11-03 00:00:00
JUG_00175,STR_0026,returned_to_store,2248-01-08 00:00:00
JUG_00175,HUB_AURORA,washed,2248-01-12 00:00:00
JUG_00175,STR_0022,purchased,2248-02-03 00:00:00
JUG_00175,STR_0022,returned_to_store,2248-04-23 00:00:00
JUG_00175,HUB_AURORA,washed,2248-04-26 00:00:00
JUG_00175,STR_0039,purchased,2248-05-26 00:00:00
JUG_00175,STR_0039,returned_to_store,2248-09-01 00:00:00
JUG_00175,HUB_AURORA,washed,2248-09-03 00:00:00
JUG_00175,STR_0001,purchased,2248-09-24 00:00:00
JUG_00175,STR_0001,returned_to_store,2248-12-11 00:00:00
JUG_00175,HUB_AURORA,washed,2248-12-16 00:00:00
JUG_00175,STR_0021,purchased,2249-01-14 00:00:00
JUG_00175,STR_0021,returned_to_store,2249-04-11 00:00:00
JUG_00175,HUB_AURORA,washed,2249-04-16 00:00:00
JUG_00175,STR_0030,purchased,2249-05-15 00:00:00
JUG_00175,STR_0030,returned_to_store,2249-07-25 00:00:00
JUG_00175,HUB_AURORA,washed,2249-07-29 00:00:00
JUG_00176,STR_0021,purchased,2249-08-20 00:00:00
JUG_00176,STR_0021,returned_to_store,2249-11-16 00:00:00
JUG_00176,HUB_AURORA,washed,2249-11-20 00:00:00
JUG_00176,STR_0024,purchased,2249-12-20 00:00:00
JUG_00176,STR_0024,returned_to_store,2250-03-20 00:00:00
JUG_00176,HUB_AURORA,washed,2250-03-25 00:00:00
JUG_00176,STR_0001,purchased,2250-04-17 00:00:00
JUG_00176,STR_0001,returned_to_store,2250-07-19 00:00:00
JUG_00176,HUB_AURORA,washed,2250-07-21 00:00:00
JUG_00176,STR_0006,purchased,2250-08-18 00:00:00
JUG_00176,STR_0006,returned_to_store,2250-10-18 00:00:00
JUG_00176,HUB_AURORA,washed,2250-10-22 00:00:00
JUG_00176,STR_0010,purchased,2250-11-01 00:00:00
JUG_00176,STR_0010,returned_to_store,2251-02-01 00:00:00
JUG_00176,HUB_AURORA,washed,2251-02-04 00:00:00
JUG_00176,STR_0043,purchased,2251-03-01 00:00:00
JUG_00176,STR_0043,returned_to_store,2251-05-09 00:00:00
JUG_00176,HUB_AURORA,washed,2251-05-14 00:00:00
JUG_00176,STR_0034,purchased,2251-05-24 00:00:00
JUG_00176,STR_0034,returned_to_store,2251-07-31 00:00:00
JUG_00176,HUB_AURORA,washed,2251-08-02 00:00:00
JUG_00176,STR_0003,purchased,2251-08-21 00:00:00
JUG_00176,STR_0003,returned_to_store,2251-11-14 00:00:00
JUG_00176,HUB_AURORA,washed,2251-11-18 00:00:00
JUG_00176,STR_0002,purchased,2251-11-26 00:00:00
JUG_00176,UNKNOWN,lost_to_leakage,2252-02-06 00:00:00
JUG_00177,STR_0033,purchased,2252-02-17 00:00:00
JUG_00177,STR_0033,returned_to_store,2252-04-27 00:00:00
JUG_00177,HUB_AURORA,washed,2252-05-02 00:00:00
JUG_00177,STR_0044,purchased,2252-05-27 00:00:00
JUG_00177,STR_0044,returned_to_store,2252-09-06 00:00:00
JUG_00177,HUB_AURORA,washed,2252-09-10 00:00:00
JUG_00177,STR_0039,purchased,2252-10-06 00:00:00
JUG_00177,UNKNOWN,lost_to_leakage,2252-12-21 00:00:00
JUG_00178,STR_0026,purchased,2253-01-12 00:00:00
JUG_00178,STR_0026,returned_to_store,2253-03-18 00:00:00
JUG_00178,HUB_AURORA,washed,2253-03-20 00:00:00
JUG_00178,STR_0028,purchased,2253-04-04 00:00:00
JUG_00178,STR_0028,returned_to_store,2253-06-05 00:00:00
JUG_00178,HUB_AURORA,washed,2253-06-07 00:00:00
JUG_00178,STR_0029,purchased,2253-06-23 00:00:00
JUG_00178,UNKNOWN,lost_to_leakage,2253-08-15 00:00:00
JUG_00179,STR_0025,purchased,2253-09-12 00:00:00
JUG_00179,STR_0025,returned_to_store,2253-12-09 00:00:00
JUG_00179,HUB_AURORA,washed,2253-12-14 00:00:00
JUG_00179,STR_0019,purchased,2254-01-10 00:00:00
JUG_00179,STR_0019,returned_to_store,2254-03-12 00:00:00
JUG_00179,HUB_AURORA,washed,2254-03-17 00:00:00
JUG_00179,STR_0046,purchased,2254-03-26 00:00:00
JUG_00179,STR_0046,returned_to_store,2254-06-07 00:00:00
JUG_00179,HUB_AURORA,washed,2254-06-11 00:00:00
JUG_00179,STR_0046,purchased,2254-06-26 00:00:00
JUG_00179,UNKNOWN,lost_to_leakage,2254-08-25 00:00:00
JUG_00180,STR_0045,purchased,2254-09-14 00:00:00
JUG_00180,STR_0045,returned_to_store,2254-11-30 00:00:00
JUG_00180,HUB_AURORA,washed,2254-12-02 00:00:00
JUG_00180,STR_0019,purchased,2254-12-28 00:00:00
JUG_00180,STR_0019,returned_to_store,2255-04-03 00:00:00
JUG_00180,HUB_AURORA,washed,2255-04-06 00:00:00
JUG_00180,STR_0000,purchased,2255-05-05 00:00:00
JUG_00180,STR_0000,returned_to_store,2255-08-08 00:00:00
JUG_00180,HUB_AURORA,washed,2255-08-12 00:00:00
JUG_00180,STR_0027,purchased,2255-08-26 00:00:00
JUG_00180,STR_0027,returned_to_store,2255-11-03 00:00:00
JUG_00180,HUB_AURORA,washed,2255-11-06 00:00:00
JUG_00180,STR_0043,purchased,2255-11-14 00:00:00
JUG_00180,STR_0043,returned_to_store,2256-02-12 00:00:00
JUG_00180,HUB_AURORA,washed,2256-02-14 00:00:00
JUG_00180,STR_0001,purchased,2256-02-24 00:00:00
JUG_00180,STR_0001,returned_to_store,2256-04-22 00:00:00
JUG_00180,HUB_AURORA,washed,2256-04-26 00:00:00
JUG_00181,STR_0008,purchased,2256-05-15 00:00:00
JUG_00181,STR_0008,returned_to_store,2256-08-11 00:00:00
JUG_00181,HUB_AURORA,washed,2256-08-15 00:00:00
JUG_00181,STR_0016,purchased,2256-09-06 00:00:00
JUG_00181,STR_0016,returned_to_store,2256-11-07 00:00:00
JUG_00181,HUB_AURORA,washed,2256-11-11 00:00:00
JUG_00181,STR_0014,purchased,2256-12-01 00:00:00
JUG_00181,STR_0014,returned_to_store,2257-02-05 00:00:00
JUG_00181,HUB_AURORA,washed,2257-02-10 00:00:00
JUG_00181,STR_0008,purchased,2257-02-21 00:00:00
JUG_00181,STR_0008,returned_to_store,2257-06-03 00:00:00
JUG_00181,HUB_AURORA,washed,2257-06-08 00:00:00
JUG_00181,STR_0029,purchased,2257-07-02 00:00:00
JUG_00181,STR_0029,returned_to_store,2257-09-01 00:00:00
JUG_00181,HUB_AURORA,washed,2257-09-03 00:00:00
JUG_00181,STR_0034,purchased,2257-09-27 00:00:00
JUG_00181,STR_0034,returned_to_store,2257-12-11 00:00:00
JUG_00181,HUB_AURORA,washed,2257-12-15 00:00:00
JUG_00182,STR_0009,purchased,2257-12-27 00:00:00
JUG_00182,STR_0009,returned_to_store,2258-03-04 00:00:00
JUG_00182,HUB_AURORA,washed,2258-03-06 00:00:00
JUG_00182,STR_0010,purchased,2258-03-29 00:00:00
JUG_00182,STR_0010,returned_to_store,2258-06-07 00:00:00
JUG_00182,HUB_AURORA,washed,2258-06-09 00:00:00
JUG_00182,STR_0039,purchased,2258-07-06 00:00:00
JUG_00182,UNKNOWN,lost_to_leakage,2258-09-23 00:00:00
JUG_00183,STR_0013,purchased,2258-10-07 00:00:00
JUG_00183,STR_0013,returned_to_store,2258-12-04 00:00:00
JUG_00183,HUB_AURORA,washed,2258-12-06 00:00:00
JUG_00183,STR_0008,purchased,2258-12-24 00:00:00
JUG_00183,STR_0008,returned_to_store,2259-02-14 00:00:00
JUG_00183,HUB_AURORA,washed,2259-02-18 00:00:00
JUG_00183,STR_0012,purchased,2259-03-17 00:00:00
JUG_00183,STR_0012,returned_to_store,2259-05-22 00:00:00
JUG_00183,HUB_AURORA,washed,2259-05-24 00:00:00
JUG_00184,STR_0000,purchased,2259-06-18 00:00:00
JUG_00184,STR_0000,returned_to_store,2259-09-19 00:00:00
JUG_00184,HUB_AURORA,washed,2259-09-21 00:00:00
JUG_00184,STR_0030,purchased,2259-09-29 00:00:00
JUG_00184,STR_0030,returned_to_store,2259-11-25 00:00:00
JUG_00184,HUB_AURORA,washed,2259-11-28 00:00:00
JUG_00184,STR_0006,purchased,2259-12-09 00:00:00
JUG_00184,STR_0006,returned_to_store,2260-03-22 00:00:00
JUG_00184,HUB_AURORA,washed,2260-03-27 00:00:00
JUG_00184,STR_0015,purchased,2260-04-22 00:00:00
JUG_00184,STR_0015,returned_to_store,2260-07-11 00:00:00
JUG_00184,HUB_AURORA,washed,2260-07-13 00:00:00
JUG_00184,STR_0031,purchased,2260-07-23 00:00:00
JUG_00184,STR_0031,returned_to_store,2260-10-20 00:00:00
JUG_00184,HUB_AURORA,washed,2260-10-24 00:00:00
JUG_00184,STR_0007,purchased,2260-11-14 00:00:00
JUG_00184,STR_0007,returned_to_store,2261-02-08 00:00:00
JUG_00184,HUB_AURORA,washed,2261-02-10 00:00:00
JUG_00184,STR_0041,purchased,2261-03-03 00:00:00
JUG_00184,STR_0041,returned_to_store,2261-05-27 00:00:00
JUG_00184,HUB_AURORA,washed,2261-05-29 00:00:00
JUG_00185,STR_0026,purchased,2261-06-25 00:00:00
JUG_00185,STR_0026,returned_to_store,2261-08-27 00:00:00
JUG_00185,HUB_AURORA,washed,2261-08-30 00:00:00
JUG_00185,STR_0002,purchased,2261-09-29 00:00:00
JUG_00185,STR_0002,returned_to_store,2261-12-09 00:00:00
JUG_00185,HUB_AURORA,washed,2261-12-13 00:00:00
JUG_00185,STR_0010,purchased,2262-01-10 00:00:00
JUG_00185,STR_0010,returned_to_store,2262-03-27 00:00:00
JUG_00185,HUB_AURORA,washed,2262-03-29 00:00:00
JUG_00185,STR_0030,purchased,2262-04-06 00:00:00
JUG_00185,STR_0030,returned_to_store,2262-06-20 00:00:00
JUG_00185,HUB_AURORA,washed,2262-06-22 00:00:00
JUG_00185,STR_0031,purchased,2262-07-02 00:00:00
JUG_00185,STR_0031,returned_to_store,2262-09-11 00:00:00
JUG_00185,HUB_AURORA,washed,2262-09-13 00:00:00
JUG_00185,STR_0010,purchased,2262-10-01 00:00:00
JUG_00185,STR_0010,returned_to_store,2262-12-09 00:00:00
JUG_00185,HUB_AURORA,washed,2262-12-13 00:00:00
JUG_00186,STR_0020,purchased,2263-01-04 00:00:00
JUG_00186,STR_0020,returned_to_store,2263-03-30 00:00:00
JUG_00186,HUB_AURORA,washed,2263-04-03 00:00:00
JUG_00186,STR_0011,purchased,2263-04-23 00:00:00
JUG_00186,STR_0011,returned_to_store,2263-07-31 00:00:00
JUG_00186,HUB_AURORA,washed,2263-08-03 00:00:00
JUG_00186,STR_0023,purchased,2263-08-20 00:00:00
JUG_00186,STR_0023,returned_to_store,2263-10-27 00:00:00
JUG_00186,HUB_AURORA,washed,2263-10-29 00:00:00
JUG_00186,STR_0035,purchased,2263-11-28 00:00:00
JUG_00186,STR_0035,returned_to_store,2264-02-06 00:00:00
JUG_00186,HUB_AURORA,washed,2264-02-10 00:00:00
JUG_00186,STR_0007,purchased,2264-02-17 00:00:00
JUG_00186,STR_0007,returned_to_store,2264-04-27 00:00:00
JUG_00186,HUB_AURORA,washed,2264-05-02 00:00:00
JUG_00186,STR_0033,purchased,2264-05-30 00:00:00
JUG_00186,STR_0033,returned_to_store,2264-08-13 00:00:00
JUG_00186,HUB_AURORA,washed,2264-08-17 00:00:00
JUG_00186,STR_0046,purchased,2264-09-10 00:00:00
JUG_00186,STR_0046,returned_to_store,2264-11-01 00:00:00
JUG_00186,HUB_AURORA,washed,2264-11-06 00:00:00
JUG_00186,STR_0049,purchased,2264-12-01 00:00:00
JUG_00186,STR_0049,returned_to_store,2265-01-27 00:00:00
JUG_00186,HUB_AURORA,washed,2265-01-31 00:00:00
JUG_00186,STR_0011,purchased,2265-02-23 00:00:00
JUG_00186,STR_0011,returned_to_store,2265-06-02 00:00:00
JUG_00186,HUB_AURORA,washed,2265-06-04 00:00:00
JUG_00186,STR_0042,purchased,2265-07-02 00:00:00
JUG_00186,STR_0042,returned_to_store,2265-09-08 00:00:00
JUG_00186,HUB_AURORA,washed,2265-09-11 00:00:00
JUG_00187,STR_0012,purchased,2265-09-18 00:00:00
JUG_00187,STR_0012,returned_to_store,2265-11-22 00:00:00
JUG_00187,HUB_AURORA,washed,2265-11-24 00:00:00
JUG_00187,STR_0020,purchased,2265-12-17 00:00:00
JUG_00187,STR_0020,returned_to_store,2266-02-28 00:00:00
JUG_00187,HUB_AURORA,washed,2266-03-04 00:00:00
JUG_00187,STR_0016,purchased,2266-03-21 00:00:00
JUG_00187,STR_0016,returned_to_store,2266-06-05 00:00:00
JUG_00187,HUB_AURORA,washed,2266-06-08 00:00:00
JUG_00187,STR_0021,purchased,2266-06-23 00:00:00
JUG_00187,STR_0021,returned_to_store,2266-08-19 00:00:00
JUG_00187,HUB_AURORA,washed,2266-08-21 00:00:00
JUG_00187,STR_0018,purchased,2266-09-07 00:00:00
JUG_00187,UNKNOWN,lost_to_leakage,2266-11-17 00:00:00
JUG_00188,STR_0025,purchased,2266-12-12 00:00:00
JUG_00188,STR_0025,returned_to_store,2267-03-17 00:00:00
JUG_00188,HUB_AURORA,washed,2267-03-20 00:00:00
JUG_00188,STR_0022,purchased,2267-04-11 00:00:00
JUG_00188,STR_0022,returned_to_store,2267-07-05 00:00:00
JUG_00188,HUB_AURORA,washed,2267-07-10 00:00:00
JUG_00188,STR_0019,purchased,2267-08-09 00:00:00
JUG_00188,STR_0019,returned_to_store,2267-10-25 00:00:00
JUG_00188,HUB_AURORA,washed,2267-10-27 00:00:00
JUG_00188,STR_0047,purchased,2267-11-10 00:00:00
JUG_00188,STR_0047,returned_to_store,2268-01-24 00:00:00
JUG_00188,HUB_AURORA,washed,2268-01-29 00:00:00
JUG_00188,STR_0014,purchased,2268-02-14 00:00:00
JUG_00188,STR_0014,returned_to_store,2268-04-20 00:00:00
JUG_00188,HUB_AURORA,washed,2268-04-23 00:00:00
JUG_00188,STR_0010,purchased,2268-05-22 00:00:00
JUG_00188,UNKNOWN,lost_to_leakage,2268-07-23 00:00:00
JUG_00189,STR_0017,purchased,2268-08-21 00:00:00
JUG_00189,STR_0017,returned_to_store,2268-11-21 00:00:00
JUG_00189,HUB_AURORA,washed,2268-11-23 00:00:00
JUG_00189,STR_0011,purchased,2268-12-19 00:00:00
JUG_00189,UNKNOWN,lost_to_leakage,2269-02-28 00:00:00
JUG_00190,STR_0047,purchased,2269-03-26 00:00:00
JUG_00190,STR_0047,returned_to_store,2269-06-02 00:00:00
JUG_00190,HUB_AURORA,washed,2269-06-06 00:00:00
JUG_00190,STR_0032,purchased,2269-06-26 00:00:00
JUG_00190,STR_0032,returned_to_store,2269-09-09 00:00:00
JUG_00190,HUB_AURORA,washed,2269-09-14 00:00:00
JUG_00190,STR_0011,purchased,2269-09-23 00:00:00
JUG_00190,STR_0011,returned_to_store,2269-11-26 00:00:00
JUG_00190,HUB_AURORA,washed,2269-11-30 00:00:00
JUG_00190,STR_0008,purchased,2269-12-23 00:00:00
JUG_00190,STR_0008,returned_to_store,2270-03-13 00:00:00
JUG_00190,HUB_AURORA,washed,2270-03-17 00:00:00
JUG_00190,STR_0004,purchased,2270-04-09 00:00:00
JUG_00190,STR_0004,returned_to_store,2270-07-08 00:00:00
JUG_00190,HUB_AURORA,washed,2270-07-11 00:00:00
JUG_00190,STR_0024,purchased,2270-08-04 00:00:00
JUG_00190,STR_0024,returned_to_store,2270-10-21 00:00:00
JUG_00190,HUB_AURORA,washed,2270-10-24 00:00:00
JUG_00190,STR_0045,purchased,2270-11-10 00:00:00
JUG_00190,STR_0045,returned_to_store,2271-02-12 00:00:00
JUG_00190,HUB_AURORA,washed,2271-02-14 00:00:00
JUG_00190,STR_0016,purchased,2271-03-04 00:00:00
JUG_00190,STR_0016,returned_to_store,2271-05-22 00:00:00
JUG_00190,HUB_AURORA,washed,2271-05-25 00:00:00
JUG_00190,STR_0030,purchased,2271-06-23 00:00:00
JUG_00190,STR_0030,returned_to_store,2271-08-26 00:00:00
JUG_00190,HUB_AURORA,washed,2271-08-31 00:00:00
JUG_00191,STR_0037,purchased,2271-09-08 00:00:00
JUG_00191,STR_0037,returned_to_store,2271-12-04 00:00:00
JUG_00191,HUB_AURORA,washed,2271-12-06 00:00:00
JUG_00191,STR_0040,purchased,2272-01-03 00:00:00
JUG_00191,STR_0040,returned_to_store,2272-03-05 00:00:00
JUG_00191,HUB_AURORA,washed,2272-03-08 00:00:00
JUG_00191,STR_0005,purchased,2272-03-24 00:00:00
JUG_00191,STR_0005,returned_to_store,2272-06-13 00:00:00
JUG_00191,HUB_AURORA,washed,2272-06-17 00:00:00
JUG_00191,STR_0014,purchased,2272-07-08 00:00:00
JUG_00191,STR_0014,returned_to_store,2272-10-06 00:00:00
JUG_00191,HUB_AURORA,washed,2272-10-09 00:00:00
JUG_00191,STR_0023,purchased,2272-10-20 00:00:00
JUG_00191,STR_0023,returned_to_store,2273-01-07 00:00:00
JUG_00191,HUB_AURORA,washed,2273-01-09 00:00:00
JUG_00192,STR_0000,purchased,2273-01-24 00:00:00
JUG_00192,STR_0000,returned_to_store,2273-04-23 00:00:00
JUG_00192,HUB_AURORA,washed,2273-04-27 00:00:00
JUG_00192,STR_0036,purchased,2273-05-26 00:00:00
JUG_00192,STR_0036,returned_to_store,2273-08-06 00:00:00
JUG_00192,HUB_AURORA,washed,2273-08-11 00:00:00
JUG_00192,STR_0015,purchased,2273-08-27 00:00:00
JUG_00192,STR_0015,returned_to_store,2273-11-21 00:00:00
JUG_00192,HUB_AURORA,washed,2273-11-24 00:00:00
JUG_00192,STR_0018,purchased,2273-12-16 00:00:00
JUG_00192,STR_0018,returned_to_store,2274-02-19 00:00:00
JUG_00192,HUB_AURORA,washed,2274-02-23 00:00:00
JUG_00192,STR_0029,purchased,2274-03-23 00:00:00
JUG_00192,STR_0029,returned_to_store,2274-07-05 00:00:00
JUG_00192,HUB_AURORA,washed,2274-07-07 00:00:00
JUG_00193,STR_0049,purchased,2274-07-16 00:00:00
JUG_00193,STR_0049,returned_to_store,2274-09-19 00:00:00
JUG_00193,HUB_AURORA,washed,2274-09-24 00:00:00
JUG_00193,STR_0032,purchased,2274-10-06 00:00:00
JUG_00193,STR_0032,returned_to_store,2274-12-23 00:00:00
JUG_00193,HUB_AURORA,washed,2274-12-25 00:00:00
JUG_00193,STR_0005,purchased,2275-01-10 00:00:00
JUG_00193,STR_0005,returned_to_store,2275-04-20 00:00:00
JUG_00193,HUB_AURORA,washed,2275-04-23 00:00:00
JUG_00193,STR_0019,purchased,2275-05-05 00:00:00
JUG_00193,UNKNOWN,lost_to_leakage,2275-07-21 00:00:00
JUG_00194,STR_0047,purchased,2275-08-13 00:00:00
JUG_00194,STR_0047,returned_to_store,2275-10-19 00:00:00
JUG_00194,HUB_AURORA,washed,2275-10-24 00:00:00
JUG_00194,STR_0031,purchased,2275-11-22 00:00:00
JUG_00194,STR_0031,returned_to_store,2276-01-27 00:00:00
JUG_00194,HUB_AURORA,washed,2276-01-30 00:00:00
JUG_00194,STR_0038,purchased,2276-02-07 00:00:00
JUG_00194,STR_0038,returned_to_store,2276-04-05 00:00:00
JUG_00194,HUB_AURORA,washed,2276-04-07 00:00:00
JUG_00194,STR_0039,purchased,2276-04-16 00:00:00
JUG_00194,STR_0039,returned_to_store,2276-07-03 00:00:00
JUG_00194,HUB_AURORA,washed,2276-07-08 00:00:00
JUG_00194,STR_0021,purchased,2276-08-06 00:00:00
JUG_00194,STR_0021,returned_to_store,2276-10-06 00:00:00
JUG_00194,HUB_AURORA,washed,2276-10-09 00:00:00
JUG_00194,STR_0007,purchased,2276-10-17 00:00:00
JUG_00194,STR_0007,returned_to_store,2276-12-20 00:00:00
JUG_00194,HUB_AURORA,washed,2276-12-23 00:00:00
JUG_00194,STR_0015,purchased,2276-12-30 00:00:00
JUG_00194,STR_0015,returned_to_store,2277-02-23 00:00:00
JUG_00194,HUB_AURORA,washed,2277-02-26 00:00:00
JUG_00194,STR_0035,purchased,2277-03-25 00:00:00
JUG_00194,STR_0035,returned_to_store,2277-06-04 00:00:00
JUG_00194,HUB_AURORA,washed,2277-06-06 00:00:00
JUG_00195,STR_0013,purchased,2277-06-21 00:00:00
JUG_00195,STR_0013,returned_to_store,2277-08-27 00:00:00
JUG_00195,HUB_AURORA,washed,2277-09-01 00:00:00
JUG_00195,STR_0021,purchased,2277-09-09 00:00:00
JUG_00195,STR_0021,returned_to_store,2277-11-28 00:00:00
JUG_00195,HUB_AURORA,washed,2277-12-02 00:00:00
JUG_00195,STR_0044,purchased,2277-12-25 00:00:00
JUG_00195,STR_0044,returned_to_store,2278-02-23 00:00:00
JUG_00195,HUB_AURORA,washed,2278-02-27 00:00:00
JUG_00195,STR_0022,purchased,2278-03-08 00:00:00
JUG_00195,STR_0022,returned_to_store,2278-06-16 00:00:00
JUG_00195,HUB_AURORA,washed,2278-06-18 00:00:00
JUG_00195,STR_0004,purchased,2278-07-12 00:00:00
JUG_00195,STR_0004,returned_to_store,2278-09-03 00:00:00
JUG_00195,HUB_AURORA,washed,2278-09-05 00:00:00
JUG_00195,STR_0037,purchased,2278-10-05 00:00:00
JUG_00195,STR_0037,returned_to_store,2278-12-27 00:00:00
JUG_00195,HUB_AURORA,washed,2279-01-01 00:00:00
JUG_00196,STR_0043,purchased,2279-01-18 00:00:00
JUG_00196,STR_0043,returned_to_store,2279-04-04 00:00:00
JUG_00196,HUB_AURORA,washed,2279-04-07 00:00:00
JUG_00196,STR_0031,purchased,2279-05-02 00:00:00
JUG_00196,STR_0031,returned_to_store,2279-07-11 00:00:00
JUG_00196,HUB_AURORA,washed,2279-07-13 00:00:00
JUG_00196,STR_0040,purchased,2279-08-03 00:00:00
JUG_00196,STR_0040,returned_to_store,2279-11-10 00:00:00
JUG_00196,HUB_AURORA,washed,2279-11-15 00:00:00
JUG_00196,STR_0010,purchased,2279-11-30 00:00:00
JUG_00196,STR_0010,returned_to_store,2280-02-06 00:00:00
JUG_00196,HUB_AURORA,washed,2280-02-09 00:00:00
JUG_00196,STR_0045,purchased,2280-03-03 00:00:00
JUG_00196,STR_0045,returned_to_store,2280-05-22 00:00:00
JUG_00196,HUB_AURORA,washed,2280-05-25 00:00:00
JUG_00196,STR_0020,purchased,2280-06-14 00:00:00
JUG_00196,STR_0020,returned_to_store,2280-08-26 00:00:00
JUG_00196,HUB_AURORA,washed,2280-08-29 00:00:00
JUG_00196,STR_0028,purchased,2280-09-19 00:00:00
JUG_00196,UNKNOWN,lost_to_leakage,2280-12-27 00:00:00
JUG_00197,STR_0003,purchased,2281-01-04 00:00:00
JUG_00197,STR_0003,returned_to_store,2281-04-12 00:00:00
JUG_00197,HUB_AURORA,washed,2281-04-16 00:00:00
JUG_00197,STR_0029,purchased,2281-04-26 00:00:00
JUG_00197,STR_0029,returned_to_store,2281-07-07 00:00:00
JUG_00197,HUB_AURORA,washed,2281-07-09 00:00:00
JUG_00197,STR_0047,purchased,2281-07-25 00:00:00
JUG_00197,STR_0047,returned_to_store,2281-09-25 00:00:00
JUG_00197,HUB_AURORA,washed,2281-09-28 00:00:00
JUG_00197,STR_0049,purchased,2281-10-06 00:00:00
JUG_00197,STR_0049,returned_to_store,2281-12-13 00:00:00
JUG_00197,HUB_AURORA,washed,2281-12-18 00:00:00
JUG_00197,STR_0040,purchased,2282-01-17 00:00:00
JUG_00197,STR_0040,returned_to_store,2282-04-09 00:00:00
JUG_00197,HUB_AURORA,washed,2282-04-11 00:00:00
JUG_00197,STR_0015,purchased,2282-05-07 00:00:00
JUG_00197,UNKNOWN,lost_to_leakage,2282-08-02 00:00:00
JUG_00198,STR_0041,purchased,2282-08-24 00:00:00
JUG_00198,STR_0041,returned_to_store,2282-10-24 00:00:00
JUG_00198,HUB_AURORA,washed,2282-10-28 00:00:00
JUG_00198,STR_0012,purchased,2282-11-25 00:00:00
JUG_00198,UNKNOWN,lost_to_leakage,2283-01-23 00:00:00
JUG_00199,STR_0009,purchased,2283-02-03 00:00:00
JUG_00199,STR_0009,returned_to_store,2283-04-24 00:00:00
JUG_00199,HUB_AURORA,washed,2283-04-26 00:00:00
JUG_00199,STR_0000,purchased,2283-05-06 00:00:00
JUG_00199,STR_0000,returned_to_store,2283-07-17 00:00:00
JUG_00199,HUB_AURORA,washed,2283-07-21 00:00:00
JUG_00199,STR_0013,purchased,2283-08-14 00:00:00
JUG_00199,STR_0013,returned_to_store,2283-10-14 00:00:00
JUG_00199,HUB_AURORA,washed,2283-10-18 00:00:00
JUG_00199,STR_0045,purchased,2283-11-10 00:00:00
JUG_00199,STR_0045,returned_to_store,2284-01-27 00:00:00
JUG_00199,HUB_AURORA,washed,2284-01-31 00:00:00
JUG_00199,STR_0042,purchased,2284-02-17 00:00:00
JUG_00199,UNKNOWN,lost_to_leakage,2284-05-11 00:00:00
JUG_00200,STR_0032,purchased,2284-06-05 00:00:00
JUG_00200,STR_0032,returned_to_store,2284-08-31 00:00:00
JUG_00200,HUB_AURORA,washed,2284-09-05 00:00:00
JUG_00200,STR_0040,purchased,2284-09-15 00:00:00
JUG_00200,STR_0040,returned_to_store,2284-12-09 00:00:00
JUG_00200,HUB_AURORA,washed,2284-12-14 00:00:00
JUG_00200,STR_0005,purchased,2285-01-08 00:00:00
JUG_00200,STR_0005,returned_to_store,2285-04-16 00:00:00
JUG_00200,HUB_AURORA,washed,2285-04-18 00:00:00
JUG_00200,STR_0048,purchased,2285-05-06 00:00:00
JUG_00200,STR_0048,returned_to_store,2285-08-04 00:00:00
JUG_00200,HUB_AURORA,washed,2285-08-09 00:00:00
JUG_00201,STR_0049,purchased,2285-08-26 00:00:00
JUG_00201,STR_0049,returned_to_store,2285-11-06 00:00:00
JUG_00201,HUB_AURORA,washed,2285-11-09 00:00:00
JUG_00201,STR_0045,purchased,2285-11-16 00:00:00
JUG_00201,STR_0045,returned_to_store,2286-01-08 00:00:00
JUG_00201,HUB_AURORA,washed,2286-01-11 00:00:00
JUG_00201,STR_0048,purchased,2286-01-26 00:00:00
JUG_00201,STR_0048,returned_to_store,2286-05-08 00:00:00
JUG_00201,HUB_AURORA,washed,2286-05-12 00:00:00
JUG_00201,STR_0004,purchased,2286-06-02 00:00:00
JUG_00201,STR_0004,returned_to_store,2286-08-18 00:00:00
JUG_00201,HUB_AURORA,washed,2286-08-20 00:00:00
JUG_00201,STR_0042,purchased,2286-08-31 00:00:00
JUG_00201,STR_0042,returned_to_store,2286-10-29 00:00:00
JUG_00201,HUB_AURORA,washed,2286-11-01 00:00:00
JUG_00201,STR_0008,purchased,2286-11-26 00:00:00
JUG_00201,STR_0008,returned_to_store,2287-02-01 00:00:00
JUG_00201,HUB_AURORA,washed,2287-02-05 00:00:00
JUG_00201,STR_0016,purchased,2287-03-01 00:00:00
JUG_00201,UNKNOWN,lost_to_leakage,2287-05-21 00:00:00
JUG_00202,STR_0021,purchased,2287-05-30 00:00:00
JUG_00202,STR_0021,returned_to_store,2287-08-26 00:00:00
JUG_00202,HUB_AURORA,washed,2287-08-30 00:00:00
JUG_00202,STR_0031,purchased,2287-09-15 00:00:00
JUG_00202,STR_0031,returned_to_store,2287-12-18 00:00:00
JUG_00202,HUB_AURORA,washed,2287-12-22 00:00:00
JUG_00202,STR_0002,purchased,2288-01-12 00:00:00
JUG_00202,UNKNOWN,lost_to_leakage,2288-03-04 00:00:00
JUG_00203,STR_0048,purchased,2288-03-30 00:00:00
JUG_00203,STR_0048,returned_to_store,2288-06-09 00:00:00
JUG_00203,HUB_AURORA,washed,2288-06-14 00:00:00
JUG_00203,STR_0041,purchased,2288-06-23 00:00:00
JUG_00203,STR_0041,returned_to_store,2288-08-22 00:00:00
JUG_00203,HUB_AURORA,washed,2288-08-25 00:00:00
JUG_00203,STR_0004,purchased,2288-09-07 00:00:00
JUG_00203,STR_0004,returned_to_store,2288-12-09 00:00:00
JUG_00203,HUB_AURORA,washed,2288-12-11 00:00:00
JUG_00204,STR_0032,purchased,2289-01-06 00:00:00
JUG_00204,STR_0032,returned_to_store,2289-04-10 00:00:00
JUG_00204,HUB_AURORA,washed,2289-04-14 00:00:00
JUG_00204,STR_0043,purchased,2289-05-10 00:00:00
JUG_00204,STR_0043,returned_to_store,2289-07-22 00:00:00
JUG_00204,HUB_AURORA,washed,2289-07-24 00:00:00
JUG_00204,STR_0011,purchased,2289-08-05 00:00:00
JUG_00204,STR_0011,returned_to_store,2289-10-25 00:00:00
JUG_00204,HUB_AURORA,washed,2289-10-28 00:00:00
JUG_00204,STR_0002,purchased,2289-11-08 00:00:00
JUG_00204,STR_0002,returned_to_store,2290-02-11 00:00:00
JUG_00204,HUB_AURORA,washed,2290-02-14 00:00:00
JUG_00204,STR_0010,purchased,2290-03-10 00:00:00
JUG_00204,STR_0010,returned_to_store,2290-05-31 00:00:00
JUG_00204,HUB_AURORA,washed,2290-06-04 00:00:00
JUG_00204,STR_0025,purchased,2290-06-24 00:00:00
JUG_00204,STR_0025,returned_to_store,2290-09-26 00:00:00
JUG_00204,HUB_AURORA,washed,2290-09-29 00:00:00
JUG_00204,STR_0020,purchased,2290-10-14 00:00:00
JUG_00204,STR_0020,returned_to_store,2290-12-11 00:00:00
JUG_00204,HUB_AURORA,washed,2290-12-14 00:00:00
JUG_00204,STR_0031,purchased,2290-12-22 00:00:00
JUG_00204,STR_0031,returned_to_store,2291-02-19 00:00:00
JUG_00204,HUB_AURORA,washed,2291-02-22 00:00:00
JUG_00204,STR_0031,purchased,2291-03-09 00:00:00
JUG_00204,STR_0031,returned_to_store,2291-04-27 00:00:00
JUG_00204,HUB_AURORA,washed,2291-05-02 00:00:00
JUG_00204,STR_0021,purchased,2291-05-18 00:00:00
JUG_00204,STR_0021,returned_to_store,2291-08-01 00:00:00
JUG_00204,HUB_AURORA,washed,2291-08-03 00:00:00
JUG_00205,STR_0042,purchased,2291-08-30 00:00:00
JUG_00205,STR_0042,returned_to_store,2291-11-01 00:00:00
JUG_00205,HUB_AURORA,washed,2291-11-04 00:00:00
JUG_00205,STR_0038,purchased,2291-12-04 00:00:00
JUG_00205,STR_0038,returned_to_store,2292-02-08 00:00:00
JUG_00205,HUB_AURORA,washed,2292-02-12 00:00:00
JUG_00205,STR_0005,purchased,2292-03-10 00:00:00
JUG_00205,STR_0005,returned_to_store,2292-06-22 00:00:00
JUG_00205,HUB_AURORA,washed,2292-06-25 00:00:00
JUG_00206,STR_0043,purchased,2292-07-18 00:00:00
JUG_00206,STR_0043,returned_to_store,2292-10-18 00:00:00
JUG_00206,HUB_AURORA,washed,2292-10-20 00:00:00
JUG_00206,STR_0046,purchased,2292-11-13 00:00:00
JUG_00206,STR_0046,returned_to_store,2293-02-06 00:00:00
JUG_00206,HUB_AURORA,washed,2293-02-11 00:00:00
JUG_00206,STR_0020,purchased,2293-03-06 00:00:00
JUG_00206,UNKNOWN,lost_to_leakage,2293-05-17 00:00:00
JUG_00207,STR_0040,purchased,2293-05-29 00:00:00
JUG_00207,STR_0040,returned_to_store,2293-08-17 00:00:00
JUG_00207,HUB_AURORA,washed,2293-08-20 00:00:00
JUG_00207,STR_0036,purchased,2293-09-17 00:00:00
JUG_00207,STR_0036,returned_to_store,2293-12-18 00:00:00
JUG_00207,HUB_AURORA,washed,2293-12-22 00:00:00
JUG_00207,STR_0001,purchased,2294-01-21 00:00:00
JUG_00207,STR_0001,returned_to_store,2294-03-23 00:00:00
JUG_00207,HUB_AURORA,washed,2294-03-28 00:00:00
JUG_00208,STR_0038,purchased,2294-04-24 00:00:00
JUG_00208,STR_0038,returned_to_store,2294-07-19 00:00:00
JUG_00208,HUB_AURORA,washed,2294-07-24 00:00:00
JUG_00208,STR_0006,purchased,2294-08-05 00:00:00
JUG_00208,STR_0006,returned_to_store,2294-10-09 00:00:00
JUG_00208,HUB_AURORA,washed,2294-10-11 00:00:00
JUG_00208,STR_0017,purchased,2294-10-18 00:00:00
JUG_00208,STR_0017,returned_to_store,2294-12-24 00:00:00
JUG_00208,HUB_AURORA,washed,2294-12-29 00:00:00
JUG_00208,STR_0009,purchased,2295-01-17 00:00:00
JUG_00208,STR_0009,returned_to_store,2295-03-10 00:00:00
JUG_00208,HUB_AURORA,washed,2295-03-12 00:00:00
JUG_00208,STR_0031,purchased,2295-03-30 00:00:00
JUG_00208,STR_0031,returned_to_store,2295-06-21 00:00:00
JUG_00208,HUB_AURORA,washed,2295-06-25 00:00:00
JUG_00209,STR_0011,purchased,2295-07-21 00:00:00
JUG_00209,STR_0011,returned_to_store,2295-10-16 00:00:00
JUG_00209,HUB_AURORA,washed,2295-10-20 00:00:00
JUG_00209,STR_0030,purchased,2295-10-31 00:00:00
JUG_00209,UNKNOWN,lost_to_leakage,2295-12-23 00:00:00
JUG_00210,STR_0013,purchased,2296-01-10 00:00:00
JUG_00210,STR_0013,returned_to_store,2296-04-06 00:00:00
JUG_00210,HUB_AURORA,washed,2296-04-08 00:00:00
JUG_00210,STR_0000,purchased,2296-05-03 00:00:00
JUG_00210,STR_0000,returned_to_store,2296-07-09 00:00:00
JUG_00210,HUB_AURORA,washed,2296-07-11 00:00:00
JUG_00210,STR_0040,purchased,2296-08-01 00:00:00
JUG_00210,STR_0040,returned_to_store,2296-10-01 00:00:00
JUG_00210,HUB_AURORA,washed,2296-10-03 00:00:00
JUG_00210,STR_0035,purchased,2296-10-28 00:00:00
JUG_00210,STR_0035,returned_to_store,2296-12-28 00:00:00
JUG_00210,HUB_AURORA,washed,2297-01-01 00:00:00
JUG_00210,STR_0001,purchased,2297-01-08 00:00:00
JUG_00210,STR_0001,returned_to_store,2297-03-17 00:00:00
JUG_00210,HUB_AURORA,washed,2297-03-20 00:00:00
JUG_00211,STR_0001,purchased,2297-04-02 00:00:00
JUG_00211,STR_0001,returned_to_store,2297-06-17 00:00:00
JUG_00211,HUB_AURORA,washed,2297-06-20 00:00:00
JUG_00211,STR_0049,purchased,2297-07-11 00:00:00
JUG_00211,STR_0049,returned_to_store,2297-10-10 00:00:00
JUG_00211,HUB_AURORA,washed,2297-10-14 00:00:00
JUG_00211,STR_0001,purchased,2297-10-29 00:00:00
JUG_00211,STR_0001,returned_to_store,2298-01-30 00:00:00
JUG_00211,HUB_AURORA,washed,2298-02-03 00:00:00
JUG_00211,STR_0011,purchased,2298-02-16 00:00:00
JUG_00211,STR_0011,returned_to_store,2298-04-27 00:00:00
JUG_00211,HUB_AURORA,washed,2298-05-02 00:00:00
JUG_00211,STR_0030,purchased,2298-06-01 00:00:00
JUG_00211,STR_0030,returned_to_store,2298-09-07 00:00:00
JUG_00211,HUB_AURORA,washed,2298-09-11 00:00:00
JUG_00211,STR_0013,purchased,2298-10-03 00:00:00
JUG_00211,STR_0013,returned_to_store,2298-12-06 00:00:00
JUG_00211,HUB_AURORA,washed,2298-12-08 00:00:00
JUG_00211,STR_0023,purchased,2298-12-16 00:00:00
JUG_00211,STR_0023,returned_to_store,2299-02-18 00:00:00
JUG_00211,HUB_AURORA,washed,2299-02-22 00:00:00
JUG_00212,STR_0047,purchased,2299-03-09 00:00:00
JUG_00212,STR_0047,returned_to_store,2299-06-12 00:00:00
JUG_00212,HUB_AURORA,washed,2299-06-14 00:00:00
JUG_00212,STR_0009,purchased,2299-07-07 00:00:00
JUG_00212,STR_0009,returned_to_store,2299-09-09 00:00:00
JUG_00212,HUB_AURORA,washed,2299-09-14 00:00:00
JUG_00212,STR_0011,purchased,2299-10-10 00:00:00
JUG_00212,STR_0011,returned_to_store,2300-01-20 00:00:00
JUG_00212,HUB_AURORA,washed,2300-01-22 00:00:00
JUG_00212,STR_0036,purchased,2300-01-31 00:00:00
JUG_00212,STR_0036,returned_to_store,2300-04-08 00:00:00
JUG_00212,HUB_AURORA,washed,2300-04-13 00:00:00
JUG_00212,STR_0021,purchased,2300-05-10 00:00:00
JUG_00212,STR_0021,returned_to_store,2300-08-12 00:00:00
JUG_00212,HUB_AURORA,washed,2300-08-16 00:00:00
JUG_00212,STR_0001,purchased,2300-08-30 00:00:00
JUG_00212,STR_0001,returned_to_store,2300-11-10 00:00:00
JUG_00212,HUB_AURORA,washed,2300-11-14 00:00:00
JUG_00212,STR_0022,purchased,2300-11-29 00:00:00
JUG_00212,STR_0022,returned_to_store,2301-02-20 00:00:00
JUG_00212,HUB_AURORA,washed,2301-02-25 00:00:00
JUG_00212,STR_0042,purchased,2301-03-24 00:00:00
JUG_00212,STR_0042,returned_to_store,2301-06-24 00:00:00
JUG_00212,HUB_AURORA,washed,2301-06-28 00:00:00
JUG_00212,STR_0027,purchased,2301-07-08 00:00:00
JUG_00212,STR_0027,returned_to_store,2301-09-01 00:00:00
JUG_00212,HUB_AURORA,washed,2301-09-03 00:00:00
JUG_00212,STR_0020,purchased,2301-09-19 00:00:00
JUG_00212,STR_0020,returned_to_store,2301-12-08 00:00:00
JUG_00212,HUB_AURORA,washed,2301-12-13 00:00:00
JUG_00213,STR_0014,purchased,2301-12-23 00:00:00
JUG_00213,STR_0014,returned_to_store,2302-02-18 00:00:00
JUG_00213,HUB_AURORA,washed,2302-02-20 00:00:00
JUG_00213,STR_0038,purchased,2302-03-06 00:00:00
JUG_00213,STR_0038,returned_to_store,2302-05-23 00:00:00
JUG_00213,HUB_AURORA,washed,2302-05-28 00:00:00
JUG_00213,STR_0028,purchased,2302-06-08 00:00:00
JUG_00213,UNKNOWN,lost_to_leakage,2302-09-18 00:00:00
JUG_00214,STR_0014,purchased,2302-10-11 00:00:00
JUG_00214,STR_0014,returned_to_store,2302-12-26 00:00:00
JUG_00214,HUB_AURORA,washed,2302-12-28 00:00:00
JUG_00214,STR_0035,purchased,2303-01-08 00:00:00
JUG_00214,STR_0035,returned_to_store,2303-04-04 00:00:00
JUG_00214,HUB_AURORA,washed,2303-04-08 00:00:00
JUG_00214,STR_0039,purchased,2303-05-02 00:00:00
JUG_00214,STR_0039,returned_to_store,2303-07-20 00:00:00
JUG_00214,HUB_AURORA,washed,2303-07-25 00:00:00
JUG_00214,STR_0022,purchased,2303-08-04 00:00:00
JUG_00214,STR_0022,returned_to_store,2303-10-23 00:00:00
JUG_00214,HUB_AURORA,washed,2303-10-25 00:00:00
JUG_00214,STR_0020,purchased,2303-11-10 00:00:00
JUG_00214,STR_0020,returned_to_store,2304-01-10 00:00:00
JUG_00214,HUB_AURORA,washed,2304-01-14 00:00:00
JUG_00214,STR_0011,purchased,2304-02-06 00:00:00
JUG_00214,STR_0011,returned_to_store,2304-04-14 00:00:00
JUG_00214,HUB_AURORA,washed,2304-04-17 00:00:00
JUG_00214,STR_0009,purchased,2304-05-09 00:00:00
JUG_00214,STR_0009,returned_to_store,2304-07-18 00:00:00
JUG_00214,HUB_AURORA,washed,2304-07-21 00:00:00
JUG_00215,STR_0019,purchased,2304-08-07 00:00:00
JUG_00215,STR_0019,returned_to_store,2304-10-22 00:00:00
JUG_00215,HUB_AURORA,washed,2304-10-26 00:00:00
JUG_00215,STR_0000,purchased,2304-11-07 00:00:00
JUG_00215,STR_0000,returned_to_store,2305-01-11 00:00:00
JUG_00215,HUB_AURORA,washed,2305-01-13 00:00:00
JUG_00215,STR_0022,purchased,2305-02-01 00:00:00
JUG_00215,STR_0022,returned_to_store,2305-04-26 00:00:00
JUG_00215,HUB_AURORA,washed,2305-04-30 00:00:00
JUG_00215,STR_0002,purchased,2305-05-28 00:00:00
JUG_00215,STR_0002,returned_to_store,2305-07-30 00:00:00
JUG_00215,HUB_AURORA,washed,2305-08-02 00:00:00
JUG_00216,STR_0033,purchased,2305-08-17 00:00:00
JUG_00216,UNKNOWN,lost_to_leakage,2305-10-21 00:00:00
JUG_00217,STR_0014,purchased,2305-11-06 00:00:00
JUG_00217,STR_0014,returned_to_store,2306-01-09 00:00:00
JUG_00217,HUB_AURORA,washed,2306-01-14 00:00:00
JUG_00217,STR_0006,purchased,2306-02-02 00:00:00
JUG_00217,STR_0006,returned_to_store,2306-04-28 00:00:00
JUG_00217,HUB_AURORA,washed,2306-05-03 00:00:00
JUG_00217,STR_0039,purchased,2306-05-21 00:00:00
JUG_00217,STR_0039,returned_to_store,2306-08-10 00:00:00
JUG_00217,HUB_AURORA,washed,2306-08-13 00:00:00
JUG_00217,STR_0049,purchased,2306-08-23 00:00:00
JUG_00217,STR_0049,returned_to_store,2306-11-17 00:00:00
JUG_00217,HUB_AURORA,washed,2306-11-19 00:00:00
JUG_00217,STR_0048,purchased,2306-12-09 00:00:00
JUG_00217,STR_0048,returned_to_store,2307-02-16 00:00:00
JUG_00217,HUB_AURORA,washed,2307-02-20 00:00:00
JUG_00217,STR_0038,purchased,2307-03-04 00:00:00
JUG_00217,STR_0038,returned_to_store,2307-04-29 00:00:00
JUG_00217,HUB_AURORA,washed,2307-05-02 00:00:00
JUG_00217,STR_0006,purchased,2307-05-10 00:00:00
JUG_00217,STR_0006,returned_to_store,2307-07-29 00:00:00
JUG_00217,HUB_AURORA,washed,2307-08-01 00:00:00
JUG_00217,STR_0020,purchased,2307-08-25 00:00:00
JUG_00217,STR_0020,returned_to_store,2307-10-12 00:00:00
JUG_00217,HUB_AURORA,washed,2307-10-14 00:00:00
JUG_00217,STR_0024,purchased,2307-10-29 00:00:00
JUG_00217,STR_0024,returned_to_store,2308-02-05 00:00:00
JUG_00217,HUB_AURORA,washed,2308-02-09 00:00:00
JUG_00217,STR_0022,purchased,2308-02-24 00:00:00
JUG_00217,UNKNOWN,lost_to_leakage,2308-05-27 00:00:00
JUG_00218,STR_0015,purchased,2308-06-06 00:00:00
JUG_00218,STR_0015,returned_to_store,2308-08-08 00:00:00
JUG_00218,HUB_AURORA,washed,2308-08-10 00:00:00
JUG_00218,STR_0005,purchased,2308-09-09 00:00:00
JUG_00218,UNKNOWN,lost_to_leakage,2308-11-20 00:00:00
JUG_00219,STR_0001,purchased,2308-12-17 00:00:00
JUG_00219,STR_0001,returned_to_store,2309-03-13 00:00:00
JUG_00219,HUB_AURORA,washed,2309-03-15 00:00:00
JUG_00219,STR_0005,purchased,2309-04-10 00:00:00
JUG_00219,STR_0005,returned_to_store,2309-06-24 00:00:00
JUG_00219,HUB_AURORA,washed,2309-06-26 00:00:00
JUG_00219,STR_0001,purchased,2309-07-22 00:00:00
JUG_00219,STR_0001,returned_to_store,2309-10-18 00:00:00
JUG_00219,HUB_AURORA,washed,2309-10-23 00:00:00
JUG_00219,STR_0001,purchased,2309-11-18 00:00:00
JUG_00219,STR_0001,returned_to_store,2310-02-26 00:00:00
JUG_00219,HUB_AURORA,washed,2310-03-02 00:00:00
JUG_00219,STR_0008,purchased,2310-03-23 00:00:00
JUG_00219,STR_0008,returned_to_store,2310-05-29 00:00:00
JUG_00219,HUB_AURORA,washed,2310-06-01 00:00:00
JUG_00219,STR_0048,purchased,2310-06-12 00:00:00
JUG_00219,STR_0048,returned_to_store,2310-08-15 00:00:00
JUG_00219,HUB_AURORA,washed,2310-08-19 00:00:00
JUG_00219,STR_0048,purchased,2310-08-26 00:00:00
JUG_00219,UNKNOWN,lost_to_leakage,2310-11-08 00:00:00
JUG_00220,STR_0028,purchased,2310-11-16 00:00:00
JUG_00220,STR_0028,returned_to_store,2311-01-16 00:00:00
JUG_00220,HUB_AURORA,washed,2311-01-18 00:00:00
JUG_00220,STR_0019,purchased,2311-02-04 00:00:00
JUG_00220,STR_0019,returned_to_store,2311-05-08 00:00:00
JUG_00220,HUB_AURORA,washed,2311-05-10 00:00:00
JUG_00220,STR_0015,purchased,2311-06-03 00:00:00
JUG_00220,STR_0015,returned_to_store,2311-08-05 00:00:00
JUG_00220,HUB_AURORA,washed,2311-08-10 00:00:00
JUG_00220,STR_0006,purchased,2311-09-01 00:00:00
JUG_00220,STR_0006,returned_to_store,2311-11-05 00:00:00
JUG_00220,HUB_AURORA,washed,2311-11-08 00:00:00
JUG_00220,STR_0029,purchased,2311-12-02 00:00:00
JUG_00220,STR_0029,returned_to_store,2312-03-12 00:00:00
JUG_00220,HUB_AURORA,washed,2312-03-14 00:00:00
JUG_00220,STR_0005,purchased,2312-04-12 00:00:00
JUG_00220,STR_0005,returned_to_store,2312-06-14 00:00:00
JUG_00220,HUB_AURORA,washed,2312-06-16 00:00:00
JUG_00220,STR_0020,purchased,2312-07-13 00:00:00
JUG_00220,STR_0020,returned_to_store,2312-09-15 00:00:00
JUG_00220,HUB_AURORA,washed,2312-09-17 00:00:00
JUG_00220,STR_0029,purchased,2312-10-07 00:00:00
JUG_00220,STR_0029,returned_to_store,2312-12-03 00:00:00
JUG_00220,HUB_AURORA,washed,2312-12-06 00:00:00
JUG_00221,STR_0009,purchased,2312-12-31 00:00:00
JUG_00221,STR_0009,returned_to_store,2313-03-12 00:00:00
JUG_00221,HUB_AURORA,washed,2313-03-15 00:00:00
JUG_00221,STR_0013,purchased,2313-04-09 00:00:00
JUG_00221,STR_0013,returned_to_store,2313-07-02 00:00:00
JUG_00221,HUB_AURORA,washed,2313-07-06 00:00:00
JUG_00221,STR_0031,purchased,2313-07-23 00:00:00
JUG_00221,STR_0031,returned_to_store,2313-09-27 00:00:00
JUG_00221,HUB_AURORA,washed,2313-10-02 00:00:00
JUG_00221,STR_0015,purchased,2313-10-17 00:00:00
JUG_00221,STR_0015,returned_to_store,2314-01-15 00:00:00
JUG_00221,HUB_AURORA,washed,2314-01-19 00:00:00
JUG_00221,STR_0010,purchased,2314-02-14 00:00:00
JUG_00221,UNKNOWN,lost_to_leakage,2314-04-05 00:00:00
JUG_00222,STR_0001,purchased,2314-05-05 00:00:00
JUG_00222,UNKNOWN,lost_to_leakage,2314-07-04 00:00:00
JUG_00223,STR_0003,purchased,2314-07-24 00:00:00
JUG_00223,STR_0003,returned_to_store,2314-09-15 00:00:00
JUG_00223,HUB_AURORA,washed,2314-09-18 00:00:00
JUG_00223,STR_0014,purchased,2314-10-04 00:00:00
JUG_00223,UNKNOWN,lost_to_leakage,2314-12-31 00:00:00
JUG_00224,STR_0025,purchased,2315-01-11 00:00:00
JUG_00224,STR_0025,returned_to_store,2315-03-24 00:00:00
JUG_00224,HUB_AURORA,washed,2315-03-29 00:00:00
JUG_00224,STR_0011,purchased,2315-04-15 00:00:00
JUG_00224,STR_0011,returned_to_store,2315-06-23 00:00:00
JUG_00224,HUB_AURORA,washed,2315-06-27 00:00:00
JUG_00224,STR_0047,purchased,2315-07-22 00:00:00
JUG_00224,STR_0047,returned_to_store,2315-10-26 00:00:00
JUG_00224,HUB_AURORA,washed,2315-10-28 00:00:00
JUG_00224,STR_0007,purchased,2315-11-26 00:00:00
JUG_00224,STR_0007,returned_to_store,2316-01-24 00:00:00
JUG_00224,HUB_AURORA,washed,2316-01-28 00:00:00
JUG_00224,STR_0002,purchased,2316-02-18 00:00:00
JUG_00224,STR_0002,returned_to_store,2316-05-24 00:00:00
JUG_00224,HUB_AURORA,washed,2316-05-26 00:00:00
JUG_00224,STR_0010,purchased,2316-06-14 00:00:00
JUG_00224,UNKNOWN,lost_to_leakage,2316-09-09 00:00:00
JUG_00225,STR_0038,purchased,2316-09-17 00:00:00
JUG_00225,STR_0038,returned_to_store,2316-11-26 00:00:00
JUG_00225,HUB_AURORA,washed,2316-11-29 00:00:00
JUG_00225,STR_0019,purchased,2316-12-13 00:00:00
JUG_00225,STR_0019,returned_to_store,2317-02-28 00:00:00
JUG_00225,HUB_AURORA,washed,2317-03-03 00:00:00
JUG_00225,STR_0003,purchased,2317-03-12 00:00:00
JUG_00225,UNKNOWN,lost_to_leakage,2317-05-15 00:00:00
JUG_00226,STR_0019,purchased,2317-06-09 00:00:00
JUG_00226,STR_0019,returned_to_store,2317-08-14 00:00:00
JUG_00226,HUB_AURORA,washed,2317-08-18 00:00:00
JUG_00226,STR_0024,purchased,2317-09-07 00:00:00
JUG_00226,STR_0024,returned_to_store,2317-12-02 00:00:00
JUG_00226,HUB_AURORA,washed,2317-12-07 00:00:00
JUG_00226,STR_0004,purchased,2317-12-14 00:00:00
JUG_00226,STR_0004,returned_to_store,2318-03-19 00:00:00
JUG_00226,HUB_AURORA,washed,2318-03-23 00:00:00
JUG_00226,STR_0015,purchased,2318-04-02 00:00:00
JUG_00226,UNKNOWN,lost_to_leakage,2318-07-04 00:00:00
JUG_00227,STR_0034,purchased,2318-07-20 00:00:00
JUG_00227,STR_0034,returned_to_store,2318-10-15 00:00:00
JUG_00227,HUB_AURORA,washed,2318-10-20 00:00:00
JUG_00227,STR_0046,purchased,2318-11-15 00:00:00
JUG_00227,STR_0046,returned_to_store,2319-02-12 00:00:00
JUG_00227,HUB_AURORA,washed,2319-02-15 00:00:00
JUG_00227,STR_0029,purchased,2319-03-02 00:00:00
JUG_00227,UNKNOWN,lost_to_leakage,2319-05-09 00:00:00
JUG_00228,STR_0018,purchased,2319-05-16 00:00:00
JUG_00228,STR_0018,returned_to_store,2319-07-30 00:00:00
JUG_00228,HUB_AURORA,washed,2319-08-02 00:00:00
JUG_00228,STR_0023,purchased,2319-08-29 00:00:00
JUG_00228,STR_0023,returned_to_store,2319-11-28 00:00:00
JUG_00228,HUB_AURORA,washed,2319-12-03 00:00:00
JUG_00228,STR_0038,purchased,2319-12-21 00:00:00
JUG_00228,STR_0038,returned_to_store,2320-02-17 00:00:00
JUG_00228,HUB_AURORA,washed,2320-02-19 00:00:00
JUG_00228,STR_0006,purchased,2320-03-11 00:00:00
JUG_00228,UNKNOWN,lost_to_leakage,2320-05-26 00:00:00
JUG_00229,STR_0028,purchased,2320-06-15 00:00:00
JUG_00229,STR_0028,returned_to_store,2320-08-22 00:00:00
JUG_00229,HUB_AURORA,washed,2320-08-26 00:00:00
JUG_00229,STR_0036,purchased,2320-09-19 00:00:00
JUG_00229,STR_0036,returned_to_store,2320-12-12 00:00:00
JUG_00229,HUB_AURORA,washed,2320-12-16 00:00:00
JUG_00229,STR_0028,purchased,2320-12-28 00:00:00
JUG_00229,STR_0028,returned_to_store,2321-04-08 00:00:00
JUG_00229,HUB_AURORA,washed,2321-04-13 00:00:00
JUG_00229,STR_0003,purchased,2321-04-30 00:00:00
JUG_00229,STR_0003,returned_to_store,2321-07-13 00:00:00
JUG_00229,HUB_AURORA,washed,2321-07-15 00:00:00
JUG_00229,STR_0022,purchased,2321-08-14 00:00:00
JUG_00229,STR_0022,returned_to_store,2321-10-15 00:00:00
JUG_00229,HUB_AURORA,washed,2321-10-20 00:00:00
JUG_00229,STR_0036,purchased,2321-11-10 00:00:00
JUG_00229,STR_0036,returned_to_store,2322-01-07 00:00:00
JUG_00229,HUB_AURORA,washed,2322-01-11 00:00:00
JUG_00229,STR_0048,purchased,2322-01-28 00:00:00
JUG_00229,STR_0048,returned_to_store,2322-04-06 00:00:00
JUG_00229,HUB_AURORA,washed,2322-04-08 00:00:00
JUG_00229,STR_0026,purchased,2322-04-25 00:00:00
JUG_00229,STR_0026,returned_to_store,2322-06-21 00:00:00
JUG_00229,HUB_AURORA,washed,2322-06-24 00:00:00
JUG_00230,STR_0020,purchased,2322-07-11 00:00:00
JUG_00230,STR_0020,returned_to_store,2322-08-31 00:00:00
JUG_00230,HUB_AURORA,washed,2322-09-05 00:00:00
JUG_00230,STR_0016,purchased,2322-09-12 00:00:00
JUG_00230,STR_0016,returned_to_store,2322-11-28 00:00:00
JUG_00230,HUB_AURORA,washed,2322-11-30 00:00:00
JUG_00230,STR_0020,purchased,2322-12-10 00:00:00
JUG_00230,STR_0020,returned_to_store,2323-02-17 00:00:00
JUG_00230,HUB_AURORA,washed,2323-02-20 00:00:00
JUG_00230,STR_0045,purchased,2323-03-05 00:00:00
JUG_00230,STR_0045,returned_to_store,2323-05-05 00:00:00
JUG_00230,HUB_AURORA,washed,2323-05-07 00:00:00
JUG_00231,STR_0022,purchased,2323-06-03 00:00:00
JUG_00231,STR_0022,returned_to_store,2323-08-27 00:00:00
JUG_00231,HUB_AURORA,washed,2323-08-30 00:00:00
JUG_00231,STR_0044,purchased,2323-09-17 00:00:00
JUG_00231,STR_0044,returned_to_store,2323-11-11 00:00:00
JUG_00231,HUB_AURORA,washed,2323-11-13 00:00:00
JUG_00231,STR_0015,purchased,2323-11-25 00:00:00
JUG_00231,STR_0015,returned_to_store,2324-02-02 00:00:00
JUG_00231,HUB_AURORA,washed,2324-02-04 00:00:00
JUG_00231,STR_0032,purchased,2324-02-21 00:00:00
JUG_00231,UNKNOWN,lost_to_leakage,2324-05-18 00:00:00
JUG_00232,STR_0005,purchased,2324-06-11 00:00:00
JUG_00232,UNKNOWN,lost_to_leakage,2324-08-15 00:00:00
JUG_00233,STR_0049,purchased,2324-09-11 00:00:00
JUG_00233,UNKNOWN,lost_to_leakage,2324-12-12 00:00:00
JUG_00234,STR_0004,purchased,2324-12-26 00:00:00
JUG_00234,STR_0004,returned_to_store,2325-03-02 00:00:00
JUG_00234,HUB_AURORA,washed,2325-03-04 00:00:00
JUG_00234,STR_0016,purchased,2325-03-23 00:00:00
JUG_00234,STR_0016,returned_to_store,2325-05-29 00:00:00
JUG_00234,HUB_AURORA,washed,2325-05-31 00:00:00
JUG_00234,STR_0025,purchased,2325-06-22 00:00:00
JUG_00234,UNKNOWN,lost_to_leakage,2325-09-03 00:00:00
JUG_00235,STR_0039,purchased,2325-09-10 00:00:00
JUG_00235,UNKNOWN,lost_to_leakage,2325-12-04 00:00:00
JUG_00236,STR_0003,purchased,2325-12-15 00:00:00
JUG_00236,STR_0003,returned_to_store,2326-03-16 00:00:00
JUG_00236,HUB_AURORA,washed,2326-03-20 00:00:00
JUG_00236,STR_0032,purchased,2326-03-29 00:00:00
JUG_00236,STR_0032,returned_to_store,2326-06-05 00:00:00
JUG_00236,HUB_AURORA,washed,2326-06-08 00:00:00
JUG_00236,STR_0044,purchased,2326-06-16 00:00:00
JUG_00236,STR_0044,returned_to_store,2326-09-06 00:00:00
JUG_00236,HUB_AURORA,washed,2326-09-10 00:00:00
JUG_00236,STR_0033,purchased,2326-09-17 00:00:00
JUG_00236,STR_0033,returned_to_store,2326-11-25 00:00:00
JUG_00236,HUB_AURORA,washed,2326-11-28 00:00:00
JUG_00236,STR_0021,purchased,2326-12-10 00:00:00
JUG_00236,STR_0021,returned_to_store,2327-02-10 00:00:00
JUG_00236,HUB_AURORA,washed,2327-02-13 00:00:00
JUG_00237,STR_0015,purchased,2327-02-20 00:00:00
JUG_00237,STR_0015,returned_to_store,2327-04-26 00:00:00
JUG_00237,HUB_AURORA,washed,2327-05-01 00:00:00
JUG_00237,STR_0013,purchased,2327-05-09 00:00:00
JUG_00237,STR_0013,returned_to_store,2327-07-11 00:00:00
JUG_00237,HUB_AURORA,washed,2327-07-13 00:00:00
JUG_00237,STR_0031,purchased,2327-07-25 00:00:00
JUG_00237,STR_0031,returned_to_store,2327-10-13 00:00:00
JUG_00237,HUB_AURORA,washed,2327-10-18 00:00:00
JUG_00237,STR_0030,purchased,2327-11-15 00:00:00
JUG_00237,STR_0030,returned_to_store,2328-01-11 00:00:00
JUG_00237,HUB_AURORA,washed,2328-01-14 00:00:00
JUG_00237,STR_0003,purchased,2328-01-28 00:00:00
JUG_00237,UNKNOWN,lost_to_leakage,2328-04-06 00:00:00
JUG_00238,STR_0001,purchased,2328-04-22 00:00:00
JUG_00238,STR_0001,returned_to_store,2328-07-14 00:00:00
JUG_00238,HUB_AURORA,washed,2328-07-19 00:00:00
JUG_00238,STR_0011,purchased,2328-08-04 00:00:00
JUG_00238,STR_0011,returned_to_store,2328-10-09 00:00:00
JUG_00238,HUB_AURORA,washed,2328-10-12 00:00:00
JUG_00238,STR_0033,purchased,2328-10-25 00:00:00
JUG_00238,STR_0033,returned_to_store,2328-12-21 00:00:00
JUG_00238,HUB_AURORA,washed,2328-12-23 00:00:00
JUG_00238,STR_0026,purchased,2329-01-10 00:00:00
JUG_00238,STR_0026,returned_to_store,2329-03-26 00:00:00
JUG_00238,HUB_AURORA,washed,2329-03-28 00:00:00
JUG_00238,STR_0020,purchased,2329-04-23 00:00:00
JUG_00238,STR_0020,returned_to_store,2329-07-08 00:00:00
JUG_00238,HUB_AURORA,washed,2329-07-11 00:00:00
JUG_00238,STR_0022,purchased,2329-08-05 00:00:00
JUG_00238,STR_0022,returned_to_store,2329-10-13 00:00:00
JUG_00238,HUB_AURORA,washed,2329-10-17 00:00:00
JUG_00238,STR_0044,purchased,2329-10-25 00:00:00
JUG_00238,STR_0044,returned_to_store,2330-01-24 00:00:00
JUG_00238,HUB_AURORA,washed,2330-01-28 00:00:00
JUG_00238,STR_0040,purchased,2330-02-22 00:00:00
JUG_00238,STR_0040,returned_to_store,2330-05-14 00:00:00
JUG_00238,HUB_AURORA,washed,2330-05-16 00:00:00
JUG_00238,STR_0011,purchased,2330-05-26 00:00:00
JUG_00238,STR_0011,returned_to_store,2330-08-03 00:00:00
JUG_00238,HUB_AURORA,washed,2330-08-05 00:00:00
JUG_00238,STR_0042,purchased,2330-08-31 00:00:00
JUG_00238,STR_0042,returned_to_store,2330-12-04 00:00:00
JUG_00238,HUB_AURORA,washed,2330-12-09 00:00:00
JUG_00239,STR_0017,purchased,2331-01-03 00:00:00
JUG_00239,STR_0017,returned_to_store,2331-04-12 00:00:00
JUG_00239,HUB_AURORA,washed,2331-04-17 00:00:00
JUG_00239,STR_0032,purchased,2331-05-17 00:00:00
JUG_00239,UNKNOWN,lost_to_leakage,2331-08-06 00:00:00
JUG_00240,STR_0022,purchased,2331-08-17 00:00:00
JUG_00240,STR_0022,returned_to_store,2331-11-01 00:00:00
JUG_00240,HUB_AURORA,washed,2331-11-06 00:00:00
JUG_00240,STR_0034,purchased,2331-11-21 00:00:00
JUG_00240,STR_0034,returned_to_store,2332-02-10 00:00:00
JUG_00240,HUB_AURORA,washed,2332-02-12 00:00:00
JUG_00240,STR_0042,purchased,2332-02-26 00:00:00
JUG_00240,STR_0042,returned_to_store,2332-05-22 00:00:00
JUG_00240,HUB_AURORA,washed,2332-05-24 00:00:00
JUG_00240,STR_0045,purchased,2332-06-10 00:00:00
JUG_00240,STR_0045,returned_to_store,2332-08-23 00:00:00
JUG_00240,HUB_AURORA,washed,2332-08-25 00:00:00
JUG_00240,STR_0043,purchased,2332-09-24 00:00:00
JUG_00240,STR_0043,returned_to_store,2332-12-04 00:00:00
JUG_00240,HUB_AURORA,washed,2332-12-06 00:00:00
JUG_00240,STR_0033,purchased,2332-12-23 00:00:00
JUG_00240,STR_0033,returned_to_store,2333-03-13 00:00:00
JUG_00240,HUB_AURORA,washed,2333-03-17 00:00:00
JUG_00240,STR_0011,purchased,2333-04-01 00:00:00
JUG_00240,STR_0011,returned_to_store,2333-07-01 00:00:00
JUG_00240,HUB_AURORA,washed,2333-07-03 00:00:00
JUG_00240,STR_0038,purchased,2333-07-22 00:00:00
JUG_00240,STR_0038,returned_to_store,2333-09-20 00:00:00
JUG_00240,HUB_AURORA,washed,2333-09-24 00:00:00
JUG_00241,STR_0007,purchased,2333-10-16 00:00:00
JUG_00241,STR_0007,returned_to_store,2333-12-20 00:00:00
JUG_00241,HUB_AURORA,washed,2333-12-22 00:00:00
JUG_00241,STR_0011,purchased,2334-01-03 00:00:00
JUG_00241,STR_0011,returned_to_store,2334-02-28 00:00:00
JUG_00241,HUB_AURORA,washed,2334-03-04 00:00:00
JUG_00241,STR_0044,purchased,2334-04-02 00:00:00
JUG_00241,STR_0044,returned_to_store,2334-06-30 00:00:00
JUG_00241,HUB_AURORA,washed,2334-07-03 00:00:00
JUG_00241,STR_0010,purchased,2334-07-17 00:00:00
JUG_00241,STR_0010,returned_to_store,2334-10-06 00:00:00
JUG_00241,HUB_AURORA,washed,2334-10-08 00:00:00
JUG_00241,STR_0042,purchased,2334-10-23 00:00:00
JUG_00241,STR_0042,returned_to_store,2335-01-03 00:00:00
JUG_00241,HUB_AURORA,washed,2335-01-06 00:00:00
JUG_00241,STR_0017,purchased,2335-01-25 00:00:00
JUG_00241,STR_0017,returned_to_store,2335-03-30 00:00:00
JUG_00241,HUB_AURORA,washed,2335-04-03 00:00:00
JUG_00241,STR_0001,purchased,2335-05-03 00:00:00
JUG_00241,STR_0001,returned_to_store,2335-07-23 00:00:00
JUG_00241,HUB_AURORA,washed,2335-07-28 00:00:00
JUG_00241,STR_0030,purchased,2335-08-12 00:00:00
JUG_00241,STR_0030,returned_to_store,2335-11-09 00:00:00
JUG_00241,HUB_AURORA,washed,2335-11-12 00:00:00
JUG_00241,STR_0019,purchased,2335-11-27 00:00:00
JUG_00241,STR_0019,returned_to_store,2336-02-07 00:00:00
JUG_00241,HUB_AURORA,washed,2336-02-11 00:00:00
JUG_00241,STR_0001,purchased,2336-02-27 00:00:00
JUG_00241,STR_0001,returned_to_store,2336-06-01 00:00:00
JUG_00241,HUB_AURORA,washed,2336-06-05 00:00:00
JUG_00242,STR_0035,purchased,2336-06-23 00:00:00
JUG_00242,STR_0035,returned_to_store,2336-09-21 00:00:00
JUG_00242,HUB_AURORA,washed,2336-09-23 00:00:00
JUG_00242,STR_0030,purchased,2336-10-08 00:00:00
JUG_00242,STR_0030,returned_to_store,2336-12-13 00:00:00
JUG_00242,HUB_AURORA,washed,2336-12-18 00:00:00
JUG_00242,STR_0028,purchased,2337-01-05 00:00:00
JUG_00242,STR_0028,returned_to_store,2337-03-03 00:00:00
JUG_00242,HUB_AURORA,washed,2337-03-05 00:00:00
JUG_00242,STR_0038,purchased,2337-03-18 00:00:00
JUG_00242,STR_0038,returned_to_store,2337-06-18 00:00:00
JUG_00242,HUB_AURORA,washed,2337-06-20 00:00:00
JUG_00242,STR_0001,purchased,2337-07-18 00:00:00
JUG_00242,STR_0001,returned_to_store,2337-09-21 00:00:00
JUG_00242,HUB_AURORA,washed,2337-09-25 00:00:00
JUG_00242,STR_0005,purchased,2337-10-15 00:00:00
JUG_00242,STR_0005,returned_to_store,2337-12-13 00:00:00
JUG_00242,HUB_AURORA,washed,2337-12-16 00:00:00
JUG_00242,STR_0033,purchased,2338-01-06 00:00:00
JUG_00242,STR_0033,returned_to_store,2338-03-26 00:00:00
JUG_00242,HUB_AURORA,washed,2338-03-28 00:00:00
JUG_00242,STR_0015,purchased,2338-04-04 00:00:00
JUG_00242,STR_0015,returned_to_store,2338-06-07 00:00:00
JUG_00242,HUB_AURORA,washed,2338-06-11 00:00:00
JUG_00243,STR_0022,purchased,2338-06-18 00:00:00
JUG_00243,STR_0022,returned_to_store,2338-09-18 00:00:00
JUG_00243,HUB_AURORA,washed,2338-09-22 00:00:00
JUG_00243,STR_0031,purchased,2338-10-07 00:00:00
JUG_00243,STR_0031,returned_to_store,2338-12-10 00:00:00
JUG_00243,HUB_AURORA,washed,2338-12-15 00:00:00
JUG_00243,STR_0011,purchased,2338-12-26 00:00:00
JUG_00243,STR_0011,returned_to_store,2339-03-31 00:00:00
JUG_00243,HUB_AURORA,washed,2339-04-02 00:00:00
JUG_00243,STR_0045,purchased,2339-04-12 00:00:00
JUG_00243,STR_0045,returned_to_store,2339-07-24 00:00:00
JUG_00243,HUB_AURORA,washed,2339-07-26 00:00:00
JUG_00243,STR_0002,purchased,2339-08-21 00:00:00
JUG_00243,STR_0002,returned_to_store,2339-10-12 00:00:00
JUG_00243,HUB_AURORA,washed,2339-10-15 00:00:00
JUG_00243,STR_0006,purchased,2339-11-12 00:00:00
JUG_00243,STR_0006,returned_to_store,2340-02-10 00:00:00
JUG_00243,HUB_AURORA,washed,2340-02-12 00:00:00
JUG_00243,STR_0020,purchased,2340-02-28 00:00:00
JUG_00243,STR_0020,returned_to_store,2340-04-30 00:00:00
JUG_00243,HUB_AURORA,washed,2340-05-03 00:00:00
JUG_00243,STR_0026,purchased,2340-05-16 00:00:00
JUG_00243,STR_0026,returned_to_store,2340-08-01 00:00:00
JUG_00243,HUB_AURORA,washed,2340-08-05 00:00:00
JUG_00243,STR_0027,purchased,2340-08-23 00:00:00
JUG_00243,UNKNOWN,lost_to_leakage,2340-11-09 00:00:00
JUG_00244,STR_0042,purchased,2340-11-26 00:00:00
JUG_00244,STR_0042,returned_to_store,2341-02-14 00:00:00
JUG_00244,HUB_AURORA,washed,2341-02-19 00:00:00
JUG_00244,STR_0041,purchased,2341-03-01 00:00:00
JUG_00244,STR_0041,returned_to_store,2341-05-15 00:00:00
JUG_00244,HUB_AURORA,washed,2341-05-18 00:00:00
JUG_00244,STR_0040,purchased,2341-06-01 00:00:00
JUG_00244,STR_0040,returned_to_store,2341-08-11 00:00:00
JUG_00244,HUB_AURORA,washed,2341-08-13 00:00:00
JUG_00244,STR_0023,purchased,2341-08-31 00:00:00
JUG_00244,STR_0023,returned_to_store,2341-12-08 00:00:00
JUG_00244,HUB_AURORA,washed,2341-12-11 00:00:00
JUG_00245,STR_0049,purchased,2342-01-03 00:00:00
JUG_00245,STR_0049,returned_to_store,2342-04-04 00:00:00
JUG_00245,HUB_AURORA,washed,2342-04-08 00:00:00
JUG_00245,STR_0011,purchased,2342-05-03 00:00:00
JUG_00245,STR_0011,returned_to_store,2342-07-17 00:00:00
JUG_00245,HUB_AURORA,washed,2342-07-20 00:00:00
JUG_00245,STR_0043,purchased,2342-08-19 00:00:00
JUG_00245,STR_0043,returned_to_store,2342-10-20 00:00:00
JUG_00245,HUB_AURORA,washed,2342-10-22 00:00:00
JUG_00245,STR_0035,purchased,2342-11-06 00:00:00
JUG_00245,STR_0035,returned_to_store,2343-01-06 00:00:00
JUG_00245,HUB_AURORA,washed,2343-01-11 00:00:00
JUG_00245,STR_0043,purchased,2343-02-05 00:00:00
JUG_00245,STR_0043,returned_to_store,2343-05-02 00:00:00
JUG_00245,HUB_AURORA,washed,2343-05-07 00:00:00
JUG_00245,STR_0016,purchased,2343-05-26 00:00:00
JUG_00245,STR_0016,returned_to_store,2343-07-27 00:00:00
JUG_00245,HUB_AURORA,washed,2343-07-29 00:00:00
JUG_00245,STR_0033,purchased,2343-08-10 00:00:00
JUG_00245,STR_0033,returned_to_store,2343-10-01 00:00:00
JUG_00245,HUB_AURORA,washed,2343-10-06 00:00:00
JUG_00245,STR_0027,purchased,2343-10-27 00:00:00
JUG_00245,STR_0027,returned_to_store,2343-12-29 00:00:00
JUG_00245,HUB_AURORA,washed,2344-01-03 00:00:00
JUG_00246,STR_0029,purchased,2344-01-21 00:00:00
JUG_00246,STR_0029,returned_to_store,2344-03-11 00:00:00
JUG_00246,HUB_AURORA,washed,2344-03-14 00:00:00
JUG_00246,STR_0041,purchased,2344-03-25 00:00:00
JUG_00246,UNKNOWN,lost_to_leakage,2344-06-19 00:00:00
JUG_00247,STR_0017,purchased,2344-07-14 00:00:00
JUG_00247,UNKNOWN,lost_to_leakage,2344-09-28 00:00:00
JUG_00248,STR_0035,purchased,2344-10-27 00:00:00
JUG_00248,STR_0035,returned_to_store,2344-12-28 00:00:00
JUG_00248,HUB_AURORA,washed,2344-12-31 00:00:00
JUG_00248,STR_0035,purchased,2345-01-24 00:00:00
JUG_00248,STR_0035,returned_to_store,2345-04-14 00:00:00
JUG_00248,HUB_AURORA,washed,2345-04-17 00:00:00
JUG_00248,STR_0002,purchased,2345-04-25 00:00:00
JUG_00248,STR_0002,returned_to_store,2345-07-20 00:00:00
JUG_00248,HUB_AURORA,washed,2345-07-24 00:00:00
JUG_00248,STR_0032,purchased,2345-08-06 00:00:00
JUG_00248,STR_0032,returned_to_store,2345-10-19 00:00:00
JUG_00248,HUB_AURORA,washed,2345-10-21 00:00:00
JUG_00248,STR_0002,purchased,2345-11-15 00:00:00
JUG_00248,STR_0002,returned_to_store,2346-01-17 00:00:00
JUG_00248,HUB_AURORA,washed,2346-01-20 00:00:00
JUG_00248,STR_0001,purchased,2346-02-05 00:00:00
JUG_00248,STR_0001,returned_to_store,2346-04-29 00:00:00
JUG_00248,HUB_AURORA,washed,2346-05-02 00:00:00
JUG_00248,STR_0032,purchased,2346-06-01 00:00:00
JUG_00248,STR_0032,returned_to_store,2346-08-15 00:00:00
JUG_00248,HUB_AURORA,washed,2346-08-20 00:00:00
JUG_00248,STR_0036,purchased,2346-09-15 00:00:00
JUG_00248,STR_0036,returned_to_store,2346-11-24 00:00:00
JUG_00248,HUB_AURORA,washed,2346-11-27 00:00:00
JUG_00249,STR_0047,purchased,2346-12-04 00:00:00
JUG_00249,STR_0047,returned_to_store,2347-02-18 00:00:00
JUG_00249,HUB_AURORA,washed,2347-02-21 00:00:00
JUG_00249,STR_0012,purchased,2347-03-04 00:00:00
JUG_00249,STR_0012,returned_to_store,2347-05-12 00:00:00
JUG_00249,HUB_AURORA,washed,2347-05-17 00:00:00
JUG_00249,STR_0030,purchased,2347-06-15 00:00:00
JUG_00249,STR_0030,returned_to_store,2347-08-16 00:00:00
JUG_00249,HUB_AURORA,washed,2347-08-19 00:00:00
JUG_00249,STR_0011,purchased,2347-09-10 00:00:00
JUG_00249,STR_0011,returned_to_store,2347-11-20 00:00:00
JUG_00249,HUB_AURORA,washed,2347-11-22 00:00:00
JUG_00250,STR_0017,purchased,2347-12-15 00:00:00
JUG_00250,STR_0017,returned_to_store,2348-02-13 00:00:00
JUG_00250,HUB_AURORA,washed,2348-02-15 00:00:00
JUG_00250,STR_0019,purchased,2348-02-23 00:00:00
JUG_00250,STR_0019,returned_to_store,2348-04-17 00:00:00
JUG_00250,HUB_AURORA,washed,2348-04-20 00:00:00
JUG_00250,STR_0027,purchased,2348-05-14 00:00:00
JUG_00250,STR_0027,returned_to_store,2348-07-17 00:00:00
JUG_00250,HUB_AURORA,washed,2348-07-21 00:00:00
JUG_00250,STR_0028,purchased,2348-08-05 00:00:00
JUG_00250,STR_0028,returned_to_store,2348-10-23 00:00:00
JUG_00250,HUB_AURORA,washed,2348-10-26 00:00:00
JUG_00251,STR_0017,purchased,2348-11-21 00:00:00
JUG_00251,STR_0017,returned_to_store,2349-02-07 00:00:00
JUG_00251,HUB_AURORA,washed,2349-02-10 00:00:00
JUG_00251,STR_0030,purchased,2349-02-19 00:00:00
JUG_00251,STR_0030,returned_to_store,2349-05-11 00:00:00
JUG_00251,HUB_AURORA,washed,2349-05-14 00:00:00
JUG_00251,STR_0038,purchased,2349-06-07 00:00:00
JUG_00251,UNKNOWN,lost_to_leakage,2349-08-19 00:00:00
JUG_00252,STR_0002,purchased,2349-09-11 00:00:00
JUG_00252,STR_0002,returned_to_store,2349-12-07 00:00:00
JUG_00252,HUB_AURORA,washed,2349-12-11 00:00:00
JUG_00252,STR_0005,purchased,2350-01-10 00:00:00
JUG_00252,STR_0005,returned_to_store,2350-03-10 00:00:00
JUG_00252,HUB_AURORA,washed,2350-03-12 00:00:00
JUG_00252,STR_0041,purchased,2350-04-07 00:00:00
JUG_00252,STR_0041,returned_to_store,2350-06-20 00:00:00
JUG_00252,HUB_AURORA,washed,2350-06-25 00:00:00
JUG_00252,STR_0046,purchased,2350-07-22 00:00:00
JUG_00252,STR_0046,returned_to_store,2350-09-20 00:00:00
JUG_00252,HUB_AURORA,washed,2350-09-23 00:00:00
JUG_00253,STR_0020,purchased,2350-10-08 00:00:00
JUG_00253,STR_0020,returned_to_store,2350-12-23 00:00:00
JUG_00253,HUB_AURORA,washed,2350-12-28 00:00:00
JUG_00253,STR_0043,purchased,2351-01-22 00:00:00
JUG_00253,STR_0043,returned_to_store,2351-04-14 00:00:00
JUG_00253,HUB_AURORA,washed,2351-04-19 00:00:00
JUG_00253,STR_0036,purchased,2351-05-13 00:00:00
JUG_00253,STR_0036,returned_to_store,2351-07-21 00:00:00
JUG_00253,HUB_AURORA,washed,2351-07-26 00:00:00
JUG_00253,STR_0029,purchased,2351-08-12 00:00:00
JUG_00253,STR_0029,returned_to_store,2351-10-09 00:00:00
JUG_00253,HUB_AURORA,washed,2351-10-11 00:00:00
JUG_00253,STR_0044,purchased,2351-10-31 00:00:00
JUG_00253,STR_0044,returned_to_store,2352-01-21 00:00:00
JUG_00253,HUB_AURORA,washed,2352-01-24 00:00:00
JUG_00253,STR_0005,purchased,2352-02-15 00:00:00
JUG_00253,STR_0005,returned_to_store,2352-05-02 00:00:00
JUG_00253,HUB_AURORA,washed,2352-05-04 00:00:00
JUG_00253,STR_0024,purchased,2352-05-31 00:00:00
JUG_00253,STR_0024,returned_to_store,2352-08-01 00:00:00
JUG_00253,HUB_AURORA,washed,2352-08-04 00:00:00
JUG_00253,STR_0031,purchased,2352-08-30 00:00:00
JUG_00253,UNKNOWN,lost_to_leakage,2352-12-01 00:00:00
JUG_00254,STR_0000,purchased,2352-12-14 00:00:00
JUG_00254,STR_0000,returned_to_store,2353-02-21 00:00:00
JUG_00254,HUB_AURORA,washed,2353-02-26 00:00:00
JUG_00254,STR_0049,purchased,2353-03-12 00:00:00
JUG_00254,STR_0049,returned_to_store,2353-06-17 00:00:00
JUG_00254,HUB_AURORA,washed,2353-06-20 00:00:00
JUG_00254,STR_0036,purchased,2353-07-01 00:00:00
JUG_00254,STR_0036,returned_to_store,2353-09-02 00:00:00
JUG_00254,HUB_AURORA,washed,2353-09-04 00:00:00
JUG_00254,STR_0027,purchased,2353-09-14 00:00:00
JUG_00254,UNKNOWN,lost_to_leakage,2353-11-16 00:00:00
JUG_00255,STR_0015,purchased,2353-12-12 00:00:00
JUG_00255,STR_0015,returned_to_store,2354-03-09 00:00:00
JUG_00255,HUB_AURORA,washed,2354-03-11 00:00:00
JUG_00255,STR_0036,purchased,2354-04-05 00:00:00
JUG_00255,STR_0036,returned_to_store,2354-06-07 00:00:00
JUG_00255,HUB_AURORA,washed,2354-06-12 00:00:00
JUG_00255,STR_0008,purchased,2354-06-19 00:00:00
JUG_00255,STR_0008,returned_to_store,2354-08-14 00:00:00
JUG_00255,HUB_AURORA,washed,2354-08-19 00:00:00
JUG_00255,STR_0012,purchased,2354-09-01 00:00:00
JUG_00255,STR_0012,returned_to_store,2354-11-17 00:00:00
JUG_00255,HUB_AURORA,washed,2354-11-20 00:00:00
JUG_00256,STR_0011,purchased,2354-11-27 00:00:00
JUG_00256,STR_0011,returned_to_store,2355-02-24 00:00:00
JUG_00256,HUB_AURORA,washed,2355-02-27 00:00:00
JUG_00256,STR_0047,purchased,2355-03-26 00:00:00
JUG_00256,STR_0047,returned_to_store,2355-06-16 00:00:00
JUG_00256,HUB_AURORA,washed,2355-06-20 00:00:00
JUG_00256,STR_0024,purchased,2355-07-05 00:00:00
JUG_00256,STR_0024,returned_to_store,2355-09-04 00:00:00
JUG_00256,HUB_AURORA,washed,2355-09-08 00:00:00
JUG_00256,STR_0044,purchased,2355-10-01 00:00:00
JUG_00256,STR_0044,returned_to_store,2356-01-04 00:00:00
JUG_00256,HUB_AURORA,washed,2356-01-07 00:00:00
JUG_00256,STR_0006,purchased,2356-02-04 00:00:00
JUG_00256,STR_0006,returned_to_store,2356-04-03 00:00:00
JUG_00256,HUB_AURORA,washed,2356-04-06 00:00:00
JUG_00256,STR_0044,purchased,2356-04-15 00:00:00
JUG_00256,STR_0044,returned_to_store,2356-07-14 00:00:00
JUG_00256,HUB_AURORA,washed,2356-07-17 00:00:00
JUG_00256,STR_0039,purchased,2356-08-16 00:00:00
JUG_00256,STR_0039,returned_to_store,2356-11-10 00:00:00
JUG_00256,HUB_AURORA,washed,2356-11-15 00:00:00
JUG_00256,STR_0007,purchased,2356-12-13 00:00:00
JUG_00256,STR_0007,returned_to_store,2357-02-23 00:00:00
JUG_00256,HUB_AURORA,washed,2357-02-28 00:00:00
JUG_00256,STR_0007,purchased,2357-03-07 00:00:00
JUG_00256,STR_0007,returned_to_store,2357-06-04 00:00:00
JUG_00256,HUB_AURORA,washed,2357-06-09 00:00:00
JUG_00256,STR_0004,purchased,2357-06-25 00:00:00
JUG_00256,STR_0004,returned_to_store,2357-09-02 00:00:00
JUG_00256,HUB_AURORA,washed,2357-09-04 00:00:00
JUG_00257,STR_0010,purchased,2357-09-19 00:00:00
JUG_00257,UNKNOWN,lost_to_leakage,2357-11-27 00:00:00
JUG_00258,STR_0046,purchased,2357-12-23 00:00:00
JUG_00258,STR_0046,returned_to_store,2358-03-23 00:00:00
JUG_00258,HUB_AURORA,washed,2358-03-26 00:00:00
JUG_00258,STR_0049,purchased,2358-04-12 00:00:00
JUG_00258,STR_0049,returned_to_store,2358-06-05 00:00:00
JUG_00258,HUB_AURORA,washed,2358-06-10 00:00:00
JUG_00258,STR_0006,purchased,2358-06-21 00:00:00
JUG_00258,STR_0006,returned_to_store,2358-08-25 00:00:00
JUG_00258,HUB_AURORA,washed,2358-08-27 00:00:00
JUG_00258,STR_0042,purchased,2358-09-08 00:00:00
JUG_00258,STR_0042,returned_to_store,2358-11-13 00:00:00
JUG_00258,HUB_AURORA,washed,2358-11-17 00:00:00
JUG_00258,STR_0026,purchased,2358-12-09 00:00:00
JUG_00258,STR_0026,returned_to_store,2359-03-09 00:00:00
JUG_00258,HUB_AURORA,washed,2359-03-11 00:00:00
JUG_00259,STR_0028,purchased,2359-04-03 00:00:00
JUG_00259,STR_0028,returned_to_store,2359-07-05 00:00:00
JUG_00259,HUB_AURORA,washed,2359-07-07 00:00:00
JUG_00259,STR_0009,purchased,2359-07-23 00:00:00
JUG_00259,STR_0009,returned_to_store,2359-09-12 00:00:00
JUG_00259,HUB_AURORA,washed,2359-09-16 00:00:00
JUG_00259,STR_0027,purchased,2359-10-16 00:00:00
JUG_00259,STR_0027,returned_to_store,2360-01-02 00:00:00
JUG_00259,HUB_AURORA,washed,2360-01-06 00:00:00
JUG_00259,STR_0049,purchased,2360-02-05 00:00:00
JUG_00259,STR_0049,returned_to_store,2360-05-08 00:00:00
JUG_00259,HUB_AURORA,washed,2360-05-12 00:00:00
JUG_00259,STR_0042,purchased,2360-05-21 00:00:00
JUG_00259,STR_0042,returned_to_store,2360-07-25 00:00:00
JUG_00259,HUB_AURORA,washed,2360-07-27 00:00:00
JUG_00259,STR_0017,purchased,2360-08-03 00:00:00
JUG_00259,UNKNOWN,lost_to_leakage,2360-11-07 00:00:00
JUG_00260,STR_0000,purchased,2360-11-18 00:00:00
JUG_00260,STR_0000,returned_to_store,2361-01-11 00:00:00
JUG_00260,HUB_AURORA,washed,2361-01-15 00:00:00
JUG_00260,STR_0028,purchased,2361-02-02 00:00:00
JUG_00260,STR_0028,returned_to_store,2361-04-19 00:00:00
JUG_00260,HUB_AURORA,washed,2361-04-23 00:00:00
JUG_00260,STR_0026,purchased,2361-05-20 00:00:00
JUG_00260,UNKNOWN,lost_to_leakage,2361-07-26 00:00:00
JUG_00261,STR_0036,purchased,2361-08-03 00:00:00
JUG_00261,STR_0036,returned_to_store,2361-10-19 00:00:00
JUG_00261,HUB_AURORA,washed,2361-10-23 00:00:00
JUG_00261,STR_0004,purchased,2361-11-03 00:00:00
JUG_00261,STR_0004,returned_to_store,2362-01-25 00:00:00
JUG_00261,HUB_AURORA,washed,2362-01-29 00:00:00
JUG_00261,STR_0039,purchased,2362-02-12 00:00:00
JUG_00261,STR_0039,returned_to_store,2362-04-11 00:00:00
JUG_00261,HUB_AURORA,washed,2362-04-13 00:00:00
JUG_00262,STR_0031,purchased,2362-04-26 00:00:00
JUG_00262,STR_0031,returned_to_store,2362-07-04 00:00:00
JUG_00262,HUB_AURORA,washed,2362-07-09 00:00:00
JUG_00262,STR_0035,purchased,2362-07-27 00:00:00
JUG_00262,STR_0035,returned_to_store,2362-09-28 00:00:00
JUG_00262,HUB_AURORA,washed,2362-10-01 00:00:00
JUG_00262,STR_0011,purchased,2362-10-29 00:00:00
JUG_00262,STR_0011,returned_to_store,2363-01-15 00:00:00
JUG_00262,HUB_AURORA,washed,2363-01-19 00:00:00
JUG_00263,STR_0010,purchased,2363-02-08 00:00:00
JUG_00263,STR_0010,returned_to_store,2363-04-20 00:00:00
JUG_00263,HUB_AURORA,washed,2363-04-25 00:00:00
JUG_00263,STR_0015,purchased,2363-05-02 00:00:00
JUG_00263,UNKNOWN,lost_to_leakage,2363-07-20 00:00:00
JUG_00264,STR_0043,purchased,2363-08-19 00:00:00
JUG_00264,UNKNOWN,lost_to_leakage,2363-10-15 00:00:00
JUG_00265,STR_0045,purchased,2363-10-22 00:00:00
JUG_00265,STR_0045,returned_to_store,2363-12-30 00:00:00
JUG_00265,HUB_AURORA,washed,2364-01-04 00:00:00
JUG_00265,STR_0003,purchased,2364-01-26 00:00:00
JUG_00265,STR_0003,returned_to_store,2364-03-23 00:00:00
JUG_00265,HUB_AURORA,washed,2364-03-26 00:00:00
JUG_00265,STR_0010,purchased,2364-04-09 00:00:00
JUG_00265,STR_0010,returned_to_store,2364-06-05 00:00:00
JUG_00265,HUB_AURORA,washed,2364-06-09 00:00:00
JUG_00265,STR_0014,purchased,2364-06-21 00:00:00
JUG_00265,STR_0014,returned_to_store,2364-08-26 00:00:00
JUG_00265,HUB_AURORA,washed,2364-08-28 00:00:00
JUG_00266,STR_0045,purchased,2364-09-09 00:00:00
JUG_00266,STR_0045,returned_to_store,2364-11-03 00:00:00
JUG_00266,HUB_AURORA,washed,2364-11-06 00:00:00
JUG_00266,STR_0047,purchased,2364-12-04 00:00:00
JUG_00266,STR_0047,returned_to_store,2365-02-03 00:00:00
JUG_00266,HUB_AURORA,washed,2365-02-06 00:00:00
JUG_00266,STR_0048,purchased,2365-02-14 00:00:00
JUG_00266,STR_0048,returned_to_store,2365-05-11 00:00:00
JUG_00266,HUB_AURORA,washed,2365-05-15 00:00:00
JUG_00267,STR_0032,purchased,2365-06-06 00:00:00
JUG_00267,STR_0032,returned_to_store,2365-09-11 00:00:00
JUG_00267,HUB_AURORA,washed,2365-09-15 00:00:00
JUG_00267,STR_0007,purchased,2365-10-11 00:00:00
JUG_00267,STR_0007,returned_to_store,2365-12-11 00:00:00
JUG_00267,HUB_AURORA,washed,2365-12-16 00:00:00
JUG_00267,STR_0047,purchased,2365-12-23 00:00:00
JUG_00267,UNKNOWN,lost_to_leakage,2366-02-16 00:00:00
JUG_00268,STR_0022,purchased,2366-03-14 00:00:00
JUG_00268,STR_0022,returned_to_store,2366-05-10 00:00:00
JUG_00268,HUB_AURORA,washed,2366-05-12 00:00:00
JUG_00268,STR_0025,purchased,2366-05-26 00:00:00
JUG_00268,STR_0025,returned_to_store,2366-08-28 00:00:00
JUG_00268,HUB_AURORA,washed,2366-09-02 00:00:00
JUG_00268,STR_0021,purchased,2366-09-16 00:00:00
JUG_00268,STR_0021,returned_to_store,2366-11-26 00:00:00
JUG_00268,HUB_AURORA,washed,2366-11-28 00:00:00
JUG_00268,STR_0014,purchased,2366-12-18 00:00:00
JUG_00268,STR_0014,returned_to_store,2367-03-17 00:00:00
JUG_00268,HUB_AURORA,washed,2367-03-19 00:00:00
JUG_00268,STR_0034,purchased,2367-04-10 00:00:00
JUG_00268,STR_0034,returned_to_store,2367-07-08 00:00:00
JUG_00268,HUB_AURORA,washed,2367-07-11 00:00:00
JUG_00268,STR_0036,purchased,2367-07-26 00:00:00
JUG_00268,STR_0036,returned_to_store,2367-09-26 00:00:00
JUG_00268,HUB_AURORA,washed,2367-09-30 00:00:00
JUG_00268,STR_0048,purchased,2367-10-25 00:00:00
JUG_00268,STR_0048,returned_to_store,2367-12-28 00:00:00
JUG_00268,HUB_AURORA,washed,2368-01-02 00:00:00
JUG_00268,STR_0048,purchased,2368-01-24 00:00:00
JUG_00268,STR_0048,returned_to_store,2368-04-21 00:00:00
JUG_00268,HUB_AURORA,washed,2368-04-26 00:00:00
JUG_00268,STR_0037,purchased,2368-05-05 00:00:00
JUG_00268,UNKNOWN,lost_to_leakage,2368-07-12 00:00:00
JUG_00269,STR_0005,purchased,2368-08-10 00:00:00
JUG_00269,STR_0005,returned_to_store,2368-10-08 00:00:00
JUG_00269,HUB_AURORA,washed,2368-10-12 00:00:00
JUG_00269,STR_0024,purchased,2368-10-20 00:00:00
JUG_00269,UNKNOWN,lost_to_leakage,2369-01-02 00:00:00
JUG_00270,STR_0030,purchased,2369-01-22 00:00:00
JUG_00270,STR_0030,returned_to_store,2369-04-21 00:00:00
JUG_00270,HUB_AURORA,washed,2369-04-24 00:00:00
JUG_00270,STR_0002,purchased,2369-05-13 00:00:00
JUG_00270,STR_0002,returned_to_store,2369-07-09 00:00:00
JUG_00270,HUB_AURORA,washed,2369-07-12 00:00:00
JUG_00270,STR_0041,purchased,2369-07-24 00:00:00
JUG_00270,STR_0041,returned_to_store,2369-09-17 00:00:00
JUG_00270,HUB_AURORA,washed,2369-09-20 00:00:00
JUG_00270,STR_0042,purchased,2369-10-09 00:00:00
JUG_00270,STR_0042,returned_to_store,2369-12-14 00:00:00
JUG_00270,HUB_AURORA,washed,2369-12-19 00:00:00
JUG_00271,STR_0002,purchased,2369-12-31 00:00:00
JUG_00271,STR_0002,returned_to_store,2370-03-16 00:00:00
JUG_00271,HUB_AURORA,washed,2370-03-18 00:00:00
JUG_00271,STR_0003,purchased,2370-04-15 00:00:00
JUG_00271,STR_0003,returned_to_store,2370-06-20 00:00:00
JUG_00271,HUB_AURORA,washed,2370-06-22 00:00:00
JUG_00271,STR_0043,purchased,2370-07-19 00:00:00
JUG_00271,STR_0043,returned_to_store,2370-10-04 00:00:00
JUG_00271,HUB_AURORA,washed,2370-10-06 00:00:00
JUG_00271,STR_0002,purchased,2370-10-16 00:00:00
JUG_00271,STR_0002,returned_to_store,2371-01-21 00:00:00
JUG_00271,HUB_AURORA,washed,2371-01-26 00:00:00
JUG_00271,STR_0022,purchased,2371-02-25 00:00:00
JUG_00271,STR_0022,returned_to_store,2371-05-16 00:00:00
JUG_00271,HUB_AURORA,washed,2371-05-18 00:00:00
JUG_00272,STR_0044,purchased,2371-05-31 00:00:00
JUG_00272,STR_0044,returned_to_store,2371-08-27 00:00:00
JUG_00272,HUB_AURORA,washed,2371-08-31 00:00:00
JUG_00272,STR_0024,purchased,2371-09-17 00:00:00
JUG_00272,STR_0024,returned_to_store,2371-11-18 00:00:00
JUG_00272,HUB_AURORA,washed,2371-11-21 00:00:00
JUG_00272,STR_0047,purchased,2371-12-06 00:00:00
JUG_00272,STR_0047,returned_to_store,2372-03-03 00:00:00
JUG_00272,HUB_AURORA,washed,2372-03-06 00:00:00
JUG_00272,STR_0026,purchased,2372-03-18 00:00:00
JUG_00272,STR_0026,returned_to_store,2372-05-25 00:00:00
JUG_00272,HUB_AURORA,washed,2372-05-29 00:00:00
JUG_00272,STR_0002,purchased,2372-06-15 00:00:00
JUG_00272,STR_0002,returned_to_store,2372-09-02 00:00:00
JUG_00272,HUB_AURORA,washed,2372-09-05 00:00:00
JUG_00272,STR_0028,purchased,2372-09-29 00:00:00
JUG_00272,STR_0028,returned_to_store,2372-11-21 00:00:00
JUG_00272,HUB_AURORA,washed,2372-11-26 00:00:00
JUG_00272,STR_0027,purchased,2372-12-15 00:00:00
JUG_00272,STR_0027,returned_to_store,2373-03-02 00:00:00
JUG_00272,HUB_AURORA,washed,2373-03-06 00:00:00
JUG_00272,STR_0005,purchased,2373-03-20 00:00:00
JUG_00272,STR_0005,returned_to_store,2373-06-18 00:00:00
JUG_00272,HUB_AURORA,washed,2373-06-23 00:00:00
JUG_00273,STR_0038,purchased,2373-07-14 00:00:00
JUG_00273,STR_0038,returned_to_store,2373-10-03 00:00:00
JUG_00273,HUB_AURORA,washed,2373-10-05 00:00:00
JUG_00273,STR_0010,purchased,2373-11-01 00:00:00
JUG_00273,STR_0010,returned_to_store,2373-12-26 00:00:00
JUG_00273,HUB_AURORA,washed,2373-12-30 00:00:00
JUG_00273,STR_0033,purchased,2374-01-27 00:00:00
JUG_00273,STR_0033,returned_to_store,2374-04-08 00:00:00
JUG_00273,HUB_AURORA,washed,2374-04-12 00:00:00
JUG_00273,STR_0046,purchased,2374-04-23 00:00:00
JUG_00273,STR_0046,returned_to_store,2374-07-31 00:00:00
JUG_00273,HUB_AURORA,washed,2374-08-03 00:00:00
JUG_00273,STR_0030,purchased,2374-08-17 00:00:00
JUG_00273,STR_0030,returned_to_store,2374-11-01 00:00:00
JUG_00273,HUB_AURORA,washed,2374-11-03 00:00:00
JUG_00273,STR_0027,purchased,2374-12-03 00:00:00
JUG_00273,STR_0027,returned_to_store,2375-02-25 00:00:00
JUG_00273,HUB_AURORA,washed,2375-03-01 00:00:00
JUG_00273,STR_0034,purchased,2375-03-26 00:00:00
JUG_00273,STR_0034,returned_to_store,2375-05-26 00:00:00
JUG_00273,HUB_AURORA,washed,2375-05-30 00:00:00
JUG_00273,STR_0032,purchased,2375-06-28 00:00:00
JUG_00273,STR_0032,returned_to_store,2375-10-02 00:00:00
JUG_00273,HUB_AURORA,washed,2375-10-07 00:00:00
JUG_00273,STR_0020,purchased,2375-10-20 00:00:00
JUG_00273,STR_0020,returned_to_store,2376-01-18 00:00:00
JUG_00273,HUB_AURORA,washed,2376-01-20 00:00:00
JUG_00273,STR_0021,purchased,2376-02-19 00:00:00
JUG_00273,STR_0021,returned_to_store,2376-06-01 00:00:00
JUG_00273,HUB_AURORA,washed,2376-06-06 00:00:00
JUG_00274,STR_0014,purchased,2376-06-18 00:00:00
JUG_00274,STR_0014,returned_to_store,2376-08-21 00:00:00
JUG_00274,HUB_AURORA,washed,2376-08-24 00:00:00
JUG_00274,STR_0027,purchased,2376-09-06 00:00:00
JUG_00274,UNKNOWN,lost_to_leakage,2376-10-29 00:00:00
JUG_00275,STR_0046,purchased,2376-11-12 00:00:00
JUG_00275,STR_0046,returned_to_store,2377-01-30 00:00:00
JUG_00275,HUB_AURORA,washed,2377-02-02 00:00:00
JUG_00275,STR_0020,purchased,2377-03-02 00:00:00
JUG_00275,STR_0020,returned_to_store,2377-05-08 00:00:00
JUG_00275,HUB_AURORA,washed,2377-05-13 00:00:00
JUG_00275,STR_0005,purchased,2377-05-24 00:00:00
JUG_00275,STR_0005,returned_to_store,2377-08-20 00:00:00
JUG_00275,HUB_AURORA,washed,2377-08-22 00:00:00
JUG_00275,STR_0040,purchased,2377-09-10 00:00:00
JUG_00275,UNKNOWN,lost_to_leakage,2377-11-29 00:00:00
JUG_00276,STR_0018,purchased,2377-12-10 00:00:00
JUG_00276,UNKNOWN,lost_to_leakage,2378-02-26 00:00:00
JUG_00277,STR_0011,purchased,2378-03-19 00:00:00
JUG_00277,UNKNOWN,lost_to_leakage,2378-05-17 00:00:00
JUG_00278,STR_0000,purchased,2378-06-14 00:00:00
JUG_00278,STR_0000,returned_to_store,2378-08-12 00:00:00
JUG_00278,HUB_AURORA,washed,2378-08-17 00:00:00
JUG_00278,STR_0048,purchased,2378-09-03 00:00:00
JUG_00278,STR_0048,returned_to_store,2378-12-01 00:00:00
JUG_00278,HUB_AURORA,washed,2378-12-05 00:00:00
JUG_00278,STR_0019,purchased,2379-01-03 00:00:00
JUG_00278,STR_0019,returned_to_store,2379-04-04 00:00:00
JUG_00278,HUB_AURORA,washed,2379-04-09 00:00:00
JUG_00278,STR_0017,purchased,2379-05-02 00:00:00
JUG_00278,STR_0017,returned_to_store,2379-08-05 00:00:00
JUG_00278,HUB_AURORA,washed,2379-08-09 00:00:00
JUG_00279,STR_0004,purchased,2379-09-07 00:00:00
JUG_00279,STR_0004,returned_to_store,2379-11-21 00:00:00
JUG_00279,HUB_AURORA,washed,2379-11-25 00:00:00
JUG_00279,STR_0038,purchased,2379-12-25 00:00:00
JUG_00279,STR_0038,returned_to_store,2380-03-17 00:00:00
JUG_00279,HUB_AURORA,washed,2380-03-20 00:00:00
JUG_00279,STR_0035,purchased,2380-03-29 00:00:00
JUG_00279,STR_0035,returned_to_store,2380-05-30 00:00:00
JUG_00279,HUB_AURORA,washed,2380-06-02 00:00:00
JUG_00279,STR_0020,purchased,2380-06-16 00:00:00
JUG_00279,STR_0020,returned_to_store,2380-08-28 00:00:00
JUG_00279,HUB_AURORA,washed,2380-09-01 00:00:00
JUG_00279,STR_0002,purchased,2380-09-15 00:00:00
JUG_00279,STR_0002,returned_to_store,2380-11-15 00:00:00
JUG_00279,HUB_AURORA,washed,2380-11-19 00:00:00
JUG_00279,STR_0014,purchased,2380-12-03 00:00:00
JUG_00279,STR_0014,returned_to_store,2381-02-15 00:00:00
JUG_00279,HUB_AURORA,washed,2381-02-17 00:00:00
JUG_00279,STR_0044,purchased,2381-02-24 00:00:00
JUG_00279,STR_0044,returned_to_store,2381-05-28 00:00:00
JUG_00279,HUB_AURORA,washed,2381-06-01 00:00:00
JUG_00279,STR_0001,purchased,2381-07-01 00:00:00
JUG_00279,STR_0001,returned_to_store,2381-09-22 00:00:00
JUG_00279,HUB_AURORA,washed,2381-09-24 00:00:00
JUG_00279,STR_0013,purchased,2381-10-02 00:00:00
JUG_00279,STR_0013,returned_to_store,2381-12-01 00:00:00
JUG_00279,HUB_AURORA,washed,2381-12-03 00:00:00
JUG_00279,STR_0045,purchased,2381-12-26 00:00:00
JUG_00279,STR_0045,returned_to_store,2382-03-18 00:00:00
JUG_00279,HUB_AURORA,washed,2382-03-23 00:00:00
JUG_00280,STR_0014,purchased,2382-04-21 00:00:00
JUG_00280,STR_0014,returned_to_store,2382-07-08 00:00:00
JUG_00280,HUB_AURORA,washed,2382-07-13 00:00:00
JUG_00280,STR_0014,purchased,2382-07-29 00:00:00
JUG_00280,STR_0014,returned_to_store,2382-11-02 00:00:00
JUG_00280,HUB_AURORA,washed,2382-11-05 00:00:00
JUG_00280,STR_0042,purchased,2382-11-24 00:00:00
JUG_00280,STR_0042,returned_to_store,2383-02-24 00:00:00
JUG_00280,HUB_AURORA,washed,2383-02-26 00:00:00
JUG_00280,STR_0046,purchased,2383-03-20 00:00:00
JUG_00280,STR_0046,returned_to_store,2383-06-13 00:00:00
JUG_00280,HUB_AURORA,washed,2383-06-16 00:00:00
JUG_00280,STR_0019,purchased,2383-07-04 00:00:00
JUG_00280,STR_0019,returned_to_store,2383-09-20 00:00:00
JUG_00280,HUB_AURORA,washed,2383-09-23 00:00:00
JUG_00280,STR_0048,purchased,2383-10-08 00:00:00
JUG_00280,STR_0048,returned_to_store,2384-01-07 00:00:00
JUG_00280,HUB_AURORA,washed,2384-01-09 00:00:00
JUG_00280,STR_0005,purchased,2384-02-01 00:00:00
JUG_00280,STR_0005,returned_to_store,2384-04-20 00:00:00
JUG_00280,HUB_AURORA,washed,2384-04-24 00:00:00
JUG_00280,STR_0029,purchased,2384-05-16 00:00:00
JUG_00280,STR_0029,returned_to_store,2384-08-21 00:00:00
JUG_00280,HUB_AURORA,washed,2384-08-25 00:00:00
JUG_00280,STR_0008,purchased,2384-09-24 00:00:00
JUG_00280,STR_0008,returned_to_store,2384-11-26 00:00:00
JUG_00280,HUB_AURORA,washed,2384-12-01 00:00:00
JUG_00280,STR_0013,purchased,2384-12-14 00:00:00
JUG_00280,STR_0013,returned_to_store,2385-03-09 00:00:00
JUG_00280,HUB_AURORA,washed,2385-03-13 00:00:00
JUG_00281,STR_0021,purchased,2385-04-01 00:00:00
JUG_00281,STR_0021,returned_to_store,2385-06-09 00:00:00
JUG_00281,HUB_AURORA,washed,2385-06-14 00:00:00
JUG_00281,STR_0010,purchased,2385-07-08 00:00:00
JUG_00281,STR_0010,returned_to_store,2385-09-22 00:00:00
JUG_00281,HUB_AURORA,washed,2385-09-24 00:00:00
JUG_00281,STR_0034,purchased,2385-10-09 00:00:00
JUG_00281,UNKNOWN,lost_to_leakage,2385-12-04 00:00:00
JUG_00282,STR_0013,purchased,2385-12-28 00:00:00
JUG_00282,STR_0013,returned_to_store,2386-03-06 00:00:00
JUG_00282,HUB_AURORA,washed,2386-03-08 00:00:00
JUG_00282,STR_0032,purchased,2386-03-30 00:00:00
JUG_00282,STR_0032,returned_to_store,2386-05-29 00:00:00
JUG_00282,HUB_AURORA,washed,2386-06-03 00:00:00
JUG_00282,STR_0014,purchased,2386-06-20 00:00:00
JUG_00282,STR_0014,returned_to_store,2386-08-30 00:00:00
JUG_00282,HUB_AURORA,washed,2386-09-04 00:00:00
JUG_00282,STR_0030,purchased,2386-09-24 00:00:00
JUG_00282,STR_0030,returned_to_store,2386-12-06 00:00:00
JUG_00282,HUB_AURORA,washed,2386-12-11 00:00:00
JUG_00282,STR_0034,purchased,2386-12-27 00:00:00
JUG_00282,STR_0034,returned_to_store,2387-03-17 00:00:00
JUG_00282,HUB_AURORA,washed,2387-03-22 00:00:00
JUG_00282,STR_0022,purchased,2387-03-30 00:00:00
JUG_00282,UNKNOWN,lost_to_leakage,2387-07-10 00:00:00
JUG_00283,STR_0002,purchased,2387-07-28 00:00:00
JUG_00283,STR_0002,returned_to_store,2387-09-30 00:00:00
JUG_00283,HUB_AURORA,washed,2387-10-02 00:00:00
JUG_00283,STR_0009,purchased,2387-10-20 00:00:00
JUG_00283,STR_0009,returned_to_store,2388-01-27 00:00:00
JUG_00283,HUB_AURORA,washed,2388-01-31 00:00:00
JUG_00283,STR_0010,purchased,2388-02-25 00:00:00
JUG_00283,STR_0010,returned_to_store,2388-05-20 00:00:00
JUG_00283,HUB_AURORA,washed,2388-05-23 00:00:00
JUG_00283,STR_0048,purchased,2388-06-19 00:00:00
JUG_00283,STR_0048,returned_to_store,2388-09-16 00:00:00
JUG_00283,HUB_AURORA,washed,2388-09-21 00:00:00
JUG_00283,STR_0012,purchased,2388-10-11 00:00:00
JUG_00283,STR_0012,returned_to_store,2388-12-25 00:00:00
JUG_00283,HUB_AURORA,washed,2388-12-27 00:00:00
JUG_00283,STR_0019,purchased,2389-01-26 00:00:00
JUG_00283,STR_0019,returned_to_store,2389-04-30 00:00:00
JUG_00283,HUB_AURORA,washed,2389-05-05 00:00:00
JUG_00283,STR_0043,purchased,2389-05-14 00:00:00
JUG_00283,STR_0043,returned_to_store,2389-08-08 00:00:00
JUG_00283,HUB_AURORA,washed,2389-08-13 00:00:00
JUG_00283,STR_0049,purchased,2389-08-30 00:00:00
JUG_00283,STR_0049,returned_to_store,2389-11-10 00:00:00
JUG_00283,HUB_AURORA,washed,2389-11-15 00:00:00
JUG_00283,STR_0033,purchased,2389-12-12 00:00:00
JUG_00283,STR_0033,returned_to_store,2390-03-22 00:00:00
JUG_00283,HUB_AURORA,washed,2390-03-25 00:00:00
JUG_00283,STR_0023,purchased,2390-04-09 00:00:00
JUG_00283,STR_0023,returned_to_store,2390-06-07 00:00:00
JUG_00283,HUB_AURORA,washed,2390-06-11 00:00:00
JUG_00284,STR_0012,purchased,2390-06-30 00:00:00
JUG_00284,STR_0012,returned_to_store,2390-09-06 00:00:00
JUG_00284,HUB_AURORA,washed,2390-09-08 00:00:00
JUG_00284,STR_0048,purchased,2390-10-03 00:00:00
JUG_00284,STR_0048,returned_to_store,2390-12-22 00:00:00
JUG_00284,HUB_AURORA,washed,2390-12-27 00:00:00
JUG_00284,STR_0010,purchased,2391-01-05 00:00:00
JUG_00284,STR_0010,returned_to_store,2391-04-08 00:00:00
JUG_00284,HUB_AURORA,washed,2391-04-13 00:00:00
JUG_00284,STR_0040,purchased,2391-05-10 00:00:00
JUG_00284,UNKNOWN,lost_to_leakage,2391-07-22 00:00:00
JUG_00285,STR_0013,purchased,2391-08-03 00:00:00
JUG_00285,STR_0013,returned_to_store,2391-10-03 00:00:00
JUG_00285,HUB_AURORA,washed,2391-10-08 00:00:00
JUG_00285,STR_0030,purchased,2391-11-07 00:00:00
JUG_00285,UNKNOWN,lost_to_leakage,2392-02-18 00:00:00
JUG_00286,STR_0045,purchased,2392-03-11 00:00:00
JUG_00286,STR_0045,returned_to_store,2392-05-23 00:00:00
JUG_00286,HUB_AURORA,washed,2392-05-27 00:00:00
JUG_00286,STR_0047,purchased,2392-06-24 00:00:00
JUG_00286,STR_0047,returned_to_store,2392-09-02 00:00:00
JUG_00286,HUB_AURORA,washed,2392-09-06 00:00:00
JUG_00286,STR_0013,purchased,2392-09-20 00:00:00
JUG_00286,STR_0013,returned_to_store,2392-12-10 00:00:00
JUG_00286,HUB_AURORA,washed,2392-12-14 00:00:00
JUG_00286,STR_0045,purchased,2393-01-13 00:00:00
JUG_00286,STR_0045,returned_to_store,2393-04-03 00:00:00
JUG_00286,HUB_AURORA,washed,2393-04-08 00:00:00
JUG_00286,STR_0029,purchased,2393-05-05 00:00:00
JUG_00286,STR_0029,returned_to_store,2393-07-02 00:00:00
JUG_00286,HUB_AURORA,washed,2393-07-06 00:00:00
JUG_00286,STR_0005,purchased,2393-07-24 00:00:00
JUG_00286,STR_0005,returned_to_store,2393-10-21 00:00:00
JUG_00286,HUB_AURORA,washed,2393-10-24 00:00:00
JUG_00286,STR_0039,purchased,2393-11-09 00:00:00
JUG_00286,STR_0039,returned_to_store,2394-01-15 00:00:00
JUG_00286,HUB_AURORA,washed,2394-01-20 00:00:00
JUG_00287,STR_0008,purchased,2394-02-15 00:00:00
JUG_00287,STR_0008,returned_to_store,2394-05-18 00:00:00
JUG_00287,HUB_AURORA,washed,2394-05-23 00:00:00
JUG_00287,STR_0028,purchased,2394-06-16 00:00:00
JUG_00287,STR_0028,returned_to_store,2394-08-11 00:00:00
JUG_00287,HUB_AURORA,washed,2394-08-15 00:00:00
JUG_00287,STR_0035,purchased,2394-09-02 00:00:00
JUG_00287,STR_0035,returned_to_store,2394-12-01 00:00:00
JUG_00287,HUB_AURORA,washed,2394-12-04 00:00:00
JUG_00287,STR_0013,purchased,2394-12-20 00:00:00
JUG_00287,STR_0013,returned_to_store,2395-02-26 00:00:00
JUG_00287,HUB_AURORA,washed,2395-02-28 00:00:00
JUG_00287,STR_0044,purchased,2395-03-07 00:00:00
JUG_00287,STR_0044,returned_to_store,2395-05-11 00:00:00
JUG_00287,HUB_AURORA,washed,2395-05-13 00:00:00
JUG_00287,STR_0043,purchased,2395-05-29 00:00:00
JUG_00287,STR_0043,returned_to_store,2395-08-22 00:00:00
JUG_00287,HUB_AURORA,washed,2395-08-27 00:00:00
JUG_00287,STR_0026,purchased,2395-09-20 00:00:00
JUG_00287,STR_0026,returned_to_store,2395-11-16 00:00:00
JUG_00287,HUB_AURORA,washed,2395-11-21 00:00:00
JUG_00288,STR_0035,purchased,2395-12-13 00:00:00
JUG_00288,STR_0035,returned_to_store,2396-03-01 00:00:00
JUG_00288,HUB_AURORA,washed,2396-03-03 00:00:00
JUG_00288,STR_0033,purchased,2396-03-29 00:00:00
JUG_00288,STR_0033,returned_to_store,2396-06-03 00:00:00
JUG_00288,HUB_AURORA,washed,2396-06-06 00:00:00
JUG_00288,STR_0044,purchased,2396-06-13 00:00:00
JUG_00288,STR_0044,returned_to_store,2396-09-18 00:00:00
JUG_00288,HUB_AURORA,washed,2396-09-22 00:00:00
JUG_00288,STR_0028,purchased,2396-10-19 00:00:00
JUG_00288,STR_0028,returned_to_store,2397-01-14 00:00:00
JUG_00288,HUB_AURORA,washed,2397-01-19 00:00:00
JUG_00289,STR_0015,purchased,2397-01-26 00:00:00
JUG_00289,STR_0015,returned_to_store,2397-04-05 00:00:00
JUG_00289,HUB_AURORA,washed,2397-04-09 00:00:00
JUG_00289,STR_0004,purchased,2397-04-20 00:00:00
JUG_00289,STR_0004,returned_to_store,2397-06-23 00:00:00
JUG_00289,HUB_AURORA,washed,2397-06-27 00:00:00
JUG_00289,STR_0040,purchased,2397-07-23 00:00:00
JUG_00289,STR_0040,returned_to_store,2397-09-20 00:00:00
JUG_00289,HUB_AURORA,washed,2397-09-22 00:00:00
JUG_00290,STR_0035,purchased,2397-10-11 00:00:00
JUG_00290,UNKNOWN,lost_to_leakage,2397-12-03 00:00:00
JUG_00291,STR_0047,purchased,2397-12-25 00:00:00
JUG_00291,STR_0047,returned_to_store,2398-02-18 00:00:00
JUG_00291,HUB_AURORA,washed,2398-02-22 00:00:00
JUG_00291,STR_0000,purchased,2398-03-04 00:00:00
JUG_00291,STR_0000,returned_to_store,2398-06-13 00:00:00
JUG_00291,HUB_AURORA,washed,2398-06-17 00:00:00
JUG_00291,STR_0027,purchased,2398-06-24 00:00:00
JUG_00291,STR_0027,returned_to_store,2398-08-31 00:00:00
JUG_00291,HUB_AURORA,washed,2398-09-05 00:00:00
JUG_00291,STR_0045,purchased,2398-09-16 00:00:00
JUG_00291,STR_0045,returned_to_store,2398-12-22 00:00:00
JUG_00291,HUB_AURORA,washed,2398-12-25 00:00:00
JUG_00291,STR_0046,purchased,2399-01-05 00:00:00
JUG_00291,UNKNOWN,lost_to_leakage,2399-04-06 00:00:00
JUG_00292,STR_0002,purchased,2399-04-24 00:00:00
JUG_00292,STR_0002,returned_to_store,2399-07-25 00:00:00
JUG_00292,HUB_AURORA,washed,2399-07-30 00:00:00
JUG_00292,STR_0027,purchased,2399-08-23 00:00:00
JUG_00292,STR_0027,returned_to_store,2399-11-12 00:00:00
JUG_00292,HUB_AURORA,washed,2399-11-14 00:00:00
JUG_00292,STR_0043,purchased,2399-12-11 00:00:00
JUG_00292,STR_0043,returned_to_store,2400-01-30 00:00:00
JUG_00292,HUB_AURORA,washed,2400-02-04 00:00:00
JUG_00292,STR_0025,purchased,2400-03-03 00:00:00
JUG_00292,STR_0025,returned_to_store,2400-06-03 00:00:00
JUG_00292,HUB_AURORA,washed,2400-06-05 00:00:00
JUG_00292,STR_0043,purchased,2400-06-12 00:00:00
JUG_00292,STR_0043,returned_to_store,2400-09-10 00:00:00
JUG_00292,HUB_AURORA,washed,2400-09-14 00:00:00
JUG_00292,STR_0040,purchased,2400-09-23 00:00:00
JUG_00292,UNKNOWN,lost_to_leakage,2400-11-15 00:00:00
JUG_00293,STR_0029,purchased,2400-12-04 00:00:00
JUG_00293,STR_0029,returned_to_store,2401-02-09 00:00:00
JUG_00293,HUB_AURORA,washed,2401-02-13 00:00:00
JUG_00293,STR_0048,purchased,2401-03-13 00:00:00
JUG_00293,STR_0048,returned_to_store,2401-05-12 00:00:00
JUG_00293,HUB_AURORA,washed,2401-05-14 00:00:00
JUG_00293,STR_0005,purchased,2401-05-28 00:00:00
JUG_00293,STR_0005,returned_to_store,2401-07-19 00:00:00
JUG_00293,HUB_AURORA,washed,2401-07-21 00:00:00
JUG_00294,STR_0015,purchased,2401-08-02 00:00:00
JUG_00294,STR_0015,returned_to_store,2401-10-17 00:00:00
JUG_00294,HUB_AURORA,washed,2401-10-22 00:00:00
JUG_00294,STR_0001,purchased,2401-11-14 00:00:00
JUG_00294,STR_0001,returned_to_store,2402-02-24 00:00:00
JUG_00294,HUB_AURORA,washed,2402-02-26 00:00:00
JUG_00294,STR_0029,purchased,2402-03-18 00:00:00
JUG_00294,STR_0029,returned_to_store,2402-06-09 00:00:00
JUG_00294,HUB_AURORA,washed,2402-06-12 00:00:00
JUG_00294,STR_0010,purchased,2402-06-27 00:00:00
JUG_00294,STR_0010,returned_to_store,2402-09-24 00:00:00
JUG_00294,HUB_AURORA,washed,2402-09-29 00:00:00
JUG_00294,STR_0002,purchased,2402-10-25 00:00:00
JUG_00294,STR_0002,returned_to_store,2402-12-26 00:00:00
JUG_00294,HUB_AURORA,washed,2402-12-30 00:00:00
JUG_00295,STR_0013,purchased,2403-01-23 00:00:00
JUG_00295,STR_0013,returned_to_store,2403-04-04 00:00:00
JUG_00295,HUB_AURORA,washed,2403-04-08 00:00:00
JUG_00295,STR_0018,purchased,2403-05-08 00:00:00
JUG_00295,STR_0018,returned_to_store,2403-07-03 00:00:00
JUG_00295,HUB_AURORA,washed,2403-07-05 00:00:00
JUG_00295,STR_0011,purchased,2403-08-03 00:00:00
JUG_00295,STR_0011,returned_to_store,2403-10-25 00:00:00
JUG_00295,HUB_AURORA,washed,2403-10-27 00:00:00
JUG_00296,STR_0043,purchased,2403-11-16 00:00:00
JUG_00296,STR_0043,returned_to_store,2404-02-15 00:00:00
JUG_00296,HUB_AURORA,washed,2404-02-19 00:00:00
JUG_00296,STR_0035,purchased,2404-02-27 00:00:00
JUG_00296,STR_0035,returned_to_store,2404-05-27 00:00:00
JUG_00296,HUB_AURORA,washed,2404-06-01 00:00:00
JUG_00296,STR_0042,purchased,2404-06-17 00:00:00
JUG_00296,STR_0042,returned_to_store,2404-08-22 00:00:00
JUG_00296,HUB_AURORA,washed,2404-08-24 00:00:00
JUG_00296,STR_0006,purchased,2404-09-20 00:00:00
JUG_00296,UNKNOWN,lost_to_leakage,2404-12-24 00:00:00
JUG_00297,STR_0038,purchased,2405-01-15 00:00:00
JUG_00297,STR_0038,returned_to_store,2405-04-04 00:00:00
JUG_00297,HUB_AURORA,washed,2405-04-06 00:00:00
JUG_00297,STR_0008,purchased,2405-04-24 00:00:00
JUG_00297,STR_0008,returned_to_store,2405-06-23 00:00:00
JUG_00297,HUB_AURORA,washed,2405-06-27 00:00:00
JUG_00297,STR_0049,purchased,2405-07-13 00:00:00
JUG_00297,STR_0049,returned_to_store,2405-10-19 00:00:00
JUG_00297,HUB_AURORA,washed,2405-10-23 00:00:00
JUG_00297,STR_0026,purchased,2405-11-11 00:00:00
JUG_00297,STR_0026,returned_to_store,2406-01-05 00:00:00
JUG_00297,HUB_AURORA,washed,2406-01-07 00:00:00
JUG_00297,STR_0011,purchased,2406-01-19 00:00:00
JUG_00297,STR_0011,returned_to_store,2406-04-23 00:00:00
JUG_00297,HUB_AURORA,washed,2406-04-27 00:00:00
JUG_00297,STR_0000,purchased,2406-05-15 00:00:00
JUG_00297,STR_0000,returned_to_store,2406-08-23 00:00:00
JUG_00297,HUB_AURORA,washed,2406-08-27 00:00:00
JUG_00297,STR_0034,purchased,2406-09-26 00:00:00
JUG_00297,STR_0034,returned_to_store,2406-11-29 00:00:00
JUG_00297,HUB_AURORA,washed,2406-12-01 00:00:00
JUG_00298,STR_0029,purchased,2406-12-09 00:00:00
JUG_00298,STR_0029,returned_to_store,2407-02-09 00:00:00
JUG_00298,HUB_AURORA,washed,2407-02-11 00:00:00
JUG_00298,STR_0006,purchased,2407-02-18 00:00:00
JUG_00298,STR_0006,returned_to_store,2407-04-09 00:00:00
JUG_00298,HUB_AURORA,washed,2407-04-11 00:00:00
JUG_00298,STR_0004,purchased,2407-04-26 00:00:00
JUG_00298,STR_0004,returned_to_store,2407-06-29 00:00:00
JUG_00298,HUB_AURORA,washed,2407-07-03 00:00:00
JUG_00298,STR_0011,purchased,2407-07-12 00:00:00
JUG_00298,UNKNOWN,lost_to_leakage,2407-10-23 00:00:00
JUG_00299,STR_0012,purchased,2407-11-06 00:00:00
JUG_00299,STR_0012,returned_to_store,2408-01-11 00:00:00
JUG_00299,HUB_AURORA,washed,2408-01-13 00:00:00
JUG_00299,STR_0016,purchased,2408-02-08 00:00:00
JUG_00299,STR_0016,returned_to_store,2408-04-24 00:00:00
JUG_00299,HUB_AURORA,washed,2408-04-27 00:00:00
JUG_00299,STR_0002,purchased,2408-05-09 00:00:00
JUG_00299,UNKNOWN,lost_to_leakage,2408-08-12 00:00:00
JUG_00300,STR_0011,purchased,2408-09-08 00:00:00
JUG_00300,STR_0011,returned_to_store,2408-11-10 00:00:00
JUG_00300,HUB_AURORA,washed,2408-11-15 00:00:00
JUG_00300,STR_0003,purchased,2408-12-05 00:00:00
JUG_00300,STR_0003,returned_to_store,2409-02-08 00:00:00
JUG_00300,HUB_AURORA,washed,2409-02-10 00:00:00
JUG_00300,STR_0028,purchased,2409-03-10 00:00:00
JUG_00300,STR_0028,returned_to_store,2409-06-07 00:00:00
JUG_00300,HUB_AURORA,washed,2409-06-12 00:00:00
JUG_00300,STR_0028,purchased,2409-06-24 00:00:00
JUG_00300,UNKNOWN,lost_to_leakage,2409-09-16 00:00:00
JUG_00301,STR_0048,purchased,2409-09-29 00:00:00
JUG_00301,STR_0048,returned_to_store,2409-12-30 00:00:00
JUG_00301,HUB_AURORA,washed,2410-01-02 00:00:00
JUG_00301,STR_0009,purchased,2410-01-14 00:00:00
JUG_00301,STR_0009,returned_to_store,2410-04-23 00:00:00
JUG_00301,HUB_AURORA,washed,2410-04-25 00:00:00
JUG_00301,STR_0015,purchased,2410-05-07 00:00:00
JUG_00301,STR_0015,returned_to_store,2410-07-17 00:00:00
JUG_00301,HUB_AURORA,washed,2410-07-20 00:00:00
JUG_00301,STR_0022,purchased,2410-08-07 00:00:00
JUG_00301,UNKNOWN,lost_to_leakage,2410-11-03 00:00:00
JUG_00302,STR_0019,purchased,2410-11-13 00:00:00
JUG_00302,UNKNOWN,lost_to_leakage,2411-02-06 00:00:00
JUG_00303,STR_0035,purchased,2411-02-21 00:00:00
JUG_00303,STR_0035,returned_to_store,2411-05-07 00:00:00
JUG_00303,HUB_AURORA,washed,2411-05-10 00:00:00
JUG_00303,STR_0006,purchased,2411-06-05 00:00:00
JUG_00303,STR_0006,returned_to_store,2411-08-15 00:00:00
JUG_00303,HUB_AURORA,washed,2411-08-20 00:00:00
JUG_00303,STR_0004,purchased,2411-09-15 00:00:00
JUG_00303,STR_0004,returned_to_store,2411-11-29 00:00:00
JUG_00303,HUB_AURORA,washed,2411-12-02 00:00:00
JUG_00303,STR_0035,purchased,2411-12-21 00:00:00
JUG_00303,STR_0035,returned_to_store,2412-03-17 00:00:00
JUG_00303,HUB_AURORA,washed,2412-03-19 00:00:00
JUG_00303,STR_0040,purchased,2412-04-16 00:00:00
JUG_00303,STR_0040,returned_to_store,2412-06-17 00:00:00
JUG_00303,HUB_AURORA,washed,2412-06-21 00:00:00
JUG_00303,STR_0025,purchased,2412-07-16 00:00:00
JUG_00303,STR_0025,returned_to_store,2412-10-10 00:00:00
JUG_00303,HUB_AURORA,washed,2412-10-14 00:00:00
JUG_00304,STR_0002,purchased,2412-10-29 00:00:00
JUG_00304,STR_0002,returned_to_store,2413-02-06 00:00:00
JUG_00304,HUB_AURORA,washed,2413-02-09 00:00:00
JUG_00304,STR_0033,purchased,2413-03-02 00:00:00
JUG_00304,STR_0033,returned_to_store,2413-04-26 00:00:00
JUG_00304,HUB_AURORA,washed,2413-04-29 00:00:00
JUG_00304,STR_0022,purchased,2413-05-20 00:00:00
JUG_00304,STR_0022,returned_to_store,2413-07-21 00:00:00
JUG_00304,HUB_AURORA,washed,2413-07-23 00:00:00
JUG_00304,STR_0004,purchased,2413-08-01 00:00:00
JUG_00304,STR_0004,returned_to_store,2413-09-24 00:00:00
JUG_00304,HUB_AURORA,washed,2413-09-27 00:00:00
JUG_00304,STR_0028,purchased,2413-10-09 00:00:00
JUG_00304,UNKNOWN,lost_to_leakage,2413-12-22 00:00:00
JUG_00305,STR_0019,purchased,2414-01-17 00:00:00
JUG_00305,STR_0019,returned_to_store,2414-04-09 00:00:00
JUG_00305,HUB_AURORA,washed,2414-04-11 00:00:00
JUG_00305,STR_0012,purchased,2414-04-22 00:00:00
JUG_00305,STR_0012,returned_to_store,2414-07-30 00:00:00
JUG_00305,HUB_AURORA,washed,2414-08-02 00:00:00
JUG_00305,STR_0046,purchased,2414-08-28 00:00:00
JUG_00305,STR_0046,returned_to_store,2414-12-01 00:00:00
JUG_00305,HUB_AURORA,washed,2414-12-06 00:00:00
JUG_00305,STR_0030,purchased,2414-12-22 00:00:00
JUG_00305,STR_0030,returned_to_store,2415-02-17 00:00:00
JUG_00305,HUB_AURORA,washed,2415-02-22 00:00:00
JUG_00305,STR_0029,purchased,2415-03-06 00:00:00
JUG_00305,STR_0029,returned_to_store,2415-05-04 00:00:00
JUG_00305,HUB_AURORA,washed,2415-05-09 00:00:00
JUG_00305,STR_0028,purchased,2415-05-18 00:00:00
JUG_00305,UNKNOWN,lost_to_leakage,2415-08-16 00:00:00
JUG_00306,STR_0004,purchased,2415-09-14 00:00:00
JUG_00306,STR_0004,returned_to_store,2415-12-07 00:00:00
JUG_00306,HUB_AURORA,washed,2415-12-11 00:00:00
JUG_00306,STR_0012,purchased,2415-12-27 00:00:00
JUG_00306,UNKNOWN,lost_to_leakage,2416-03-28 00:00:00
JUG_00307,STR_0009,purchased,2416-04-12 00:00:00
JUG_00307,STR_0009,returned_to_store,2416-06-29 00:00:00
JUG_00307,HUB_AURORA,washed,2416-07-03 00:00:00
JUG_00307,STR_0039,purchased,2416-07-25 00:00:00
JUG_00307,STR_0039,returned_to_store,2416-10-15 00:00:00
JUG_00307,HUB_AURORA,washed,2416-10-17 00:00:00
JUG_00307,STR_0049,purchased,2416-10-31 00:00:00
JUG_00307,STR_0049,returned_to_store,2417-01-22 00:00:00
JUG_00307,HUB_AURORA,washed,2417-01-24 00:00:00
JUG_00307,STR_0003,purchased,2417-01-31 00:00:00
JUG_00307,STR_0003,returned_to_store,2417-04-29 00:00:00
JUG_00307,HUB_AURORA,washed,2417-05-03 00:00:00
JUG_00307,STR_0044,purchased,2417-05-24 00:00:00
JUG_00307,STR_0044,returned_to_store,2417-08-16 00:00:00
JUG_00307,HUB_AURORA,washed,2417-08-18 00:00:00
JUG_00308,STR_0004,purchased,2417-09-02 00:00:00
JUG_00308,STR_0004,returned_to_store,2417-11-09 00:00:00
JUG_00308,HUB_AURORA,washed,2417-11-11 00:00:00
JUG_00308,STR_0023,purchased,2417-11-26 00:00:00
JUG_00308,STR_0023,returned_to_store,2418-02-23 00:00:00
JUG_00308,HUB_AURORA,washed,2418-02-28 00:00:00
JUG_00308,STR_0024,purchased,2418-03-25 00:00:00
JUG_00308,STR_0024,returned_to_store,2418-06-21 00:00:00
JUG_00308,HUB_AURORA,washed,2418-06-26 00:00:00
JUG_00309,STR_0009,purchased,2418-07-05 00:00:00
JUG_00309,STR_0009,returned_to_store,2418-09-09 00:00:00
JUG_00309,HUB_AURORA,washed,2418-09-12 00:00:00
JUG_00309,STR_0030,purchased,2418-09-25 00:00:00
JUG_00309,STR_0030,returned_to_store,2418-11-29 00:00:00
JUG_00309,HUB_AURORA,washed,2418-12-04 00:00:00
JUG_00309,STR_0029,purchased,2418-12-20 00:00:00
JUG_00309,UNKNOWN,lost_to_leakage,2419-03-17 00:00:00
JUG_00310,STR_0013,purchased,2419-04-15 00:00:00
JUG_00310,STR_0013,returned_to_store,2419-06-11 00:00:00
JUG_00310,HUB_AURORA,washed,2419-06-16 00:00:00
JUG_00310,STR_0022,purchased,2419-06-27 00:00:00
JUG_00310,STR_0022,returned_to_store,2419-09-16 00:00:00
JUG_00310,HUB_AURORA,washed,2419-09-19 00:00:00
JUG_00310,STR_0029,purchased,2419-10-15 00:00:00
JUG_00310,STR_0029,returned_to_store,2420-01-22 00:00:00
JUG_00310,HUB_AURORA,washed,2420-01-25 00:00:00
JUG_00310,STR_0026,purchased,2420-02-07 00:00:00
JUG_00310,STR_0026,returned_to_store,2420-04-09 00:00:00
JUG_00310,HUB_AURORA,washed,2420-04-12 00:00:00
JUG_00310,STR_0046,purchased,2420-04-29 00:00:00
JUG_00310,STR_0046,returned_to_store,2420-06-27 00:00:00
JUG_00310,HUB_AURORA,washed,2420-07-01 00:00:00
JUG_00310,STR_0007,purchased,2420-07-09 00:00:00
JUG_00310,STR_0007,returned_to_store,2420-10-10 00:00:00
JUG_00310,HUB_AURORA,washed,2420-10-13 00:00:00
JUG_00310,STR_0032,purchased,2420-10-31 00:00:00
JUG_00310,STR_0032,returned_to_store,2421-01-13 00:00:00
JUG_00310,HUB_AURORA,washed,2421-01-18 00:00:00
JUG_00310,STR_0035,purchased,2421-02-16 00:00:00
JUG_00310,STR_0035,returned_to_store,2421-05-14 00:00:00
JUG_00310,HUB_AURORA,washed,2421-05-16 00:00:00
JUG_00311,STR_0040,purchased,2421-06-05 00:00:00
JUG_00311,UNKNOWN,lost_to_leakage,2421-09-10 00:00:00
JUG_00312,STR_0017,purchased,2421-09-18 00:00:00
JUG_00312,STR_0017,returned_to_store,2421-11-22 00:00:00
JUG_00312,HUB_AURORA,washed,2421-11-24 00:00:00
JUG_00312,STR_0003,purchased,2421-12-17 00:00:00
JUG_00312,STR_0003,returned_to_store,2422-02-26 00:00:00
JUG_00312,HUB_AURORA,washed,2422-03-03 00:00:00
JUG_00312,STR_0049,purchased,2422-03-21 00:00:00
JUG_00312,STR_0049,returned_to_store,2422-05-17 00:00:00
JUG_00312,HUB_AURORA,washed,2422-05-19 00:00:00
JUG_00312,STR_0038,purchased,2422-05-31 00:00:00
JUG_00312,UNKNOWN,lost_to_leakage,2422-09-02 00:00:00
JUG_00313,STR_0028,purchased,2422-09-24 00:00:00
JUG_00313,STR_0028,returned_to_store,2422-12-07 00:00:00
JUG_00313,HUB_AURORA,washed,2422-12-10 00:00:00
JUG_00313,STR_0010,purchased,2422-12-23 00:00:00
JUG_00313,UNKNOWN,lost_to_leakage,2423-03-01 00:00:00
JUG_00314,STR_0018,purchased,2423-03-31 00:00:00
JUG_00314,STR_0018,returned_to_store,2423-06-21 00:00:00
JUG_00314,HUB_AURORA,washed,2423-06-24 00:00:00
JUG_00314,STR_0043,purchased,2423-07-04 00:00:00
JUG_00314,STR_0043,returned_to_store,2423-09-02 00:00:00
JUG_00314,HUB_AURORA,washed,2423-09-05 00:00:00
JUG_00314,STR_0032,purchased,2423-09-14 00:00:00
JUG_00314,STR_0032,returned_to_store,2423-11-15 00:00:00
JUG_00314,HUB_AURORA,washed,2423-11-20 00:00:00
JUG_00314,STR_0047,purchased,2423-12-03 00:00:00
JUG_00314,STR_0047,returned_to_store,2424-03-02 00:00:00
JUG_00314,HUB_AURORA,washed,2424-03-06 00:00:00
JUG_00314,STR_0042,purchased,2424-03-23 00:00:00
JUG_00314,STR_0042,returned_to_store,2424-05-29 00:00:00
JUG_00314,HUB_AURORA,washed,2424-06-01 00:00:00
JUG_00314,STR_0011,purchased,2424-06-21 00:00:00
JUG_00314,STR_0011,returned_to_store,2424-09-08 00:00:00
JUG_00314,HUB_AURORA,washed,2424-09-12 00:00:00
JUG_00315,STR_0035,purchased,2424-10-02 00:00:00
JUG_00315,STR_0035,returned_to_store,2425-01-06 00:00:00
JUG_00315,HUB_AURORA,washed,2425-01-09 00:00:00
JUG_00315,STR_0012,purchased,2425-01-27 00:00:00
JUG_00315,STR_0012,returned_to_store,2425-03-22 00:00:00
JUG_00315,HUB_AURORA,washed,2425-03-24 00:00:00
JUG_00315,STR_0021,purchased,2425-04-05 00:00:00
JUG_00315,STR_0021,returned_to_store,2425-06-03 00:00:00
JUG_00315,HUB_AURORA,washed,2425-06-05 00:00:00
JUG_00315,STR_0032,purchased,2425-06-26 00:00:00
JUG_00315,STR_0032,returned_to_store,2425-08-31 00:00:00
JUG_00315,HUB_AURORA,washed,2425-09-02 00:00:00
JUG_00315,STR_0001,purchased,2425-09-17 00:00:00
JUG_00315,STR_0001,returned_to_store,2425-12-07 00:00:00
JUG_00315,HUB_AURORA,washed,2425-12-11 00:00:00
JUG_00315,STR_0026,purchased,2425-12-30 00:00:00
JUG_00315,UNKNOWN,lost_to_leakage,2426-03-06 00:00:00
JUG_00316,STR_0005,purchased,2426-03-23 00:00:00
JUG_00316,STR_0005,returned_to_store,2426-05-31 00:00:00
JUG_00316,HUB_AURORA,washed,2426-06-04 00:00:00
JUG_00316,STR_0024,purchased,2426-06-17 00:00:00
JUG_00316,STR_0024,returned_to_store,2426-08-22 00:00:00
JUG_00316,HUB_AURORA,washed,2426-08-25 00:00:00
JUG_00316,STR_0024,purchased,2426-09-15 00:00:00
JUG_00316,STR_0024,returned_to_store,2426-12-14 00:00:00
JUG_00316,HUB_AURORA,washed,2426-12-19 00:00:00
JUG_00316,STR_0041,purchased,2427-01-12 00:00:00
JUG_00316,STR_0041,returned_to_store,2427-03-31 00:00:00
JUG_00316,HUB_AURORA,washed,2427-04-05 00:00:00
JUG_00316,STR_0004,purchased,2427-04-20 00:00:00
JUG_00316,STR_0004,returned_to_store,2427-06-21 00:00:00
JUG_00316,HUB_AURORA,washed,2427-06-24 00:00:00
JUG_00316,STR_0021,purchased,2427-07-01 00:00:00
JUG_00316,UNKNOWN,lost_to_leakage,2427-08-22 00:00:00
JUG_00317,STR_0009,purchased,2427-09-04 00:00:00
JUG_00317,STR_0009,returned_to_store,2427-11-20 00:00:00
JUG_00317,HUB_AURORA,washed,2427-11-25 00:00:00
JUG_00317,STR_0046,purchased,2427-12-19 00:00:00
JUG_00317,STR_0046,returned_to_store,2428-03-15 00:00:00
JUG_00317,HUB_AURORA,washed,2428-03-19 00:00:00
JUG_00317,STR_0008,purchased,2428-04-01 00:00:00
JUG_00317,STR_0008,returned_to_store,2428-06-06 00:00:00
JUG_00317,HUB_AURORA,washed,2428-06-11 00:00:00
JUG_00317,STR_0041,purchased,2428-07-11 00:00:00
JUG_00317,STR_0041,returned_to_store,2428-09-21 00:00:00
JUG_00317,HUB_AURORA,washed,2428-09-25 00:00:00
JUG_00318,STR_0039,purchased,2428-10-10 00:00:00
JUG_00318,STR_0039,returned_to_store,2428-12-23 00:00:00
JUG_00318,HUB_AURORA,washed,2428-12-25 00:00:00
JUG_00318,STR_0036,purchased,2429-01-12 00:00:00
JUG_00318,STR_0036,returned_to_store,2429-04-14 00:00:00
JUG_00318,HUB_AURORA,washed,2429-04-16 00:00:00
JUG_00318,STR_0039,purchased,2429-04-27 00:00:00
JUG_00318,STR_0039,returned_to_store,2429-07-17 00:00:00
JUG_00318,HUB_AURORA,washed,2429-07-19 00:00:00
JUG_00318,STR_0013,purchased,2429-08-08 00:00:00
JUG_00318,STR_0013,returned_to_store,2429-11-08 00:00:00
JUG_00318,HUB_AURORA,washed,2429-11-10 00:00:00
JUG_00318,STR_0035,purchased,2429-12-04 00:00:00
JUG_00318,STR_0035,returned_to_store,2430-03-06 00:00:00
JUG_00318,HUB_AURORA,washed,2430-03-09 00:00:00
JUG_00319,STR_0034,purchased,2430-03-25 00:00:00
JUG_00319,STR_0034,returned_to_store,2430-06-22 00:00:00
JUG_00319,HUB_AURORA,washed,2430-06-26 00:00:00
JUG_00319,STR_0021,purchased,2430-07-03 00:00:00
JUG_00319,STR_0021,returned_to_store,2430-09-13 00:00:00
JUG_00319,HUB_AURORA,washed,2430-09-16 00:00:00
JUG_00319,STR_0035,purchased,2430-10-12 00:00:00
JUG_00319,STR_0035,returned_to_store,2431-01-15 00:00:00
JUG_00319,HUB_AURORA,washed,2431-01-19 00:00:00
JUG_00319,STR_0000,purchased,2431-02-01 00:00:00
JUG_00319,STR_0000,returned_to_store,2431-04-16 00:00:00
JUG_00319,HUB_AURORA,washed,2431-04-20 00:00:00
JUG_00319,STR_0021,purchased,2431-04-27 00:00:00
JUG_00319,STR_0021,returned_to_store,2431-07-24 00:00:00
JUG_00319,HUB_AURORA,washed,2431-07-29 00:00:00
JUG_00319,STR_0020,purchased,2431-08-18 00:00:00
JUG_00319,STR_0020,returned_to_store,2431-10-25 00:00:00
JUG_00319,HUB_AURORA,washed,2431-10-29 00:00:00
JUG_00319,STR_0029,purchased,2431-11-12 00:00:00
JUG_00319,STR_0029,returned_to_store,2432-02-04 00:00:00
JUG_00319,HUB_AURORA,washed,2432-02-09 00:00:00
JUG_00319,STR_0045,purchased,2432-02-23 00:00:00
JUG_00319,UNKNOWN,lost_to_leakage,2432-05-22 00:00:00
JUG_00320,STR_0006,purchased,2432-06-18 00:00:00
JUG_00320,STR_0006,returned_to_store,2432-09-13 00:00:00
JUG_00320,HUB_AURORA,washed,2432-09-17 00:00:00
JUG_00320,STR_0049,purchased,2432-10-05 00:00:00
JUG_00320,UNKNOWN,lost_to_leakage,2432-12-04 00:00:00
JUG_00321,STR_0017,purchased,2432-12-20 00:00:00
JUG_00321,STR_0017,returned_to_store,2433-02-18 00:00:00
JUG_00321,HUB_AURORA,washed,2433-02-20 00:00:00
JUG_00321,STR_0023,purchased,2433-03-12 00:00:00
JUG_00321,STR_0023,returned_to_store,2433-05-01 00:00:00
JUG_00321,HUB_AURORA,washed,2433-05-03 00:00:00
JUG_00321,STR_0044,purchased,2433-05-15 00:00:00
JUG_00321,STR_0044,returned_to_store,2433-08-21 00:00:00
JUG_00321,HUB_AURORA,washed,2433-08-25 00:00:00
JUG_00321,STR_0028,purchased,2433-09-15 00:00:00
JUG_00321,STR_0028,returned_to_store,2433-12-17 00:00:00
JUG_00321,HUB_AURORA,washed,2433-12-22 00:00:00
JUG_00321,STR_0005,purchased,2434-01-12 00:00:00
JUG_00321,STR_0005,returned_to_store,2434-03-30 00:00:00
JUG_00321,HUB_AURORA,washed,2434-04-03 00:00:00
JUG_00321,STR_0034,purchased,2434-04-26 00:00:00
JUG_00321,STR_0034,returned_to_store,2434-07-27 00:00:00
JUG_00321,HUB_AURORA,washed,2434-08-01 00:00:00
JUG_00322,STR_0039,purchased,2434-08-24 00:00:00
JUG_00322,STR_0039,returned_to_store,2434-11-07 00:00:00
JUG_00322,HUB_AURORA,washed,2434-11-09 00:00:00
JUG_00322,STR_0005,purchased,2434-11-25 00:00:00
JUG_00322,UNKNOWN,lost_to_leakage,2435-01-27 00:00:00
JUG_00323,STR_0013,purchased,2435-02-10 00:00:00
JUG_00323,STR_0013,returned_to_store,2435-04-19 00:00:00
JUG_00323,HUB_AURORA,washed,2435-04-22 00:00:00
JUG_00323,STR_0032,purchased,2435-05-22 00:00:00
JUG_00323,STR_0032,returned_to_store,2435-08-22 00:00:00
JUG_00323,HUB_AURORA,washed,2435-08-25 00:00:00
JUG_00323,STR_0036,purchased,2435-09-24 00:00:00
JUG_00323,STR_0036,returned_to_store,2435-11-19 00:00:00
JUG_00323,HUB_AURORA,washed,2435-11-23 00:00:00
JUG_00323,STR_0020,purchased,2435-12-19 00:00:00
JUG_00323,STR_0020,returned_to_store,2436-02-19 00:00:00
JUG_00323,HUB_AURORA,washed,2436-02-23 00:00:00
JUG_00323,STR_0011,purchased,2436-03-22 00:00:00
JUG_00323,STR_0011,returned_to_store,2436-06-01 00:00:00
JUG_00323,HUB_AURORA,washed,2436-06-05 00:00:00
JUG_00323,STR_0040,purchased,2436-06-18 00:00:00
JUG_00323,STR_0040,returned_to_store,2436-09-10 00:00:00
JUG_00323,HUB_AURORA,washed,2436-09-13 00:00:00
JUG_00323,STR_0025,purchased,2436-10-09 00:00:00
JUG_00323,STR_0025,returned_to_store,2437-01-12 00:00:00
JUG_00323,HUB_AURORA,washed,2437-01-14 00:00:00
JUG_00324,STR_0031,purchased,2437-01-26 00:00:00
JUG_00324,STR_0031,returned_to_store,2437-03-20 00:00:00
JUG_00324,HUB_AURORA,washed,2437-03-24 00:00:00
JUG_00324,STR_0036,purchased,2437-04-01 00:00:00
JUG_00324,STR_0036,returned_to_store,2437-06-02 00:00:00
JUG_00324,HUB_AURORA,washed,2437-06-07 00:00:00
JUG_00324,STR_0007,purchased,2437-06-14 00:00:00
JUG_00324,STR_0007,returned_to_store,2437-09-22 00:00:00
JUG_00324,HUB_AURORA,washed,2437-09-27 00:00:00
JUG_00324,STR_0019,purchased,2437-10-05 00:00:00
JUG_00324,STR_0019,returned_to_store,2437-12-13 00:00:00
JUG_00324,HUB_AURORA,washed,2437-12-15 00:00:00
JUG_00324,STR_0026,purchased,2438-01-14 00:00:00
JUG_00324,STR_0026,returned_to_store,2438-03-08 00:00:00
JUG_00324,HUB_AURORA,washed,2438-03-11 00:00:00
JUG_00325,STR_0037,purchased,2438-04-01 00:00:00
JUG_00325,STR_0037,returned_to_store,2438-06-29 00:00:00
JUG_00325,HUB_AURORA,washed,2438-07-03 00:00:00
JUG_00325,STR_0048,purchased,2438-07-21 00:00:00
JUG_00325,STR_0048,returned_to_store,2438-10-05 00:00:00
JUG_00325,HUB_AURORA,washed,2438-10-08 00:00:00
JUG_00325,STR_0018,purchased,2438-10-19 00:00:00
JUG_00325,STR_0018,returned_to_store,2438-12-28 00:00:00
JUG_00325,HUB_AURORA,washed,2439-01-02 00:00:00
JUG_00325,STR_0013,purchased,2439-01-31 00:00:00
JUG_00325,STR_0013,returned_to_store,2439-03-31 00:00:00
JUG_00325,HUB_AURORA,washed,2439-04-02 00:00:00
JUG_00325,STR_0013,purchased,2439-04-09 00:00:00
JUG_00325,STR_0013,returned_to_store,2439-07-10 00:00:00
JUG_00325,HUB_AURORA,washed,2439-07-12 00:00:00
JUG_00325,STR_0045,purchased,2439-08-01 00:00:00
JUG_00325,STR_0045,returned_to_store,2439-10-22 00:00:00
JUG_00325,HUB_AURORA,washed,2439-10-27 00:00:00
JUG_00325,STR_0031,purchased,2439-11-09 00:00:00
JUG_00325,STR_0031,returned_to_store,2440-01-15 00:00:00
JUG_00325,HUB_AURORA,washed,2440-01-18 00:00:00
JUG_00325,STR_0018,purchased,2440-01-25 00:00:00
JUG_00325,STR_0018,returned_to_store,2440-05-03 00:00:00
JUG_00325,HUB_AURORA,washed,2440-05-05 00:00:00
JUG_00325,STR_0027,purchased,2440-05-25 00:00:00
JUG_00325,STR_0027,returned_to_store,2440-08-04 00:00:00
JUG_00325,HUB_AURORA,washed,2440-08-06 00:00:00
JUG_00326,STR_0020,purchased,2440-08-21 00:00:00
JUG_00326,STR_0020,returned_to_store,2440-10-18 00:00:00
JUG_00326,HUB_AURORA,washed,2440-10-22 00:00:00
JUG_00326,STR_0046,purchased,2440-11-20 00:00:00
JUG_00326,STR_0046,returned_to_store,2441-01-22 00:00:00
JUG_00326,HUB_AURORA,washed,2441-01-27 00:00:00
JUG_00326,STR_0017,purchased,2441-02-16 00:00:00
JUG_00326,STR_0017,returned_to_store,2441-04-19 00:00:00
JUG_00326,HUB_AURORA,washed,2441-04-22 00:00:00
JUG_00326,STR_0004,purchased,2441-05-01 00:00:00
JUG_00326,STR_0004,returned_to_store,2441-06-20 00:00:00
JUG_00326,HUB_AURORA,washed,2441-06-25 00:00:00
JUG_00326,STR_0030,purchased,2441-07-04 00:00:00
JUG_00326,STR_0030,returned_to_store,2441-08-25 00:00:00
JUG_00326,HUB_AURORA,washed,2441-08-29 00:00:00
JUG_00326,STR_0028,purchased,2441-09-09 00:00:00
JUG_00326,STR_0028,returned_to_store,2441-11-13 00:00:00
JUG_00326,HUB_AURORA,washed,2441-11-15 00:00:00
JUG_00326,STR_0023,purchased,2441-12-06 00:00:00
JUG_00326,STR_0023,returned_to_store,2442-02-12 00:00:00
JUG_00326,HUB_AURORA,washed,2442-02-17 00:00:00
JUG_00326,STR_0048,purchased,2442-03-15 00:00:00
JUG_00326,STR_0048,returned_to_store,2442-06-04 00:00:00
JUG_00326,HUB_AURORA,washed,2442-06-08 00:00:00
JUG_00326,STR_0049,purchased,2442-06-23 00:00:00
JUG_00326,UNKNOWN,lost_to_leakage,2442-09-19 00:00:00
JUG_00327,STR_0002,purchased,2442-10-13 00:00:00
JUG_00327,UNKNOWN,lost_to_leakage,2442-12-07 00:00:00
JUG_00328,STR_0006,purchased,2443-01-01 00:00:00
JUG_00328,STR_0006,returned_to_store,2443-03-31 00:00:00
JUG_00328,HUB_AURORA,washed,2443-04-02 00:00:00
JUG_00328,STR_0037,purchased,2443-04-24 00:00:00
JUG_00328,STR_0037,returned_to_store,2443-06-16 00:00:00
JUG_00328,HUB_AURORA,washed,2443-06-19 00:00:00
JUG_00328,STR_0013,purchased,2443-06-29 00:00:00
JUG_00328,STR_0013,returned_to_store,2443-10-06 00:00:00
JUG_00328,HUB_AURORA,washed,2443-10-10 00:00:00
JUG_00328,STR_0020,purchased,2443-11-03 00:00:00
JUG_00328,STR_0020,returned_to_store,2443-12-25 00:00:00
JUG_00328,HUB_AURORA,washed,2443-12-29 00:00:00
JUG_00329,STR_0003,purchased,2444-01-13 00:00:00
JUG_00329,STR_0003,returned_to_store,2444-03-05 00:00:00
JUG_00329,HUB_AURORA,washed,2444-03-08 00:00:00
JUG_00329,STR_0020,purchased,2444-03-30 00:00:00
JUG_00329,STR_0020,returned_to_store,2444-06-10 00:00:00
JUG_00329,HUB_AURORA,washed,2444-06-14 00:00:00
JUG_00329,STR_0027,purchased,2444-06-27 00:00:00
JUG_00329,STR_0027,returned_to_store,2444-08-23 00:00:00
JUG_00329,HUB_AURORA,washed,2444-08-28 00:00:00
JUG_00329,STR_0036,purchased,2444-09-09 00:00:00
JUG_00329,STR_0036,returned_to_store,2444-11-08 00:00:00
JUG_00329,HUB_AURORA,washed,2444-11-13 00:00:00
JUG_00329,STR_0028,purchased,2444-11-25 00:00:00
JUG_00329,STR_0028,returned_to_store,2445-01-15 00:00:00
JUG_00329,HUB_AURORA,washed,2445-01-20 00:00:00
JUG_00329,STR_0045,purchased,2445-01-30 00:00:00
JUG_00329,STR_0045,returned_to_store,2445-03-26 00:00:00
JUG_00329,HUB_AURORA,washed,2445-03-31 00:00:00
JUG_00330,STR_0003,purchased,2445-04-08 00:00:00
JUG_00330,UNKNOWN,lost_to_leakage,2445-05-31 00:00:00
JUG_00331,STR_0006,purchased,2445-06-12 00:00:00
JUG_00331,STR_0006,returned_to_store,2445-09-23 00:00:00
JUG_00331,HUB_AURORA,washed,2445-09-27 00:00:00
JUG_00331,STR_0007,purchased,2445-10-27 00:00:00
JUG_00331,UNKNOWN,lost_to_leakage,2445-12-23 00:00:00
JUG_00332,STR_0012,purchased,2446-01-02 00:00:00
JUG_00332,STR_0012,returned_to_store,2446-03-22 00:00:00
JUG_00332,HUB_AURORA,washed,2446-03-24 00:00:00
JUG_00332,STR_0049,purchased,2446-04-21 00:00:00
JUG_00332,STR_0049,returned_to_store,2446-06-13 00:00:00
JUG_00332,HUB_AURORA,washed,2446-06-15 00:00:00
JUG_00332,STR_0029,purchased,2446-06-26 00:00:00
JUG_00332,STR_0029,returned_to_store,2446-09-21 00:00:00
JUG_00332,HUB_AURORA,washed,2446-09-25 00:00:00
JUG_00332,STR_0046,purchased,2446-10-18 00:00:00
JUG_00332,STR_0046,returned_to_store,2446-12-26 00:00:00
JUG_00332,HUB_AURORA,washed,2446-12-29 00:00:00
JUG_00332,STR_0007,purchased,2447-01-25 00:00:00
JUG_00332,STR_0007,returned_to_store,2447-04-07 00:00:00
JUG_00332,HUB_AURORA,washed,2447-04-09 00:00:00
JUG_00332,STR_0030,purchased,2447-05-02 00:00:00
JUG_00332,STR_0030,returned_to_store,2447-08-02 00:00:00
JUG_00332,HUB_AURORA,washed,2447-08-05 00:00:00
JUG_00332,STR_0023,purchased,2447-08-12 00:00:00
JUG_00332,STR_0023,returned_to_store,2447-10-16 00:00:00
JUG_00332,HUB_AURORA,washed,2447-10-18 00:00:00
JUG_00332,STR_0000,purchased,2447-10-31 00:00:00
JUG_00332,STR_0000,returned_to_store,2448-01-10 00:00:00
JUG_00332,HUB_AURORA,washed,2448-01-12 00:00:00
JUG_00332,STR_0026,purchased,2448-02-09 00:00:00
JUG_00332,STR_0026,returned_to_store,2448-04-08 00:00:00
JUG_00332,HUB_AURORA,washed,2448-04-10 00:00:00
JUG_00333,STR_0014,purchased,2448-04-29 00:00:00
JUG_00333,STR_0014,returned_to_store,2448-07-29 00:00:00
JUG_00333,HUB_AURORA,washed,2448-08-03 00:00:00
JUG_00333,STR_0041,purchased,2448-08-23 00:00:00
JUG_00333,UNKNOWN,lost_to_leakage,2448-11-12 00:00:00
JUG_00334,STR_0002,purchased,2448-11-30 00:00:00
JUG_00334,STR_0002,returned_to_store,2449-02-21 00:00:00
JUG_00334,HUB_AURORA,washed,2449-02-24 00:00:00
JUG_00334,STR_0046,purchased,2449-03-17 00:00:00
JUG_00334,STR_0046,returned_to_store,2449-06-15 00:00:00
JUG_00334,HUB_AURORA,washed,2449-06-19 00:00:00
JUG_00334,STR_0028,purchased,2449-07-05 00:00:00
JUG_00334,STR_0028,returned_to_store,2449-10-12 00:00:00
JUG_00334,HUB_AURORA,washed,2449-10-14 00:00:00
JUG_00334,STR_0014,purchased,2449-10-28 00:00:00
JUG_00334,STR_0014,returned_to_store,2450-01-10 00:00:00
JUG_00334,HUB_AURORA,washed,2450-01-14 00:00:00
JUG_00334,STR_0023,purchased,2450-01-31 00:00:00
JUG_00334,UNKNOWN,lost_to_leakage,2450-04-23 00:00:00
JUG_00335,STR_0016,purchased,2450-05-02 00:00:00
JUG_00335,STR_0016,returned_to_store,2450-07-09 00:00:00
JUG_00335,HUB_AURORA,washed,2450-07-12 00:00:00
JUG_00335,STR_0031,purchased,2450-07-27 00:00:00
JUG_00335,STR_0031,returned_to_store,2450-10-11 00:00:00
JUG_00335,HUB_AURORA,washed,2450-10-13 00:00:00
JUG_00335,STR_0038,purchased,2450-10-21 00:00:00
JUG_00335,STR_0038,returned_to_store,2450-12-27 00:00:00
JUG_00335,HUB_AURORA,washed,2451-01-01 00:00:00
JUG_00336,STR_0034,purchased,2451-01-18 00:00:00
JUG_00336,STR_0034,returned_to_store,2451-03-17 00:00:00
JUG_00336,HUB_AURORA,washed,2451-03-19 00:00:00
JUG_00336,STR_0011,purchased,2451-04-04 00:00:00
JUG_00336,STR_0011,returned_to_store,2451-06-20 00:00:00
JUG_00336,HUB_AURORA,washed,2451-06-23 00:00:00
JUG_00336,STR_0036,purchased,2451-07-15 00:00:00
JUG_00336,STR_0036,returned_to_store,2451-10-02 00:00:00
JUG_00336,HUB_AURORA,washed,2451-10-07 00:00:00
JUG_00336,STR_0039,purchased,2451-10-22 00:00:00
JUG_00336,STR_0039,returned_to_store,2451-12-28 00:00:00
JUG_00336,HUB_AURORA,washed,2452-01-02 00:00:00
JUG_00336,STR_0037,purchased,2452-01-26 00:00:00
JUG_00336,STR_0037,returned_to_store,2452-04-13 00:00:00
JUG_00336,HUB_AURORA,washed,2452-04-16 00:00:00
JUG_00336,STR_0030,purchased,2452-05-08 00:00:00
JUG_00336,STR_0030,returned_to_store,2452-07-28 00:00:00
JUG_00336,HUB_AURORA,washed,2452-07-30 00:00:00
JUG_00336,STR_0026,purchased,2452-08-16 00:00:00
JUG_00336,STR_0026,returned_to_store,2452-11-20 00:00:00
JUG_00336,HUB_AURORA,washed,2452-11-22 00:00:00
JUG_00337,STR_0022,purchased,2452-12-04 00:00:00
JUG_00337,STR_0022,returned_to_store,2453-03-08 00:00:00
JUG_00337,HUB_AURORA,washed,2453-03-11 00:00:00
JUG_00337,STR_0007,purchased,2453-04-09 00:00:00
JUG_00337,STR_0007,returned_to_store,2453-07-16 00:00:00
JUG_00337,HUB_AURORA,washed,2453-07-20 00:00:00
JUG_00337,STR_0046,purchased,2453-08-08 00:00:00
JUG_00337,UNKNOWN,lost_to_leakage,2453-11-09 00:00:00
JUG_00338,STR_0014,purchased,2453-11-18 00:00:00
JUG_00338,STR_0014,returned_to_store,2454-01-21 00:00:00
JUG_00338,HUB_AURORA,washed,2454-01-24 00:00:00
JUG_00338,STR_0042,purchased,2454-02-08 00:00:00
JUG_00338,STR_0042,returned_to_store,2454-04-20 00:00:00
JUG_00338,HUB_AURORA,washed,2454-04-23 00:00:00
JUG_00338,STR_0009,purchased,2454-05-17 00:00:00
JUG_00338,STR_0009,returned_to_store,2454-08-11 00:00:00
JUG_00338,HUB_AURORA,washed,2454-08-13 00:00:00
JUG_00338,STR_0045,purchased,2454-08-23 00:00:00
JUG_00338,STR_0045,returned_to_store,2454-11-14 00:00:00
JUG_00338,HUB_AURORA,washed,2454-11-17 00:00:00
JUG_00338,STR_0028,purchased,2454-12-14 00:00:00
JUG_00338,STR_0028,returned_to_store,2455-02-20 00:00:00
JUG_00338,HUB_AURORA,washed,2455-02-22 00:00:00
JUG_00338,STR_0014,purchased,2455-03-14 00:00:00
JUG_00338,STR_0014,returned_to_store,2455-06-18 00:00:00
JUG_00338,HUB_AURORA,washed,2455-06-20 00:00:00
JUG_00338,STR_0031,purchased,2455-07-10 00:00:00
JUG_00338,STR_0031,returned_to_store,2455-10-02 00:00:00
JUG_00338,HUB_AURORA,washed,2455-10-04 00:00:00
JUG_00338,STR_0048,purchased,2455-10-19 00:00:00
JUG_00338,STR_0048,returned_to_store,2455-12-30 00:00:00
JUG_00338,HUB_AURORA,washed,2456-01-04 00:00:00
JUG_00339,STR_0001,purchased,2456-01-11 00:00:00
JUG_00339,STR_0001,returned_to_store,2456-03-22 00:00:00
JUG_00339,HUB_AURORA,washed,2456-03-26 00:00:00
JUG_00339,STR_0038,purchased,2456-04-18 00:00:00
JUG_00339,STR_0038,returned_to_store,2456-07-08 00:00:00
JUG_00339,HUB_AURORA,washed,2456-07-10 00:00:00
JUG_00339,STR_0002,purchased,2456-07-17 00:00:00
JUG_00339,STR_0002,returned_to_store,2456-10-28 00:00:00
JUG_00339,HUB_AURORA,washed,2456-11-01 00:00:00
JUG_00339,STR_0030,purchased,2456-11-21 00:00:00
JUG_00339,UNKNOWN,lost_to_leakage,2457-01-17 00:00:00
JUG_00340,STR_0027,purchased,2457-01-29 00:00:00
JUG_00340,STR_0027,returned_to_store,2457-04-25 00:00:00
JUG_00340,HUB_AURORA,washed,2457-04-30 00:00:00
JUG_00340,STR_0017,purchased,2457-05-17 00:00:00
JUG_00340,UNKNOWN,lost_to_leakage,2457-07-25 00:00:00
JUG_00341,STR_0009,purchased,2457-08-06 00:00:00
JUG_00341,STR_0009,returned_to_store,2457-10-12 00:00:00
JUG_00341,HUB_AURORA,washed,2457-10-17 00:00:00
JUG_00341,STR_0043,purchased,2457-10-26 00:00:00
JUG_00341,STR_0043,returned_to_store,2458-01-15 00:00:00
JUG_00341,HUB_AURORA,washed,2458-01-18 00:00:00
JUG_00341,STR_0006,purchased,2458-02-16 00:00:00
JUG_00341,STR_0006,returned_to_store,2458-04-14 00:00:00
JUG_00341,HUB_AURORA,washed,2458-04-19 00:00:00
JUG_00341,STR_0014,purchased,2458-04-27 00:00:00
JUG_00341,STR_0014,returned_to_store,2458-06-25 00:00:00
JUG_00341,HUB_AURORA,washed,2458-06-28 00:00:00
JUG_00341,STR_0024,purchased,2458-07-20 00:00:00
JUG_00341,STR_0024,returned_to_store,2458-10-01 00:00:00
JUG_00341,HUB_AURORA,washed,2458-10-04 00:00:00
JUG_00341,STR_0002,purchased,2458-10-29 00:00:00
JUG_00341,STR_0002,returned_to_store,2459-01-01 00:00:00
JUG_00341,HUB_AURORA,washed,2459-01-05 00:00:00
JUG_00341,STR_0044,purchased,2459-02-04 00:00:00
JUG_00341,UNKNOWN,lost_to_leakage,2459-05-10 00:00:00
JUG_00342,STR_0012,purchased,2459-05-31 00:00:00
JUG_00342,STR_0012,returned_to_store,2459-07-23 00:00:00
JUG_00342,HUB_AURORA,washed,2459-07-25 00:00:00
JUG_00342,STR_0041,purchased,2459-08-12 00:00:00
JUG_00342,STR_0041,returned_to_store,2459-10-18 00:00:00
JUG_00342,HUB_AURORA,washed,2459-10-23 00:00:00
JUG_00342,STR_0017,purchased,2459-11-12 00:00:00
JUG_00342,STR_0017,returned_to_store,2460-02-05 00:00:00
JUG_00342,HUB_AURORA,washed,2460-02-10 00:00:00
JUG_00342,STR_0008,purchased,2460-02-25 00:00:00
JUG_00342,STR_0008,returned_to_store,2460-05-03 00:00:00
JUG_00342,HUB_AURORA,washed,2460-05-05 00:00:00
JUG_00342,STR_0028,purchased,2460-05-25 00:00:00
JUG_00342,STR_0028,returned_to_store,2460-08-23 00:00:00
JUG_00342,HUB_AURORA,washed,2460-08-27 00:00:00
JUG_00342,STR_0035,purchased,2460-09-04 00:00:00
JUG_00342,STR_0035,returned_to_store,2460-12-08 00:00:00
JUG_00342,HUB_AURORA,washed,2460-12-10 00:00:00
JUG_00342,STR_0042,purchased,2461-01-05 00:00:00
JUG_00342,STR_0042,returned_to_store,2461-03-17 00:00:00
JUG_00342,HUB_AURORA,washed,2461-03-22 00:00:00
JUG_00343,STR_0042,purchased,2461-03-31 00:00:00
JUG_00343,STR_0042,returned_to_store,2461-06-17 00:00:00
JUG_00343,HUB_AURORA,washed,2461-06-20 00:00:00
JUG_00343,STR_0049,purchased,2461-07-02 00:00:00
JUG_00343,STR_0049,returned_to_store,2461-10-03 00:00:00
JUG_00343,HUB_AURORA,washed,2461-10-07 00:00:00
JUG_00343,STR_0026,purchased,2461-11-04 00:00:00
JUG_00343,STR_0026,returned_to_store,2462-01-12 00:00:00
JUG_00343,HUB_AURORA,washed,2462-01-16 00:00:00
JUG_00343,STR_0013,purchased,2462-02-13 00:00:00
JUG_00343,STR_0013,returned_to_store,2462-04-29 00:00:00
JUG_00343,HUB_AURORA,washed,2462-05-04 00:00:00
JUG_00343,STR_0048,purchased,2462-06-03 00:00:00
JUG_00343,STR_0048,returned_to_store,2462-07-27 00:00:00
JUG_00343,HUB_AURORA,washed,2462-07-30 00:00:00
JUG_00343,STR_0024,purchased,2462-08-24 00:00:00
JUG_00343,STR_0024,returned_to_store,2462-11-19 00:00:00
JUG_00343,HUB_AURORA,washed,2462-11-22 00:00:00
JUG_00343,STR_0027,purchased,2462-12-10 00:00:00
JUG_00343,STR_0027,returned_to_store,2463-02-25 00:00:00
JUG_00343,HUB_AURORA,washed,2463-03-02 00:00:00
JUG_00344,STR_0038,purchased,2463-04-01 00:00:00
JUG_00344,STR_0038,returned_to_store,2463-06-27 00:00:00
JUG_00344,HUB_AURORA,washed,2463-06-29 00:00:00
JUG_00344,STR_0042,purchased,2463-07-10 00:00:00
JUG_00344,UNKNOWN,lost_to_leakage,2463-09-30 00:00:00
JUG_00345,STR_0029,purchased,2463-10-10 00:00:00
JUG_00345,STR_0029,returned_to_store,2464-01-05 00:00:00
JUG_00345,HUB_AURORA,washed,2464-01-08 00:00:00
JUG_00345,STR_0019,purchased,2464-02-01 00:00:00
JUG_00345,STR_0019,returned_to_store,2464-05-12 00:00:00
JUG_00345,HUB_AURORA,washed,2464-05-16 00:00:00
JUG_00345,STR_0043,purchased,2464-06-09 00:00:00
JUG_00345,STR_0043,returned_to_store,2464-08-29 00:00:00
JUG_00345,HUB_AURORA,washed,2464-09-02 00:00:00
JUG_00345,STR_0033,purchased,2464-09-25 00:00:00
JUG_00345,STR_0033,returned_to_store,2465-01-05 00:00:00
JUG_00345,HUB_AURORA,washed,2465-01-08 00:00:00
JUG_00345,STR_0043,purchased,2465-02-03 00:00:00
JUG_00345,STR_0043,returned_to_store,2465-04-28 00:00:00
JUG_00345,HUB_AURORA,washed,2465-05-03 00:00:00
JUG_00345,STR_0004,purchased,2465-05-12 00:00:00
JUG_00345,STR_0004,returned_to_store,2465-07-24 00:00:00
JUG_00345,HUB_AURORA,washed,2465-07-26 00:00:00
JUG_00345,STR_0037,purchased,2465-08-22 00:00:00
JUG_00345,STR_0037,returned_to_store,2465-11-19 00:00:00
JUG_00345,HUB_AURORA,washed,2465-11-24 00:00:00
JUG_00346,STR_0011,purchased,2465-12-18 00:00:00
JUG_00346,UNKNOWN,lost_to_leakage,2466-02-21 00:00:00
JUG_00347,STR_0039,purchased,2466-03-15 00:00:00
JUG_00347,STR_0039,returned_to_store,2466-06-01 00:00:00
JUG_00347,HUB_AURORA,washed,2466-06-03 00:00:00
JUG_00347,STR_0021,purchased,2466-06-26 00:00:00
JUG_00347,STR_0021,returned_to_store,2466-09-06 00:00:00
JUG_00347,HUB_AURORA,washed,2466-09-10 00:00:00
JUG_00347,STR_0043,purchased,2466-09-18 00:00:00
JUG_00347,UNKNOWN,lost_to_leakage,2466-11-22 00:00:00
JUG_00348,STR_0018,purchased,2466-12-13 00:00:00
JUG_00348,UNKNOWN,lost_to_leakage,2467-03-15 00:00:00
JUG_00349,STR_0043,purchased,2467-03-29 00:00:00
JUG_00349,STR_0043,returned_to_store,2467-05-27 00:00:00
JUG_00349,HUB_AURORA,washed,2467-05-31 00:00:00
JUG_00349,STR_0013,purchased,2467-06-18 00:00:00
JUG_00349,STR_0013,returned_to_store,2467-09-07 00:00:00
JUG_00349,HUB_AURORA,washed,2467-09-09 00:00:00
JUG_00349,STR_0007,purchased,2467-10-01 00:00:00
JUG_00349,STR_0007,returned_to_store,2467-12-06 00:00:00
JUG_00349,HUB_AURORA,washed,2467-12-11 00:00:00
JUG_00350,STR_0042,purchased,2468-01-01 00:00:00
JUG_00350,STR_0042,returned_to_store,2468-03-16 00:00:00
JUG_00350,HUB_AURORA,washed,2468-03-20 00:00:00
JUG_00350,STR_0030,purchased,2468-04-19 00:00:00
JUG_00350,STR_0030,returned_to_store,2468-07-10 00:00:00
JUG_00350,HUB_AURORA,washed,2468-07-14 00:00:00
JUG_00350,STR_0035,purchased,2468-08-07 00:00:00
JUG_00350,STR_0035,returned_to_store,2468-10-25 00:00:00
JUG_00350,HUB_AURORA,washed,2468-10-28 00:00:00
JUG_00350,STR_0004,purchased,2468-11-15 00:00:00
JUG_00350,STR_0004,returned_to_store,2469-02-15 00:00:00
JUG_00350,HUB_AURORA,washed,2469-02-17 00:00:00
JUG_00350,STR_0022,purchased,2469-03-02 00:00:00
JUG_00350,STR_0022,returned_to_store,2469-05-01 00:00:00
JUG_00350,HUB_AURORA,washed,2469-05-06 00:00:00
JUG_00350,STR_0006,purchased,2469-05-21 00:00:00
JUG_00350,STR_0006,returned_to_store,2469-08-01 00:00:00
JUG_00350,HUB_AURORA,washed,2469-08-04 00:00:00
JUG_00350,STR_0028,purchased,2469-08-28 00:00:00
JUG_00350,STR_0028,returned_to_store,2469-11-27 00:00:00
JUG_00350,HUB_AURORA,washed,2469-12-02 00:00:00
JUG_00350,STR_0029,purchased,2469-12-12 00:00:00
JUG_00350,STR_0029,returned_to_store,2470-02-27 00:00:00
JUG_00350,HUB_AURORA,washed,2470-03-01 00:00:00
JUG_00350,STR_0027,purchased,2470-03-22 00:00:00
JUG_00350,STR_0027,returned_to_store,2470-05-24 00:00:00
JUG_00350,HUB_AURORA,washed,2470-05-29 00:00:00
JUG_00351,STR_0021,purchased,2470-06-25 00:00:00
JUG_00351,STR_0021,returned_to_store,2470-09-05 00:00:00
JUG_00351,HUB_AURORA,washed,2470-09-07 00:00:00
JUG_00351,STR_0046,purchased,2470-09-18 00:00:00
JUG_00351,STR_0046,returned_to_store,2470-12-05 00:00:00
JUG_00351,HUB_AURORA,washed,2470-12-08 00:00:00
JUG_00351,STR_0020,purchased,2470-12-19 00:00:00
JUG_00351,STR_0020,returned_to_store,2471-03-20 00:00:00
JUG_00351,HUB_AURORA,washed,2471-03-25 00:00:00
JUG_00352,STR_0035,purchased,2471-04-07 00:00:00
JUG_00352,UNKNOWN,lost_to_leakage,2471-06-12 00:00:00
JUG_00353,STR_0002,purchased,2471-07-05 00:00:00
JUG_00353,UNKNOWN,lost_to_leakage,2471-10-04 00:00:00
JUG_00354,STR_0046,purchased,2471-10-12 00:00:00
JUG_00354,STR_0046,returned_to_store,2471-12-09 00:00:00
JUG_00354,HUB_AURORA,washed,2471-12-14 00:00:00
JUG_00354,STR_0037,purchased,2472-01-05 00:00:00
JUG_00354,STR_0037,returned_to_store,2472-03-11 00:00:00
JUG_00354,HUB_AURORA,washed,2472-03-16 00:00:00
JUG_00354,STR_0036,purchased,2472-04-01 00:00:00
JUG_00354,UNKNOWN,lost_to_leakage,2472-06-18 00:00:00
JUG_00355,STR_0004,purchased,2472-07-07 00:00:00
JUG_00355,STR_0004,returned_to_store,2472-09-27 00:00:00
JUG_00355,HUB_AURORA,washed,2472-09-29 00:00:00
JUG_00355,STR_0025,purchased,2472-10-29 00:00:00
JUG_00355,UNKNOWN,lost_to_leakage,2473-01-30 00:00:00
JUG_00356,STR_0040,purchased,2473-02-10 00:00:00
JUG_00356,UNKNOWN,lost_to_leakage,2473-04-13 00:00:00
JUG_00357,STR_0037,purchased,2473-04-20 00:00:00
JUG_00357,STR_0037,returned_to_store,2473-07-08 00:00:00
JUG_00357,HUB_AURORA,washed,2473-07-10 00:00:00
JUG_00357,STR_0013,purchased,2473-08-08 00:00:00
JUG_00357,STR_0013,returned_to_store,2473-09-27 00:00:00
JUG_00357,HUB_AURORA,washed,2473-09-29 00:00:00
JUG_00357,STR_0015,purchased,2473-10-16 00:00:00
JUG_00357,STR_0015,returned_to_store,2474-01-22 00:00:00
JUG_00357,HUB_AURORA,washed,2474-01-26 00:00:00
JUG_00357,STR_0030,purchased,2474-02-19 00:00:00
JUG_00357,STR_0030,returned_to_store,2474-05-02 00:00:00
JUG_00357,HUB_AURORA,washed,2474-05-05 00:00:00
JUG_00357,STR_0049,purchased,2474-05-19 00:00:00
JUG_00357,STR_0049,returned_to_store,2474-07-16 00:00:00
JUG_00357,HUB_AURORA,washed,2474-07-19 00:00:00
JUG_00358,STR_0012,purchased,2474-07-26 00:00:00
JUG_00358,STR_0012,returned_to_store,2474-10-04 00:00:00
JUG_00358,HUB_AURORA,washed,2474-10-09 00:00:00
JUG_00358,STR_0026,purchased,2474-10-21 00:00:00
JUG_00358,UNKNOWN,lost_to_leakage,2474-12-17 00:00:00
JUG_00359,STR_0042,purchased,2474-12-25 00:00:00
JUG_00359,STR_0042,returned_to_store,2475-03-02 00:00:00
JUG_00359,HUB_AURORA,washed,2475-03-05 00:00:00
JUG_00359,STR_0031,purchased,2475-03-31 00:00:00
JUG_00359,STR_0031,returned_to_store,2475-06-17 00:00:00
JUG_00359,HUB_AURORA,washed,2475-06-20 00:00:00
JUG_00359,STR_0013,purchased,2475-07-10 00:00:00
JUG_00359,STR_0013,returned_to_store,2475-09-06 00:00:00
JUG_00359,HUB_AURORA,washed,2475-09-09 00:00:00
JUG_00359,STR_0048,purchased,2475-10-03 00:00:00
JUG_00359,UNKNOWN,lost_to_leakage,2476-01-04 00:00:00
JUG_00360,STR_0028,purchased,2476-01-26 00:00:00
JUG_00360,STR_0028,returned_to_store,2476-04-13 00:00:00
JUG_00360,HUB_AURORA,washed,2476-04-17 00:00:00
JUG_00360,STR_0018,purchased,2476-05-13 00:00:00
JUG_00360,STR_0018,returned_to_store,2476-07-26 00:00:00
JUG_00360,HUB_AURORA,washed,2476-07-29 00:00:00
JUG_00360,STR_0034,purchased,2476-08-28 00:00:00
JUG_00360,STR_0034,returned_to_store,2476-11-10 00:00:00
JUG_00360,HUB_AURORA,washed,2476-11-14 00:00:00
JUG_00360,STR_0004,purchased,2476-12-07 00:00:00
JUG_00360,STR_0004,returned_to_store,2477-02-09 00:00:00
JUG_00360,HUB_AURORA,washed,2477-02-13 00:00:00
JUG_00360,STR_0030,purchased,2477-02-21 00:00:00
JUG_00360,STR_0030,returned_to_store,2477-05-22 00:00:00
JUG_00360,HUB_AURORA,washed,2477-05-25 00:00:00
JUG_00360,STR_0013,purchased,2477-06-04 00:00:00
JUG_00360,STR_0013,returned_to_store,2477-09-02 00:00:00
JUG_00360,HUB_AURORA,washed,2477-09-06 00:00:00
JUG_00360,STR_0046,purchased,2477-09-18 00:00:00
JUG_00360,STR_0046,returned_to_store,2477-11-22 00:00:00
JUG_00360,HUB_AURORA,washed,2477-11-26 00:00:00
JUG_00361,STR_0004,purchased,2477-12-19 00:00:00
JUG_00361,STR_0004,returned_to_store,2478-03-08 00:00:00
JUG_00361,HUB_AURORA,washed,2478-03-10 00:00:00
JUG_00361,STR_0042,purchased,2478-03-17 00:00:00
JUG_00361,STR_0042,returned_to_store,2478-05-11 00:00:00
JUG_00361,HUB_AURORA,washed,2478-05-14 00:00:00
JUG_00361,STR_0019,purchased,2478-06-06 00:00:00
JUG_00361,STR_0019,returned_to_store,2478-08-24 00:00:00
JUG_00361,HUB_AURORA,washed,2478-08-28 00:00:00
JUG_00361,STR_0010,purchased,2478-09-27 00:00:00
JUG_00361,STR_0010,returned_to_store,2478-11-29 00:00:00
JUG_00361,HUB_AURORA,washed,2478-12-02 00:00:00
JUG_00361,STR_0006,purchased,2478-12-21 00:00:00
JUG_00361,STR_0006,returned_to_store,2479-02-16 00:00:00
JUG_00361,HUB_AURORA,washed,2479-02-19 00:00:00
JUG_00362,STR_0031,purchased,2479-03-01 00:00:00
JUG_00362,STR_0031,returned_to_store,2479-04-26 00:00:00
JUG_00362,HUB_AURORA,washed,2479-04-29 00:00:00
JUG_00362,STR_0023,purchased,2479-05-10 00:00:00
JUG_00362,STR_0023,returned_to_store,2479-07-28 00:00:00
JUG_00362,HUB_AURORA,washed,2479-08-02 00:00:00
JUG_00362,STR_0033,purchased,2479-08-26 00:00:00
JUG_00362,STR_0033,returned_to_store,2479-11-13 00:00:00
JUG_00362,HUB_AURORA,washed,2479-11-18 00:00:00
JUG_00362,STR_0036,purchased,2479-12-13 00:00:00
JUG_00362,STR_0036,returned_to_store,2480-03-16 00:00:00
JUG_00362,HUB_AURORA,washed,2480-03-21 00:00:00
JUG_00362,STR_0017,purchased,2480-03-28 00:00:00
JUG_00362,STR_0017,returned_to_store,2480-05-22 00:00:00
JUG_00362,HUB_AURORA,washed,2480-05-27 00:00:00
JUG_00362,STR_0008,purchased,2480-06-04 00:00:00
JUG_00362,STR_0008,returned_to_store,2480-08-26 00:00:00
JUG_00362,HUB_AURORA,washed,2480-08-31 00:00:00
JUG_00363,STR_0032,purchased,2480-09-21 00:00:00
JUG_00363,STR_0032,returned_to_store,2480-12-02 00:00:00
JUG_00363,HUB_AURORA,washed,2480-12-05 00:00:00
JUG_00363,STR_0047,purchased,2480-12-20 00:00:00
JUG_00363,STR_0047,returned_to_store,2481-02-10 00:00:00
JUG_00363,HUB_AURORA,washed,2481-02-15 00:00:00
JUG_00363,STR_0044,purchased,2481-03-13 00:00:00
JUG_00363,STR_0044,returned_to_store,2481-06-02 00:00:00
JUG_00363,HUB_AURORA,washed,2481-06-07 00:00:00
JUG_00363,STR_0028,purchased,2481-06-29 00:00:00
JUG_00363,STR_0028,returned_to_store,2481-09-12 00:00:00
JUG_00363,HUB_AURORA,washed,2481-09-17 00:00:00
JUG_00363,STR_0009,purchased,2481-10-13 00:00:00
JUG_00363,STR_0009,returned_to_store,2481-12-05 00:00:00
JUG_00363,HUB_AURORA,washed,2481-12-07 00:00:00
JUG_00363,STR_0003,purchased,2481-12-25 00:00:00
JUG_00363,STR_0003,returned_to_store,2482-03-07 00:00:00
JUG_00363,HUB_AURORA,washed,2482-03-09 00:00:00
JUG_00363,STR_0026,purchased,2482-04-02 00:00:00
JUG_00363,STR_0026,returned_to_store,2482-06-07 00:00:00
JUG_00363,HUB_AURORA,washed,2482-06-12 00:00:00
JUG_00364,STR_0040,purchased,2482-06-21 00:00:00
JUG_00364,STR_0040,returned_to_store,2482-09-10 00:00:00
JUG_00364,HUB_AURORA,washed,2482-09-14 00:00:00
JUG_00364,STR_0003,purchased,2482-10-07 00:00:00
JUG_00364,STR_0003,returned_to_store,2482-12-12 00:00:00
JUG_00364,HUB_AURORA,washed,2482-12-17 00:00:00
JUG_00364,STR_0034,purchased,2482-12-25 00:00:00
JUG_00364,STR_0034,returned_to_store,2483-03-26 00:00:00
JUG_00364,HUB_AURORA,washed,2483-03-29 00:00:00
JUG_00364,STR_0028,purchased,2483-04-08 00:00:00
JUG_00364,STR_0028,returned_to_store,2483-06-27 00:00:00
JUG_00364,HUB_AURORA,washed,2483-06-30 00:00:00
JUG_00364,STR_0032,purchased,2483-07-10 00:00:00
JUG_00364,STR_0032,returned_to_store,2483-10-16 00:00:00
JUG_00364,HUB_AURORA,washed,2483-10-21 00:00:00
JUG_00364,STR_0023,purchased,2483-11-12 00:00:00
JUG_00364,STR_0023,returned_to_store,2484-02-20 00:00:00
JUG_00364,HUB_AURORA,washed,2484-02-23 00:00:00
JUG_00364,STR_0007,purchased,2484-03-02 00:00:00
JUG_00364,STR_0007,returned_to_store,2484-05-21 00:00:00
JUG_00364,HUB_AURORA,washed,2484-05-23 00:00:00
JUG_00364,STR_0007,purchased,2484-06-11 00:00:00
JUG_00364,STR_0007,returned_to_store,2484-09-06 00:00:00
JUG_00364,HUB_AURORA,washed,2484-09-11 00:00:00
JUG_00365,STR_0029,purchased,2484-10-03 00:00:00
JUG_00365,STR_0029,returned_to_store,2484-12-05 00:00:00
JUG_00365,HUB_AURORA,washed,2484-12-07 00:00:00
JUG_00365,STR_0048,purchased,2484-12-27 00:00:00
JUG_00365,STR_0048,returned_to_store,2485-02-28 00:00:00
JUG_00365,HUB_AURORA,washed,2485-03-03 00:00:00
JUG_00365,STR_0014,purchased,2485-03-22 00:00:00
JUG_00365,STR_0014,returned_to_store,2485-05-24 00:00:00
JUG_00365,HUB_AURORA,washed,2485-05-27 00:00:00
JUG_00365,STR_0027,purchased,2485-06-23 00:00:00
JUG_00365,STR_0027,returned_to_store,2485-09-08 00:00:00
JUG_00365,HUB_AURORA,washed,2485-09-13 00:00:00
JUG_00366,STR_0040,purchased,2485-09-23 00:00:00
JUG_00366,STR_0040,returned_to_store,2485-12-19 00:00:00
JUG_00366,HUB_AURORA,washed,2485-12-22 00:00:00
JUG_00366,STR_0049,purchased,2486-01-04 00:00:00
JUG_00366,STR_0049,returned_to_store,2486-03-03 00:00:00
JUG_00366,HUB_AURORA,washed,2486-03-06 00:00:00
JUG_00366,STR_0010,purchased,2486-03-23 00:00:00
JUG_00366,STR_0010,returned_to_store,2486-05-21 00:00:00
JUG_00366,HUB_AURORA,washed,2486-05-25 00:00:00
JUG_00366,STR_0009,purchased,2486-06-07 00:00:00
JUG_00366,STR_0009,returned_to_store,2486-08-09 00:00:00
JUG_00366,HUB_AURORA,washed,2486-08-12 00:00:00
JUG_00366,STR_0018,purchased,2486-09-11 00:00:00
JUG_00366,STR_0018,returned_to_store,2486-12-14 00:00:00
JUG_00366,HUB_AURORA,washed,2486-12-18 00:00:00
JUG_00366,STR_0028,purchased,2487-01-08 00:00:00
JUG_00366,STR_0028,returned_to_store,2487-04-05 00:00:00
JUG_00366,HUB_AURORA,washed,2487-04-09 00:00:00
JUG_00366,STR_0005,purchased,2487-05-07 00:00:00
JUG_00366,STR_0005,returned_to_store,2487-07-06 00:00:00
JUG_00366,HUB_AURORA,washed,2487-07-10 00:00:00
JUG_00367,STR_0010,purchased,2487-08-04 00:00:00
JUG_00367,UNKNOWN,lost_to_leakage,2487-11-04 00:00:00
JUG_00368,STR_0011,purchased,2487-11-18 00:00:00
JUG_00368,STR_0011,returned_to_store,2488-02-26 00:00:00
JUG_00368,HUB_AURORA,washed,2488-03-01 00:00:00
JUG_00368,STR_0027,purchased,2488-03-12 00:00:00
JUG_00368,STR_0027,returned_to_store,2488-05-09 00:00:00
JUG_00368,HUB_AURORA,washed,2488-05-11 00:00:00
JUG_00368,STR_0036,purchased,2488-05-27 00:00:00
JUG_00368,STR_0036,returned_to_store,2488-08-12 00:00:00
JUG_00368,HUB_AURORA,washed,2488-08-16 00:00:00
JUG_00368,STR_0022,purchased,2488-09-15 00:00:00
JUG_00368,STR_0022,returned_to_store,2488-12-18 00:00:00
JUG_00368,HUB_AURORA,washed,2488-12-21 00:00:00
JUG_00368,STR_0003,purchased,2489-01-06 00:00:00
JUG_00368,STR_0003,returned_to_store,2489-03-20 00:00:00
JUG_00368,HUB_AURORA,washed,2489-03-24 00:00:00
JUG_00368,STR_0036,purchased,2489-04-09 00:00:00
JUG_00368,STR_0036,returned_to_store,2489-07-03 00:00:00
JUG_00368,HUB_AURORA,washed,2489-07-05 00:00:00
JUG_00368,STR_0043,purchased,2489-07-14 00:00:00
JUG_00368,STR_0043,returned_to_store,2489-09-19 00:00:00
JUG_00368,HUB_AURORA,washed,2489-09-21 00:00:00
JUG_00368,STR_0048,purchased,2489-10-08 00:00:00
JUG_00368,STR_0048,returned_to_store,2490-01-02 00:00:00
JUG_00368,HUB_AURORA,washed,2490-01-06 00:00:00
JUG_00368,STR_0030,purchased,2490-01-18 00:00:00
JUG_00368,STR_0030,returned_to_store,2490-03-10 00:00:00
JUG_00368,HUB_AURORA,washed,2490-03-14 00:00:00
JUG_00369,STR_0014,purchased,2490-03-21 00:00:00
JUG_00369,STR_0014,returned_to_store,2490-06-22 00:00:00
JUG_00369,HUB_AURORA,washed,2490-06-24 00:00:00
JUG_00369,STR_0024,purchased,2490-07-20 00:00:00
JUG_00369,STR_0024,returned_to_store,2490-10-07 00:00:00
JUG_00369,HUB_AURORA,washed,2490-10-10 00:00:00
JUG_00369,STR_0033,purchased,2490-11-02 00:00:00
JUG_00369,STR_0033,returned_to_store,2491-01-21 00:00:00
JUG_00369,HUB_AURORA,washed,2491-01-24 00:00:00
JUG_00369,STR_0042,purchased,2491-02-02 00:00:00
JUG_00369,STR_0042,returned_to_store,2491-05-01 00:00:00
JUG_00369,HUB_AURORA,washed,2491-05-04 00:00:00
JUG_00369,STR_0033,purchased,2491-05-30 00:00:00
JUG_00369,STR_0033,returned_to_store,2491-08-08 00:00:00
JUG_00369,HUB_AURORA,washed,2491-08-13 00:00:00
JUG_00370,STR_0028,purchased,2491-09-04 00:00:00
JUG_00370,STR_0028,returned_to_store,2491-12-01 00:00:00
JUG_00370,HUB_AURORA,washed,2491-12-06 00:00:00
JUG_00370,STR_0029,purchased,2491-12-30 00:00:00
JUG_00370,STR_0029,returned_to_store,2492-04-05 00:00:00
JUG_00370,HUB_AURORA,washed,2492-04-10 00:00:00
JUG_00370,STR_0048,purchased,2492-04-27 00:00:00
JUG_00370,STR_0048,returned_to_store,2492-07-06 00:00:00
JUG_00370,HUB_AURORA,washed,2492-07-11 00:00:00
JUG_00370,STR_0013,purchased,2492-07-19 00:00:00
JUG_00370,STR_0013,returned_to_store,2492-09-25 00:00:00
JUG_00370,HUB_AURORA,washed,2492-09-28 00:00:00
JUG_00370,STR_0037,purchased,2492-10-17 00:00:00
JUG_00370,STR_0037,returned_to_store,2493-01-06 00:00:00
JUG_00370,HUB_AURORA,washed,2493-01-11 00:00:00
JUG_00370,STR_0026,purchased,2493-01-27 00:00:00
JUG_00370,STR_0026,returned_to_store,2493-04-14 00:00:00
JUG_00370,HUB_AURORA,washed,2493-04-16 00:00:00
JUG_00370,STR_0045,purchased,2493-05-16 00:00:00
JUG_00370,STR_0045,returned_to_store,2493-07-08 00:00:00
JUG_00370,HUB_AURORA,washed,2493-07-11 00:00:00
JUG_00370,STR_0022,purchased,2493-07-28 00:00:00
JUG_00370,UNKNOWN,lost_to_leakage,2493-09-15 00:00:00
JUG_00371,STR_0019,purchased,2493-09-25 00:00:00
JUG_00371,STR_0019,returned_to_store,2493-11-21 00:00:00
JUG_00371,HUB_AURORA,washed,2493-11-26 00:00:00
JUG_00371,STR_0048,purchased,2493-12-25 00:00:00
JUG_00371,STR_0048,returned_to_store,2494-02-17 00:00:00
JUG_00371,HUB_AURORA,washed,2494-02-22 00:00:00
JUG_00371,STR_0048,purchased,2494-03-04 00:00:00
JUG_00371,UNKNOWN,lost_to_leakage,2494-06-08 00:00:00
JUG_00372,STR_0006,purchased,2494-06-15 00:00:00
JUG_00372,STR_0006,returned_to_store,2494-08-05 00:00:00
JUG_00372,HUB_AURORA,washed,2494-08-09 00:00:00
JUG_00372,STR_0009,purchased,2494-08-21 00:00:00
JUG_00372,STR_0009,returned_to_store,2494-11-03 00:00:00
JUG_00372,HUB_AURORA,washed,2494-11-05 00:00:00
JUG_00372,STR_0015,purchased,2494-11-18 00:00:00
JUG_00372,STR_0015,returned_to_store,2495-01-30 00:00:00
JUG_00372,HUB_AURORA,washed,2495-02-01 00:00:00
JUG_00372,STR_0031,purchased,2495-02-22 00:00:00
JUG_00372,STR_0031,returned_to_store,2495-05-23 00:00:00
JUG_00372,HUB_AURORA,washed,2495-05-27 00:00:00
JUG_00372,STR_0013,purchased,2495-06-22 00:00:00
JUG_00372,STR_0013,returned_to_store,2495-08-24 00:00:00
JUG_00372,HUB_AURORA,washed,2495-08-27 00:00:00
JUG_00372,STR_0038,purchased,2495-09-10 00:00:00
JUG_00372,STR_0038,returned_to_store,2495-11-13 00:00:00
JUG_00372,HUB_AURORA,washed,2495-11-17 00:00:00
JUG_00373,STR_0015,purchased,2495-11-24 00:00:00
JUG_00373,STR_0015,returned_to_store,2496-01-21 00:00:00
JUG_00373,HUB_AURORA,washed,2496-01-24 00:00:00
JUG_00373,STR_0017,purchased,2496-02-19 00:00:00
JUG_00373,STR_0017,returned_to_store,2496-05-29 00:00:00
JUG_00373,HUB_AURORA,washed,2496-06-02 00:00:00
JUG_00373,STR_0018,purchased,2496-06-25 00:00:00
JUG_00373,STR_0018,returned_to_store,2496-09-15 00:00:00
JUG_00373,HUB_AURORA,washed,2496-09-18 00:00:00
JUG_00373,STR_0048,purchased,2496-09-26 00:00:00
JUG_00373,STR_0048,returned_to_store,2496-11-18 00:00:00
JUG_00373,HUB_AURORA,washed,2496-11-21 00:00:00
JUG_00373,STR_0016,purchased,2496-12-03 00:00:00
JUG_00373,UNKNOWN,lost_to_leakage,2497-03-05 00:00:00
JUG_00374,STR_0003,purchased,2497-03-16 00:00:00
JUG_00374,UNKNOWN,lost_to_leakage,2497-06-19 00:00:00
JUG_00375,STR_0008,purchased,2497-07-11 00:00:00
JUG_00375,STR_0008,returned_to_store,2497-10-07 00:00:00
JUG_00375,HUB_AURORA,washed,2497-10-11 00:00:00
JUG_00375,STR_0007,purchased,2497-10-27 00:00:00
JUG_00375,STR_0007,returned_to_store,2498-01-24 00:00:00
JUG_00375,HUB_AURORA,washed,2498-01-27 00:00:00
JUG_00375,STR_0008,purchased,2498-02-26 00:00:00
JUG_00375,STR_0008,returned_to_store,2498-05-20 00:00:00
JUG_00375,HUB_AURORA,washed,2498-05-22 00:00:00
JUG_00375,STR_0005,purchased,2498-06-19 00:00:00
JUG_00375,STR_0005,returned_to_store,2498-08-20 00:00:00
JUG_00375,HUB_AURORA,washed,2498-08-23 00:00:00
JUG_00375,STR_0029,purchased,2498-09-18 00:00:00
JUG_00375,STR_0029,returned_to_store,2498-12-24 00:00:00
JUG_00375,HUB_AURORA,washed,2498-12-26 00:00:00
JUG_00375,STR_0006,purchased,2499-01-17 00:00:00
JUG_00375,STR_0006,returned_to_store,2499-04-16 00:00:00
JUG_00375,HUB_AURORA,washed,2499-04-20 00:00:00
JUG_00375,STR_0043,purchased,2499-05-03 00:00:00
JUG_00375,STR_0043,returned_to_store,2499-08-10 00:00:00
JUG_00375,HUB_AURORA,washed,2499-08-12 00:00:00
JUG_00375,STR_0034,purchased,2499-08-23 00:00:00
JUG_00375,STR_0034,returned_to_store,2499-10-24 00:00:00
JUG_00375,HUB_AURORA,washed,2499-10-28 00:00:00
JUG_00375,STR_0047,purchased,2499-11-15 00:00:00
JUG_00375,UNKNOWN,lost_to_leakage,2500-01-17 00:00:00
JUG_00376,STR_0025,purchased,2500-02-13 00:00:00
JUG_00376,UNKNOWN,lost_to_leakage,2500-04-13 00:00:00
JUG_00377,STR_0011,purchased,2500-05-05 00:00:00
JUG_00377,STR_0011,returned_to_store,2500-07-29 00:00:00
JUG_00377,HUB_AURORA,washed,2500-08-02 00:00:00
JUG_00377,STR_0023,purchased,2500-08-09 00:00:00
JUG_00377,STR_0023,returned_to_store,2500-11-06 00:00:00
JUG_00377,HUB_AURORA,washed,2500-11-09 00:00:00
JUG_00377,STR_0037,purchased,2500-12-04 00:00:00
JUG_00377,STR_0037,returned_to_store,2501-01-25 00:00:00
JUG_00377,HUB_AURORA,washed,2501-01-29 00:00:00
JUG_00377,STR_0017,purchased,2501-02-25 00:00:00
JUG_00377,STR_0017,returned_to_store,2501-05-07 00:00:00
JUG_00377,HUB_AURORA,washed,2501-05-12 00:00:00
JUG_00377,STR_0013,purchased,2501-06-09 00:00:00
JUG_00377,STR_0013,returned_to_store,2501-08-23 00:00:00
JUG_00377,HUB_AURORA,washed,2501-08-25 00:00:00
JUG_00377,STR_0024,purchased,2501-09-18 00:00:00
JUG_00377,UNKNOWN,lost_to_leakage,2501-12-21 00:00:00
JUG_00378,STR_0020,purchased,2502-01-18 00:00:00
JUG_00378,STR_0020,returned_to_store,2502-03-21 00:00:00
JUG_00378,HUB_AURORA,washed,2502-03-24 00:00:00
JUG_00378,STR_0047,purchased,2502-04-02 00:00:00
JUG_00378,STR_0047,returned_to_store,2502-06-18 00:00:00
JUG_00378,HUB_AURORA,washed,2502-06-20 00:00:00
JUG_00378,STR_0005,purchased,2502-07-03 00:00:00
JUG_00378,STR_0005,returned_to_store,2502-08-26 00:00:00
JUG_00378,HUB_AURORA,washed,2502-08-28 00:00:00
JUG_00379,STR_0011,purchased,2502-09-16 00:00:00
JUG_00379,STR_0011,returned_to_store,2502-12-20 00:00:00
JUG_00379,HUB_AURORA,washed,2502-12-23 00:00:00
JUG_00379,STR_0022,purchased,2503-01-21 00:00:00
JUG_00379,STR_0022,returned_to_store,2503-04-21 00:00:00
JUG_00379,HUB_AURORA,washed,2503-04-26 00:00:00
JUG_00379,STR_0011,purchased,2503-05-13 00:00:00
JUG_00379,STR_0011,returned_to_store,2503-07-19 00:00:00
JUG_00379,HUB_AURORA,washed,2503-07-24 00:00:00
JUG_00379,STR_0041,purchased,2503-08-12 00:00:00
JUG_00379,STR_0041,returned_to_store,2503-10-02 00:00:00
JUG_00379,HUB_AURORA,washed,2503-10-06 00:00:00
JUG_00379,STR_0010,purchased,2503-10-29 00:00:00
JUG_00379,UNKNOWN,lost_to_leakage,2503-12-23 00:00:00
JUG_00380,STR_0006,purchased,2504-01-13 00:00:00
JUG_00380,STR_0006,returned_to_store,2504-03-24 00:00:00
JUG_00380,HUB_AURORA,washed,2504-03-26 00:00:00
JUG_00380,STR_0005,purchased,2504-04-20 00:00:00
JUG_00380,STR_0005,returned_to_store,2504-06-17 00:00:00
JUG_00380,HUB_AURORA,washed,2504-06-22 00:00:00
JUG_00380,STR_0018,purchased,2504-07-22 00:00:00
JUG_00380,STR_0018,returned_to_store,2504-10-25 00:00:00
JUG_00380,HUB_AURORA,washed,2504-10-29 00:00:00
JUG_00380,STR_0012,purchased,2504-11-19 00:00:00
JUG_00380,STR_0012,returned_to_store,2505-02-13 00:00:00
JUG_00380,HUB_AURORA,washed,2505-02-16 00:00:00
JUG_00381,STR_0010,purchased,2505-03-13 00:00:00
JUG_00381,STR_0010,returned_to_store,2505-05-24 00:00:00
JUG_00381,HUB_AURORA,washed,2505-05-27 00:00:00
JUG_00381,STR_0034,purchased,2505-06-17 00:00:00
JUG_00381,STR_0034,returned_to_store,2505-09-17 00:00:00
JUG_00381,HUB_AURORA,washed,2505-09-20 00:00:00
JUG_00381,STR_0032,purchased,2505-10-01 00:00:00
JUG_00381,STR_0032,returned_to_store,2505-12-30 00:00:00
JUG_00381,HUB_AURORA,washed,2506-01-01 00:00:00
JUG_00381,STR_0028,purchased,2506-01-16 00:00:00
JUG_00381,STR_0028,returned_to_store,2506-03-20 00:00:00
JUG_00381,HUB_AURORA,washed,2506-03-23 00:00:00
JUG_00381,STR_0002,purchased,2506-04-22 00:00:00
JUG_00381,STR_0002,returned_to_store,2506-07-21 00:00:00
JUG_00381,HUB_AURORA,washed,2506-07-26 00:00:00
JUG_00381,STR_0015,purchased,2506-08-23 00:00:00
JUG_00381,UNKNOWN,lost_to_leakage,2506-11-06 00:00:00
JUG_00382,STR_0006,purchased,2506-11-30 00:00:00
JUG_00382,STR_0006,returned_to_store,2507-02-11 00:00:00
JUG_00382,HUB_AURORA,washed,2507-02-16 00:00:00
JUG_00382,STR_0022,purchased,2507-02-26 00:00:00
JUG_00382,STR_0022,returned_to_store,2507-05-31 00:00:00
JUG_00382,HUB_AURORA,washed,2507-06-04 00:00:00
JUG_00382,STR_0032,purchased,2507-06-21 00:00:00
JUG_00382,STR_0032,returned_to_store,2507-08-22 00:00:00
JUG_00382,HUB_AURORA,washed,2507-08-25 00:00:00
JUG_00382,STR_0046,purchased,2507-09-03 00:00:00
JUG_00382,STR_0046,returned_to_store,2507-11-21 00:00:00
JUG_00382,HUB_AURORA,washed,2507-11-24 00:00:00
JUG_00382,STR_0037,purchased,2507-12-05 00:00:00
JUG_00382,STR_0037,returned_to_store,2508-03-01 00:00:00
JUG_00382,HUB_AURORA,washed,2508-03-05 00:00:00
JUG_00382,STR_0039,purchased,2508-03-17 00:00:00
JUG_00382,STR_0039,returned_to_store,2508-05-07 00:00:00
JUG_00382,HUB_AURORA,washed,2508-05-09 00:00:00
JUG_00383,STR_0016,purchased,2508-06-08 00:00:00
JUG_00383,STR_0016,returned_to_store,2508-09-11 00:00:00
JUG_00383,HUB_AURORA,washed,2508-09-13 00:00:00
JUG_00383,STR_0006,purchased,2508-09-23 00:00:00
JUG_00383,STR_0006,returned_to_store,2509-01-04 00:00:00
JUG_00383,HUB_AURORA,washed,2509-01-09 00:00:00
JUG_00383,STR_0047,purchased,2509-01-16 00:00:00
JUG_00383,STR_0047,returned_to_store,2509-04-18 00:00:00
JUG_00383,HUB_AURORA,washed,2509-04-22 00:00:00
JUG_00383,STR_0039,purchased,2509-05-05 00:00:00
JUG_00383,UNKNOWN,lost_to_leakage,2509-07-05 00:00:00
JUG_00384,STR_0044,purchased,2509-07-23 00:00:00
JUG_00384,UNKNOWN,lost_to_leakage,2509-10-19 00:00:00
JUG_00385,STR_0008,purchased,2509-11-03 00:00:00
JUG_00385,STR_0008,returned_to_store,2510-01-01 00:00:00
JUG_00385,HUB_AURORA,washed,2510-01-06 00:00:00
JUG_00385,STR_0019,purchased,2510-01-27 00:00:00
JUG_00385,STR_0019,returned_to_store,2510-04-07 00:00:00
JUG_00385,HUB_AURORA,washed,2510-04-11 00:00:00
JUG_00385,STR_0011,purchased,2510-04-21 00:00:00
JUG_00385,STR_0011,returned_to_store,2510-07-11 00:00:00
JUG_00385,HUB_AURORA,washed,2510-07-15 00:00:00
JUG_00385,STR_0023,purchased,2510-08-07 00:00:00
JUG_00385,STR_0023,returned_to_store,2510-11-10 00:00:00
JUG_00385,HUB_AURORA,washed,2510-11-15 00:00:00
JUG_00385,STR_0002,purchased,2510-11-24 00:00:00
JUG_00385,UNKNOWN,lost_to_leakage,2511-02-13 00:00:00
JUG_00386,STR_0017,purchased,2511-02-22 00:00:00
JUG_00386,STR_0017,returned_to_store,2511-04-13 00:00:00
JUG_00386,HUB_AURORA,washed,2511-04-18 00:00:00
JUG_00386,STR_0034,purchased,2511-05-16 00:00:00
JUG_00386,STR_0034,returned_to_store,2511-07-08 00:00:00
JUG_00386,HUB_AURORA,washed,2511-07-10 00:00:00
JUG_00386,STR_0029,purchased,2511-07-25 00:00:00
JUG_00386,STR_0029,returned_to_store,2511-09-26 00:00:00
JUG_00386,HUB_AURORA,washed,2511-10-01 00:00:00
JUG_00386,STR_0001,purchased,2511-10-27 00:00:00
JUG_00386,STR_0001,returned_to_store,2512-02-02 00:00:00
JUG_00386,HUB_AURORA,washed,2512-02-06 00:00:00
JUG_00386,STR_0032,purchased,2512-02-21 00:00:00
JUG_00386,STR_0032,returned_to_store,2512-05-26 00:00:00
JUG_00386,HUB_AURORA,washed,2512-05-29 00:00:00
JUG_00386,STR_0008,purchased,2512-06-17 00:00:00
JUG_00386,STR_0008,returned_to_store,2512-09-05 00:00:00
JUG_00386,HUB_AURORA,washed,2512-09-10 00:00:00
JUG_00387,STR_0039,purchased,2512-09-20 00:00:00
JUG_00387,STR_0039,returned_to_store,2512-12-12 00:00:00
JUG_00387,HUB_AURORA,washed,2512-12-15 00:00:00
JUG_00387,STR_0043,purchased,2513-01-01 00:00:00
JUG_00387,STR_0043,returned_to_store,2513-03-28 00:00:00
JUG_00387,HUB_AURORA,washed,2513-04-01 00:00:00
JUG_00387,STR_0008,purchased,2513-04-08 00:00:00
JUG_00387,STR_0008,returned_to_store,2513-07-06 00:00:00
JUG_00387,HUB_AURORA,washed,2513-07-08 00:00:00
JUG_00387,STR_0032,purchased,2513-07-19 00:00:00
JUG_00387,STR_0032,returned_to_store,2513-10-22 00:00:00
JUG_00387,HUB_AURORA,washed,2513-10-26 00:00:00
JUG_00387,STR_0011,purchased,2513-11-02 00:00:00
JUG_00387,STR_0011,returned_to_store,2513-12-31 00:00:00
JUG_00387,HUB_AURORA,washed,2514-01-03 00:00:00
JUG_00387,STR_0024,purchased,2514-01-23 00:00:00
JUG_00387,STR_0024,returned_to_store,2514-04-11 00:00:00
JUG_00387,HUB_AURORA,washed,2514-04-15 00:00:00
JUG_00387,STR_0044,purchased,2514-05-06 00:00:00
JUG_00387,STR_0044,returned_to_store,2514-08-10 00:00:00
JUG_00387,HUB_AURORA,washed,2514-08-15 00:00:00
JUG_00388,STR_0016,purchased,2514-09-08 00:00:00
JUG_00388,STR_0016,returned_to_store,2514-11-30 00:00:00
JUG_00388,HUB_AURORA,washed,2514-12-02 00:00:00
JUG_00388,STR_0007,purchased,2514-12-09 00:00:00
JUG_00388,STR_0007,returned_to_store,2515-03-17 00:00:00
JUG_00388,HUB_AURORA,washed,2515-03-22 00:00:00
JUG_00388,STR_0033,purchased,2515-04-11 00:00:00
JUG_00388,STR_0033,returned_to_store,2515-06-24 00:00:00
JUG_00388,HUB_AURORA,washed,2515-06-27 00:00:00
JUG_00388,STR_0018,purchased,2515-07-18 00:00:00
JUG_00388,STR_0018,returned_to_store,2515-09-22 00:00:00
JUG_00388,HUB_AURORA,washed,2515-09-26 00:00:00
JUG_00388,STR_0046,purchased,2515-10-14 00:00:00
JUG_00388,STR_0046,returned_to_store,2516-01-20 00:00:00
JUG_00388,HUB_AURORA,washed,2516-01-24 00:00:00
JUG_00388,STR_0039,purchased,2516-02-01 00:00:00
JUG_00388,STR_0039,returned_to_store,2516-03-30 00:00:00
JUG_00388,HUB_AURORA,washed,2516-04-03 00:00:00
JUG_00389,STR_0040,purchased,2516-04-12 00:00:00
JUG_00389,STR_0040,returned_to_store,2516-06-21 00:00:00
JUG_00389,HUB_AURORA,washed,2516-06-24 00:00:00
JUG_00389,STR_0001,purchased,2516-07-16 00:00:00
JUG_00389,STR_0001,returned_to_store,2516-09-24 00:00:00
JUG_00389,HUB_AURORA,washed,2516-09-26 00:00:00
JUG_00389,STR_0040,purchased,2516-10-21 00:00:00
JUG_00389,STR_0040,returned_to_store,2517-01-17 00:00:00
JUG_00389,HUB_AURORA,washed,2517-01-20 00:00:00
JUG_00389,STR_0006,purchased,2517-02-11 00:00:00
JUG_00389,STR_0006,returned_to_store,2517-04-23 00:00:00
JUG_00389,HUB_AURORA,washed,2517-04-27 00:00:00
JUG_00389,STR_0009,purchased,2517-05-12 00:00:00
JUG_00389,UNKNOWN,lost_to_leakage,2517-08-03 00:00:00
JUG_00390,STR_0011,purchased,2517-08-16 00:00:00
JUG_00390,STR_0011,returned_to_store,2517-10-16 00:00:00
JUG_00390,HUB_AURORA,washed,2517-10-21 00:00:00
JUG_00390,STR_0026,purchased,2517-11-07 00:00:00
JUG_00390,STR_0026,returned_to_store,2518-01-10 00:00:00
JUG_00390,HUB_AURORA,washed,2518-01-12 00:00:00
JUG_00390,STR_0011,purchased,2518-02-08 00:00:00
JUG_00390,STR_0011,returned_to_store,2518-05-10 00:00:00
JUG_00390,HUB_AURORA,washed,2518-05-14 00:00:00
JUG_00390,STR_0042,purchased,2518-06-02 00:00:00
JUG_00390,STR_0042,returned_to_store,2518-08-17 00:00:00
JUG_00390,HUB_AURORA,washed,2518-08-20 00:00:00
JUG_00390,STR_0028,purchased,2518-09-01 00:00:00
JUG_00390,STR_0028,returned_to_store,2518-11-23 00:00:00
JUG_00390,HUB_AURORA,washed,2518-11-27 00:00:00
JUG_00391,STR_0016,purchased,2518-12-24 00:00:00
JUG_00391,STR_0016,returned_to_store,2519-03-15 00:00:00
JUG_00391,HUB_AURORA,washed,2519-03-18 00:00:00
JUG_00391,STR_0038,purchased,2519-04-16 00:00:00
JUG_00391,STR_0038,returned_to_store,2519-06-30 00:00:00
JUG_00391,HUB_AURORA,washed,2519-07-03 00:00:00
JUG_00391,STR_0034,purchased,2519-07-27 00:00:00
JUG_00391,STR_0034,returned_to_store,2519-10-28 00:00:00
JUG_00391,HUB_AURORA,washed,2519-10-31 00:00:00
JUG_00391,STR_0031,purchased,2519-11-26 00:00:00
JUG_00391,STR_0031,returned_to_store,2520-01-30 00:00:00
JUG_00391,HUB_AURORA,washed,2520-02-04 00:00:00
JUG_00391,STR_0005,purchased,2520-02-12 00:00:00
JUG_00391,STR_0005,returned_to_store,2520-05-01 00:00:00
JUG_00391,HUB_AURORA,washed,2520-05-04 00:00:00
JUG_00392,STR_0006,purchased,2520-05-26 00:00:00
JUG_00392,STR_0006,returned_to_store,2520-08-02 00:00:00
JUG_00392,HUB_AURORA,washed,2520-08-04 00:00:00
JUG_00392,STR_0040,purchased,2520-08-23 00:00:00
JUG_00392,STR_0040,returned_to_store,2520-11-15 00:00:00
JUG_00392,HUB_AURORA,washed,2520-11-19 00:00:00
JUG_00392,STR_0006,purchased,2520-12-11 00:00:00
JUG_00392,STR_0006,returned_to_store,2521-03-11 00:00:00
JUG_00392,HUB_AURORA,washed,2521-03-16 00:00:00
JUG_00393,STR_0033,purchased,2521-03-24 00:00:00
JUG_00393,STR_0033,returned_to_store,2521-06-25 00:00:00
JUG_00393,HUB_AURORA,washed,2521-06-29 00:00:00
JUG_00393,STR_0015,purchased,2521-07-07 00:00:00
JUG_00393,UNKNOWN,lost_to_leakage,2521-09-06 00:00:00
JUG_00394,STR_0011,purchased,2521-09-27 00:00:00
JUG_00394,STR_0011,returned_to_store,2521-12-26 00:00:00
JUG_00394,HUB_AURORA,washed,2521-12-30 00:00:00
JUG_00394,STR_0027,purchased,2522-01-23 00:00:00
JUG_00394,STR_0027,returned_to_store,2522-04-05 00:00:00
JUG_00394,HUB_AURORA,washed,2522-04-09 00:00:00
JUG_00394,STR_0032,purchased,2522-04-28 00:00:00
JUG_00394,STR_0032,returned_to_store,2522-06-25 00:00:00
JUG_00394,HUB_AURORA,washed,2522-06-30 00:00:00
JUG_00394,STR_0005,purchased,2522-07-10 00:00:00
JUG_00394,STR_0005,returned_to_store,2522-09-07 00:00:00
JUG_00394,HUB_AURORA,washed,2522-09-11 00:00:00
JUG_00394,STR_0026,purchased,2522-09-28 00:00:00
JUG_00394,STR_0026,returned_to_store,2522-12-01 00:00:00
JUG_00394,HUB_AURORA,washed,2522-12-03 00:00:00
JUG_00394,STR_0029,purchased,2522-12-27 00:00:00
JUG_00394,STR_0029,returned_to_store,2523-03-20 00:00:00
JUG_00394,HUB_AURORA,washed,2523-03-22 00:00:00
JUG_00394,STR_0006,purchased,2523-04-19 00:00:00
JUG_00394,STR_0006,returned_to_store,2523-07-03 00:00:00
JUG_00394,HUB_AURORA,washed,2523-07-08 00:00:00
JUG_00394,STR_0013,purchased,2523-07-22 00:00:00
JUG_00394,STR_0013,returned_to_store,2523-10-13 00:00:00
JUG_00394,HUB_AURORA,washed,2523-10-17 00:00:00
JUG_00395,STR_0031,purchased,2523-10-26 00:00:00
JUG_00395,STR_0031,returned_to_store,2524-01-30 00:00:00
JUG_00395,HUB_AURORA,washed,2524-02-04 00:00:00
JUG_00395,STR_0042,purchased,2524-02-22 00:00:00
JUG_00395,UNKNOWN,lost_to_leakage,2524-04-25 00:00:00
JUG_00396,STR_0015,purchased,2524-05-15 00:00:00
JUG_00396,STR_0015,returned_to_store,2524-08-22 00:00:00
JUG_00396,HUB_AURORA,washed,2524-08-25 00:00:00
JUG_00396,STR_0026,purchased,2524-09-09 00:00:00
JUG_00396,STR_0026,returned_to_store,2524-12-13 00:00:00
JUG_00396,HUB_AURORA,washed,2524-12-15 00:00:00
JUG_00396,STR_0009,purchased,2525-01-13 00:00:00
JUG_00396,UNKNOWN,lost_to_leakage,2525-04-19 00:00:00
JUG_00397,STR_0044,purchased,2525-05-18 00:00:00
JUG_00397,STR_0044,returned_to_store,2525-08-20 00:00:00
JUG_00397,HUB_AURORA,washed,2525-08-25 00:00:00
JUG_00397,STR_0033,purchased,2525-09-23 00:00:00
JUG_00397,STR_0033,returned_to_store,2525-12-22 00:00:00
JUG_00397,HUB_AURORA,washed,2525-12-25 00:00:00
JUG_00397,STR_0028,purchased,2526-01-24 00:00:00
JUG_00397,STR_0028,returned_to_store,2526-04-01 00:00:00
JUG_00397,HUB_AURORA,washed,2526-04-05 00:00:00
JUG_00397,STR_0022,purchased,2526-04-28 00:00:00
JUG_00397,STR_0022,returned_to_store,2526-07-18 00:00:00
JUG_00397,HUB_AURORA,washed,2526-07-23 00:00:00
JUG_00397,STR_0049,purchased,2526-08-22 00:00:00
JUG_00397,STR_0049,returned_to_store,2526-11-30 00:00:00
JUG_00397,HUB_AURORA,washed,2526-12-04 00:00:00
JUG_00397,STR_0022,purchased,2526-12-31 00:00:00
JUG_00397,STR_0022,returned_to_store,2527-04-05 00:00:00
JUG_00397,HUB_AURORA,washed,2527-04-07 00:00:00
JUG_00397,STR_0048,purchased,2527-04-24 00:00:00
JUG_00397,STR_0048,returned_to_store,2527-07-04 00:00:00
JUG_00397,HUB_AURORA,washed,2527-07-06 00:00:00
JUG_00397,STR_0005,purchased,2527-07-30 00:00:00
JUG_00397,STR_0005,returned_to_store,2527-10-09 00:00:00
JUG_00397,HUB_AURORA,washed,2527-10-14 00:00:00
JUG_00397,STR_0045,purchased,2527-10-22 00:00:00
JUG_00397,UNKNOWN,lost_to_leakage,2527-12-28 00:00:00
JUG_00398,STR_0049,purchased,2528-01-06 00:00:00
JUG_00398,STR_0049,returned_to_store,2528-04-10 00:00:00
JUG_00398,HUB_AURORA,washed,2528-04-14 00:00:00
JUG_00398,STR_0031,purchased,2528-05-12 00:00:00
JUG_00398,STR_0031,returned_to_store,2528-08-12 00:00:00
JUG_00398,HUB_AURORA,washed,2528-08-14 00:00:00
JUG_00398,STR_0030,purchased,2528-09-09 00:00:00
JUG_00398,STR_0030,returned_to_store,2528-11-13 00:00:00
JUG_00398,HUB_AURORA,washed,2528-11-15 00:00:00
JUG_00399,STR_0009,purchased,2528-11-27 00:00:00
JUG_00399,STR_0009,returned_to_store,2529-02-25 00:00:00
JUG_00399,HUB_AURORA,washed,2529-02-27 00:00:00
JUG_00399,STR_0022,purchased,2529-03-18 00:00:00
JUG_00399,STR_0022,returned_to_store,2529-05-15 00:00:00
JUG_00399,HUB_AURORA,washed,2529-05-18 00:00:00
JUG_00399,STR_0046,purchased,2529-06-05 00:00:00
JUG_00399,STR_0046,returned_to_store,2529-08-28 00:00:00
JUG_00399,HUB_AURORA,washed,2529-09-01 00:00:00
JUG_00399,STR_0022,purchased,2529-09-20 00:00:00
JUG_00399,UNKNOWN,lost_to_leakage,2529-11-27 00:00:00
JUG_00400,STR_0047,purchased,2529-12-15 00:00:00
JUG_00400,UNKNOWN,lost_to_leakage,2530-03-06 00:00:00
JUG_00401,STR_0022,purchased,2530-03-28 00:00:00
JUG_00401,STR_0022,returned_to_store,2530-06-18 00:00:00
JUG_00401,HUB_AURORA,washed,2530-06-22 00:00:00
JUG_00401,STR_0010,purchased,2530-07-19 00:00:00
JUG_00401,STR_0010,returned_to_store,2530-10-17 00:00:00
JUG_00401,HUB_AURORA,washed,2530-10-19 00:00:00
JUG_00401,STR_0039,purchased,2530-11-05 00:00:00
JUG_00401,STR_0039,returned_to_store,2531-02-04 00:00:00
JUG_00401,HUB_AURORA,washed,2531-02-06 00:00:00
JUG_00401,STR_0021,purchased,2531-02-22 00:00:00
JUG_00401,STR_0021,returned_to_store,2531-05-14 00:00:00
JUG_00401,HUB_AURORA,washed,2531-05-18 00:00:00
JUG_00401,STR_0023,purchased,2531-06-10 00:00:00
JUG_00401,STR_0023,returned_to_store,2531-09-13 00:00:00
JUG_00401,HUB_AURORA,washed,2531-09-18 00:00:00
JUG_00401,STR_0031,purchased,2531-10-05 00:00:00
JUG_00401,STR_0031,returned_to_store,2531-12-10 00:00:00
JUG_00401,HUB_AURORA,washed,2531-12-13 00:00:00
JUG_00401,STR_0018,purchased,2532-01-05 00:00:00
JUG_00401,STR_0018,returned_to_store,2532-04-09 00:00:00
JUG_00401,HUB_AURORA,washed,2532-04-12 00:00:00
JUG_00401,STR_0044,purchased,2532-04-21 00:00:00
JUG_00401,STR_0044,returned_to_store,2532-07-15 00:00:00
JUG_00401,HUB_AURORA,washed,2532-07-17 00:00:00
JUG_00401,STR_0045,purchased,2532-08-08 00:00:00
JUG_00401,STR_0045,returned_to_store,2532-10-11 00:00:00
JUG_00401,HUB_AURORA,washed,2532-10-15 00:00:00
JUG_00401,STR_0028,purchased,2532-11-01 00:00:00
JUG_00401,STR_0028,returned_to_store,2533-01-20 00:00:00
JUG_00401,HUB_AURORA,washed,2533-01-24 00:00:00
JUG_00402,STR_0043,purchased,2533-02-21 00:00:00
JUG_00402,STR_0043,returned_to_store,2533-05-06 00:00:00
JUG_00402,HUB_AURORA,washed,2533-05-08 00:00:00
JUG_00402,STR_0024,purchased,2533-05-16 00:00:00
JUG_00402,STR_0024,returned_to_store,2533-07-27 00:00:00
JUG_00402,HUB_AURORA,washed,2533-07-31 00:00:00
JUG_00402,STR_0024,purchased,2533-08-10 00:00:00
JUG_00402,STR_0024,returned_to_store,2533-11-22 00:00:00
JUG_00402,HUB_AURORA,washed,2533-11-25 00:00:00
JUG_00403,STR_0006,purchased,2533-12-11 00:00:00
JUG_00403,STR_0006,returned_to_store,2534-02-12 00:00:00
JUG_00403,HUB_AURORA,washed,2534-02-14 00:00:00
JUG_00403,STR_0021,purchased,2534-02-22 00:00:00
JUG_00403,STR_0021,returned_to_store,2534-05-08 00:00:00
JUG_00403,HUB_AURORA,washed,2534-05-11 00:00:00
JUG_00403,STR_0002,purchased,2534-05-22 00:00:00
JUG_00403,STR_0002,returned_to_store,2534-07-30 00:00:00
JUG_00403,HUB_AURORA,washed,2534-08-02 00:00:00
JUG_00404,STR_0035,purchased,2534-08-21 00:00:00
JUG_00404,UNKNOWN,lost_to_leakage,2534-10-23 00:00:00
JUG_00405,STR_0028,purchased,2534-11-18 00:00:00
JUG_00405,UNKNOWN,lost_to_leakage,2535-01-25 00:00:00
JUG_00406,STR_0020,purchased,2535-02-05 00:00:00
JUG_00406,UNKNOWN,lost_to_leakage,2535-03-31 00:00:00
JUG_00407,STR_0011,purchased,2535-04-29 00:00:00
JUG_00407,STR_0011,returned_to_store,2535-08-01 00:00:00
JUG_00407,HUB_AURORA,washed,2535-08-06 00:00:00
JUG_00407,STR_0031,purchased,2535-08-19 00:00:00
JUG_00407,STR_0031,returned_to_store,2535-10-13 00:00:00
JUG_00407,HUB_AURORA,washed,2535-10-18 00:00:00
JUG_00407,STR_0047,purchased,2535-11-02 00:00:00
JUG_00407,STR_0047,returned_to_store,2535-12-31 00:00:00
JUG_00407,HUB_AURORA,washed,2536-01-04 00:00:00
JUG_00407,STR_0031,purchased,2536-01-28 00:00:00
JUG_00407,STR_0031,returned_to_store,2536-04-04 00:00:00
JUG_00407,HUB_AURORA,washed,2536-04-09 00:00:00
JUG_00408,STR_0004,purchased,2536-04-20 00:00:00
JUG_00408,STR_0004,returned_to_store,2536-06-30 00:00:00
JUG_00408,HUB_AURORA,washed,2536-07-04 00:00:00
JUG_00408,STR_0046,purchased,2536-07-11 00:00:00
JUG_00408,UNKNOWN,lost_to_leakage,2536-09-26 00:00:00
JUG_00409,STR_0004,purchased,2536-10-07 00:00:00
JUG_00409,UNKNOWN,lost_to_leakage,2536-12-25 00:00:00
JUG_00410,STR_0016,purchased,2537-01-18 00:00:00
JUG_00410,STR_0016,returned_to_store,2537-04-23 00:00:00
JUG_00410,HUB_AURORA,washed,2537-04-25 00:00:00
JUG_00410,STR_0014,purchased,2537-05-18 00:00:00
JUG_00410,STR_0014,returned_to_store,2537-07-30 00:00:00
JUG_00410,HUB_AURORA,washed,2537-08-04 00:00:00
JUG_00410,STR_0030,purchased,2537-08-19 00:00:00
JUG_00410,STR_0030,returned_to_store,2537-10-26 00:00:00
JUG_00410,HUB_AURORA,washed,2537-10-31 00:00:00
JUG_00410,STR_0002,purchased,2537-11-24 00:00:00
JUG_00410,STR_0002,returned_to_store,2538-01-28 00:00:00
JUG_00410,HUB_AURORA,washed,2538-01-31 00:00:00
JUG_00410,STR_0039,purchased,2538-02-26 00:00:00
JUG_00410,UNKNOWN,lost_to_leakage,2538-04-25 00:00:00
JUG_00411,STR_0037,purchased,2538-05-22 00:00:00
JUG_00411,STR_0037,returned_to_store,2538-08-11 00:00:00
JUG_00411,HUB_AURORA,washed,2538-08-16 00:00:00
JUG_00411,STR_0031,purchased,2538-08-24 00:00:00
JUG_00411,STR_0031,returned_to_store,2538-10-17 00:00:00
JUG_00411,HUB_AURORA,washed,2538-10-19 00:00:00
JUG_00411,STR_0048,purchased,2538-11-16 00:00:00
JUG_00411,STR_0048,returned_to_store,2539-02-23 00:00:00
JUG_00411,HUB_AURORA,washed,2539-02-27 00:00:00
JUG_00412,STR_0041,purchased,2539-03-11 00:00:00
JUG_00412,STR_0041,returned_to_store,2539-06-06 00:00:00
JUG_00412,HUB_AURORA,washed,2539-06-09 00:00:00
JUG_00412,STR_0010,purchased,2539-06-17 00:00:00
JUG_00412,STR_0010,returned_to_store,2539-09-12 00:00:00
JUG_00412,HUB_AURORA,washed,2539-09-15 00:00:00
JUG_00412,STR_0035,purchased,2539-10-14 00:00:00
JUG_00412,STR_0035,returned_to_store,2540-01-16 00:00:00
JUG_00412,HUB_AURORA,washed,2540-01-19 00:00:00
JUG_00412,STR_0037,purchased,2540-02-11 00:00:00
JUG_00412,STR_0037,returned_to_store,2540-05-06 00:00:00
JUG_00412,HUB_AURORA,washed,2540-05-08 00:00:00
JUG_00412,STR_0047,purchased,2540-05-28 00:00:00
JUG_00412,STR_0047,returned_to_store,2540-07-31 00:00:00
JUG_00412,HUB_AURORA,washed,2540-08-03 00:00:00
JUG_00412,STR_0041,purchased,2540-08-29 00:00:00
JUG_00412,STR_0041,returned_to_store,2540-11-10 00:00:00
JUG_00412,HUB_AURORA,washed,2540-11-12 00:00:00
JUG_00412,STR_0010,purchased,2540-12-09 00:00:00
JUG_00412,STR_0010,returned_to_store,2541-02-18 00:00:00
JUG_00412,HUB_AURORA,washed,2541-02-21 00:00:00
JUG_00412,STR_0044,purchased,2541-03-17 00:00:00
JUG_00412,STR_0044,returned_to_store,2541-06-15 00:00:00
JUG_00412,HUB_AURORA,washed,2541-06-19 00:00:00
JUG_00413,STR_0030,purchased,2541-06-28 00:00:00
JUG_00413,STR_0030,returned_to_store,2541-09-04 00:00:00
JUG_00413,HUB_AURORA,washed,2541-09-08 00:00:00
JUG_00413,STR_0035,purchased,2541-10-06 00:00:00
JUG_00413,STR_0035,returned_to_store,2541-12-09 00:00:00
JUG_00413,HUB_AURORA,washed,2541-12-11 00:00:00
JUG_00413,STR_0010,purchased,2542-01-02 00:00:00
JUG_00413,STR_0010,returned_to_store,2542-03-07 00:00:00
JUG_00413,HUB_AURORA,washed,2542-03-09 00:00:00
JUG_00413,STR_0047,purchased,2542-04-05 00:00:00
JUG_00413,STR_0047,returned_to_store,2542-07-11 00:00:00
JUG_00413,HUB_AURORA,washed,2542-07-13 00:00:00
JUG_00413,STR_0021,purchased,2542-07-27 00:00:00
JUG_00413,STR_0021,returned_to_store,2542-10-02 00:00:00
JUG_00413,HUB_AURORA,washed,2542-10-07 00:00:00
JUG_00413,STR_0008,purchased,2542-10-21 00:00:00
JUG_00413,STR_0008,returned_to_store,2542-12-10 00:00:00
JUG_00413,HUB_AURORA,washed,2542-12-14 00:00:00
JUG_00413,STR_0000,purchased,2543-01-09 00:00:00
JUG_00413,STR_0000,returned_to_store,2543-03-30 00:00:00
JUG_00413,HUB_AURORA,washed,2543-04-01 00:00:00
JUG_00413,STR_0020,purchased,2543-04-08 00:00:00
JUG_00413,STR_0020,returned_to_store,2543-06-23 00:00:00
JUG_00413,HUB_AURORA,washed,2543-06-26 00:00:00
JUG_00414,STR_0000,purchased,2543-07-07 00:00:00
JUG_00414,STR_0000,returned_to_store,2543-08-28 00:00:00
JUG_00414,HUB_AURORA,washed,2543-09-01 00:00:00
JUG_00414,STR_0000,purchased,2543-09-28 00:00:00
JUG_00414,STR_0000,returned_to_store,2543-11-20 00:00:00
JUG_00414,HUB_AURORA,washed,2543-11-25 00:00:00
JUG_00414,STR_0049,purchased,2543-12-05 00:00:00
JUG_00414,STR_0049,returned_to_store,2544-02-13 00:00:00
JUG_00414,HUB_AURORA,washed,2544-02-18 00:00:00
JUG_00414,STR_0014,purchased,2544-02-28 00:00:00
JUG_00414,STR_0014,returned_to_store,2544-05-01 00:00:00
JUG_00414,HUB_AURORA,washed,2544-05-06 00:00:00
JUG_00414,STR_0032,purchased,2544-05-24 00:00:00
JUG_00414,UNKNOWN,lost_to_leakage,2544-08-11 00:00:00
JUG_00415,STR_0005,purchased,2544-08-29 00:00:00
JUG_00415,STR_0005,returned_to_store,2544-11-26 00:00:00
JUG_00415,HUB_AURORA,washed,2544-11-28 00:00:00
JUG_00415,STR_0013,purchased,2544-12-26 00:00:00
JUG_00415,STR_0013,returned_to_store,2545-03-17 00:00:00
JUG_00415,HUB_AURORA,washed,2545-03-22 00:00:00
JUG_00415,STR_0018,purchased,2545-03-30 00:00:00
JUG_00415,STR_0018,returned_to_store,2545-06-27 00:00:00
JUG_00415,HUB_AURORA,washed,2545-07-02 00:00:00
JUG_00415,STR_0010,purchased,2545-07-30 00:00:00
JUG_00415,STR_0010,returned_to_store,2545-11-03 00:00:00
JUG_00415,HUB_AURORA,washed,2545-11-05 00:00:00
JUG_00415,STR_0033,purchased,2545-11-24 00:00:00
JUG_00415,STR_0033,returned_to_store,2546-02-06 00:00:00
JUG_00415,HUB_AURORA,washed,2546-02-10 00:00:00
JUG_00415,STR_0032,purchased,2546-03-09 00:00:00
JUG_00415,STR_0032,returned_to_store,2546-05-19 00:00:00
JUG_00415,HUB_AURORA,washed,2546-05-22 00:00:00
JUG_00415,STR_0039,purchased,2546-06-04 00:00:00
JUG_00415,STR_0039,returned_to_store,2546-08-01 00:00:00
JUG_00415,HUB_AURORA,washed,2546-08-03 00:00:00
JUG_00415,STR_0006,purchased,2546-08-31 00:00:00
JUG_00415,STR_0006,returned_to_store,2546-12-12 00:00:00
JUG_00415,HUB_AURORA,washed,2546-12-14 00:00:00
JUG_00415,STR_0025,purchased,2547-01-01 00:00:00
JUG_00415,STR_0025,returned_to_store,2547-03-15 00:00:00
JUG_00415,HUB_AURORA,washed,2547-03-19 00:00:00
JUG_00416,STR_0000,purchased,2547-04-02 00:00:00
JUG_00416,STR_0000,returned_to_store,2547-06-05 00:00:00
JUG_00416,HUB_AURORA,washed,2547-06-07 00:00:00
JUG_00416,STR_0041,purchased,2547-07-07 00:00:00
JUG_00416,STR_0041,returned_to_store,2547-09-05 00:00:00
JUG_00416,HUB_AURORA,washed,2547-09-09 00:00:00
JUG_00416,STR_0013,purchased,2547-09-29 00:00:00
JUG_00416,STR_0013,returned_to_store,2547-12-27 00:00:00
JUG_00416,HUB_AURORA,washed,2547-12-29 00:00:00
JUG_00416,STR_0005,purchased,2548-01-21 00:00:00
JUG_00416,STR_0005,returned_to_store,2548-04-16 00:00:00
JUG_00416,HUB_AURORA,washed,2548-04-21 00:00:00
JUG_00416,STR_0025,purchased,2548-05-08 00:00:00
JUG_00416,STR_0025,returned_to_store,2548-07-20 00:00:00
JUG_00416,HUB_AURORA,washed,2548-07-25 00:00:00
JUG_00416,STR_0033,purchased,2548-08-23 00:00:00
JUG_00416,STR_0033,returned_to_store,2548-10-27 00:00:00
JUG_00416,HUB_AURORA,washed,2548-11-01 00:00:00
JUG_00416,STR_0003,purchased,2548-11-24 00:00:00
JUG_00416,STR_0003,returned_to_store,2549-02-25 00:00:00
JUG_00416,HUB_AURORA,washed,2549-03-02 00:00:00
JUG_00416,STR_0035,purchased,2549-03-22 00:00:00
JUG_00416,STR_0035,returned_to_store,2549-06-14 00:00:00
JUG_00416,HUB_AURORA,washed,2549-06-16 00:00:00
JUG_00416,STR_0038,purchased,2549-06-24 00:00:00
JUG_00416,STR_0038,returned_to_store,2549-08-24 00:00:00
JUG_00416,HUB_AURORA,washed,2549-08-29 00:00:00
JUG_00416,STR_0026,purchased,2549-09-14 00:00:00
JUG_00416,STR_0026,returned_to_store,2549-12-04 00:00:00
JUG_00416,HUB_AURORA,washed,2549-12-06 00:00:00
JUG_00417,STR_0026,purchased,2549-12-20 00:00:00
JUG_00417,STR_0026,returned_to_store,2550-02-13 00:00:00
JUG_00417,HUB_AURORA,washed,2550-02-15 00:00:00
JUG_00417,STR_0026,purchased,2550-03-07 00:00:00
JUG_00417,STR_0026,returned_to_store,2550-05-27 00:00:00
JUG_00417,HUB_AURORA,washed,2550-05-29 00:00:00
JUG_00417,STR_0031,purchased,2550-06-11 00:00:00
JUG_00417,STR_0031,returned_to_store,2550-08-17 00:00:00
JUG_00417,HUB_AURORA,washed,2550-08-22 00:00:00
JUG_00417,STR_0005,purchased,2550-09-03 00:00:00
JUG_00417,STR_0005,returned_to_store,2550-10-29 00:00:00
JUG_00417,HUB_AURORA,washed,2550-10-31 00:00:00
JUG_00418,STR_0011,purchased,2550-11-25 00:00:00
JUG_00418,STR_0011,returned_to_store,2551-02-22 00:00:00
JUG_00418,HUB_AURORA,washed,2551-02-25 00:00:00
JUG_00418,STR_0028,purchased,2551-03-14 00:00:00
JUG_00418,STR_0028,returned_to_store,2551-05-17 00:00:00
JUG_00418,HUB_AURORA,washed,2551-05-19 00:00:00
JUG_00418,STR_0013,purchased,2551-06-05 00:00:00
JUG_00418,STR_0013,returned_to_store,2551-08-31 00:00:00
JUG_00418,HUB_AURORA,washed,2551-09-02 00:00:00
JUG_00418,STR_0049,purchased,2551-09-30 00:00:00
JUG_00418,STR_0049,returned_to_store,2552-01-01 00:00:00
JUG_00418,HUB_AURORA,washed,2552-01-03 00:00:00
JUG_00418,STR_0009,purchased,2552-02-01 00:00:00
JUG_00418,UNKNOWN,lost_to_leakage,2552-05-10 00:00:00
JUG_00419,STR_0034,purchased,2552-06-09 00:00:00
JUG_00419,STR_0034,returned_to_store,2552-08-19 00:00:00
JUG_00419,HUB_AURORA,washed,2552-08-21 00:00:00
JUG_00419,STR_0039,purchased,2552-09-04 00:00:00
JUG_00419,STR_0039,returned_to_store,2552-11-19 00:00:00
JUG_00419,HUB_AURORA,washed,2552-11-23 00:00:00
JUG_00419,STR_0005,purchased,2552-12-10 00:00:00
JUG_00419,STR_0005,returned_to_store,2553-02-07 00:00:00
JUG_00419,HUB_AURORA,washed,2553-02-09 00:00:00
JUG_00419,STR_0035,purchased,2553-03-10 00:00:00
JUG_00419,STR_0035,returned_to_store,2553-05-02 00:00:00
JUG_00419,HUB_AURORA,washed,2553-05-06 00:00:00
JUG_00419,STR_0028,purchased,2553-05-27 00:00:00
JUG_00419,STR_0028,returned_to_store,2553-08-12 00:00:00
JUG_00419,HUB_AURORA,washed,2553-08-15 00:00:00
JUG_00419,STR_0027,purchased,2553-09-03 00:00:00
JUG_00419,STR_0027,returned_to_store,2553-11-22 00:00:00
JUG_00419,HUB_AURORA,washed,2553-11-25 00:00:00
JUG_00419,STR_0011,purchased,2553-12-25 00:00:00
JUG_00419,STR_0011,returned_to_store,2554-03-11 00:00:00
JUG_00419,HUB_AURORA,washed,2554-03-13 00:00:00
JUG_00419,STR_0029,purchased,2554-04-03 00:00:00
JUG_00419,STR_0029,returned_to_store,2554-07-08 00:00:00
JUG_00419,HUB_AURORA,washed,2554-07-11 00:00:00
JUG_00419,STR_0030,purchased,2554-08-09 00:00:00
JUG_00419,STR_0030,returned_to_store,2554-10-01 00:00:00
JUG_00419,HUB_AURORA,washed,2554-10-04 00:00:00
JUG_00419,STR_0018,purchased,2554-10-23 00:00:00
JUG_00419,STR_0018,returned_to_store,2555-01-30 00:00:00
JUG_00419,HUB_AURORA,washed,2555-02-03 00:00:00
JUG_00420,STR_0040,purchased,2555-03-04 00:00:00
JUG_00420,STR_0040,returned_to_store,2555-05-26 00:00:00
JUG_00420,HUB_AURORA,washed,2555-05-31 00:00:00
JUG_00420,STR_0027,purchased,2555-06-28 00:00:00
JUG_00420,UNKNOWN,lost_to_leakage,2555-08-26 00:00:00
JUG_00421,STR_0042,purchased,2555-09-22 00:00:00
JUG_00421,UNKNOWN,lost_to_leakage,2555-12-13 00:00:00
JUG_00422,STR_0009,purchased,2556-01-12 00:00:00
JUG_00422,STR_0009,returned_to_store,2556-03-24 00:00:00
JUG_00422,HUB_AURORA,washed,2556-03-28 00:00:00
JUG_00422,STR_0003,purchased,2556-04-04 00:00:00
JUG_00422,STR_0003,returned_to_store,2556-07-12 00:00:00
JUG_00422,HUB_AURORA,washed,2556-07-17 00:00:00
JUG_00422,STR_0021,purchased,2556-08-13 00:00:00
JUG_00422,UNKNOWN,lost_to_leakage,2556-10-08 00:00:00
JUG_00423,STR_0046,purchased,2556-10-26 00:00:00
JUG_00423,STR_0046,returned_to_store,2556-12-27 00:00:00
JUG_00423,HUB_AURORA,washed,2556-12-29 00:00:00
JUG_00423,STR_0001,purchased,2557-01-12 00:00:00
JUG_00423,STR_0001,returned_to_store,2557-03-27 00:00:00
JUG_00423,HUB_AURORA,washed,2557-04-01 00:00:00
JUG_00423,STR_0008,purchased,2557-04-17 00:00:00
JUG_00423,UNKNOWN,lost_to_leakage,2557-07-17 00:00:00
JUG_00424,STR_0031,purchased,2557-08-14 00:00:00
JUG_00424,STR_0031,returned_to_store,2557-11-01 00:00:00
JUG_00424,HUB_AURORA,washed,2557-11-04 00:00:00
JUG_00424,STR_0023,purchased,2557-11-17 00:00:00
JUG_00424,STR_0023,returned_to_store,2558-01-16 00:00:00
JUG_00424,HUB_AURORA,washed,2558-01-19 00:00:00
JUG_00424,STR_0041,purchased,2558-02-15 00:00:00
JUG_00424,STR_0041,returned_to_store,2558-05-12 00:00:00
JUG_00424,HUB_AURORA,washed,2558-05-16 00:00:00
JUG_00425,STR_0023,purchased,2558-05-29 00:00:00
JUG_00425,STR_0023,returned_to_store,2558-08-06 00:00:00
JUG_00425,HUB_AURORA,washed,2558-08-08 00:00:00
JUG_00425,STR_0017,purchased,2558-09-06 00:00:00
JUG_00425,STR_0017,returned_to_store,2558-11-10 00:00:00
JUG_00425,HUB_AURORA,washed,2558-11-12 00:00:00
JUG_00425,STR_0027,purchased,2558-12-01 00:00:00
JUG_00425,STR_0027,returned_to_store,2559-03-12 00:00:00
JUG_00425,HUB_AURORA,washed,2559-03-17 00:00:00
JUG_00425,STR_0006,purchased,2559-04-04 00:00:00
JUG_00425,STR_0006,returned_to_store,2559-06-15 00:00:00
JUG_00425,HUB_AURORA,washed,2559-06-19 00:00:00
JUG_00426,STR_0044,purchased,2559-07-18 00:00:00
JUG_00426,STR_0044,returned_to_store,2559-10-01 00:00:00
JUG_00426,HUB_AURORA,washed,2559-10-04 00:00:00
JUG_00426,STR_0035,purchased,2559-10-19 00:00:00
JUG_00426,STR_0035,returned_to_store,2559-12-25 00:00:00
JUG_00426,HUB_AURORA,washed,2559-12-27 00:00:00
JUG_00426,STR_0043,purchased,2560-01-14 00:00:00
JUG_00426,STR_0043,returned_to_store,2560-04-19 00:00:00
JUG_00426,HUB_AURORA,washed,2560-04-24 00:00:00
JUG_00426,STR_0010,purchased,2560-05-18 00:00:00
JUG_00426,STR_0010,returned_to_store,2560-08-12 00:00:00
JUG_00426,HUB_AURORA,washed,2560-08-16 00:00:00
JUG_00426,STR_0010,purchased,2560-09-10 00:00:00
JUG_00426,STR_0010,returned_to_store,2560-11-07 00:00:00
JUG_00426,HUB_AURORA,washed,2560-11-11 00:00:00
JUG_00426,STR_0001,purchased,2560-12-11 00:00:00
JUG_00426,STR_0001,returned_to_store,2561-02-02 00:00:00
JUG_00426,HUB_AURORA,washed,2561-02-06 00:00:00
JUG_00426,STR_0027,purchased,2561-02-27 00:00:00
JUG_00426,STR_0027,returned_to_store,2561-05-03 00:00:00
JUG_00426,HUB_AURORA,washed,2561-05-07 00:00:00
JUG_00426,STR_0033,purchased,2561-05-31 00:00:00
JUG_00426,STR_0033,returned_to_store,2561-07-31 00:00:00
JUG_00426,HUB_AURORA,washed,2561-08-03 00:00:00
JUG_00426,STR_0045,purchased,2561-08-23 00:00:00
JUG_00426,STR_0045,returned_to_store,2561-11-18 00:00:00
JUG_00426,HUB_AURORA,washed,2561-11-21 00:00:00
JUG_00427,STR_0024,purchased,2561-11-29 00:00:00
JUG_00427,STR_0024,returned_to_store,2562-03-11 00:00:00
JUG_00427,HUB_AURORA,washed,2562-03-14 00:00:00
JUG_00427,STR_0039,purchased,2562-04-07 00:00:00
JUG_00427,STR_0039,returned_to_store,2562-07-08 00:00:00
JUG_00427,HUB_AURORA,washed,2562-07-12 00:00:00
JUG_00427,STR_0010,purchased,2562-07-31 00:00:00
JUG_00427,STR_0010,returned_to_store,2562-11-02 00:00:00
JUG_00427,HUB_AURORA,washed,2562-11-07 00:00:00
JUG_00427,STR_0037,purchased,2562-11-30 00:00:00
JUG_00427,STR_0037,returned_to_store,2563-02-27 00:00:00
JUG_00427,HUB_AURORA,washed,2563-03-04 00:00:00
JUG_00427,STR_0009,purchased,2563-04-01 00:00:00
JUG_00427,STR_0009,returned_to_store,2563-06-25 00:00:00
JUG_00427,HUB_AURORA,washed,2563-06-29 00:00:00
JUG_00427,STR_0014,purchased,2563-07-15 00:00:00
JUG_00427,STR_0014,returned_to_store,2563-09-27 00:00:00
JUG_00427,HUB_AURORA,washed,2563-09-29 00:00:00
JUG_00428,STR_0024,purchased,2563-10-29 00:00:00
JUG_00428,STR_0024,returned_to_store,2564-02-02 00:00:00
JUG_00428,HUB_AURORA,washed,2564-02-07 00:00:00
JUG_00428,STR_0048,purchased,2564-02-17 00:00:00
JUG_00428,STR_0048,returned_to_store,2564-04-12 00:00:00
JUG_00428,HUB_AURORA,washed,2564-04-16 00:00:00
JUG_00428,STR_0030,purchased,2564-04-30 00:00:00
JUG_00428,STR_0030,returned_to_store,2564-07-20 00:00:00
JUG_00428,HUB_AURORA,washed,2564-07-24 00:00:00
JUG_00428,STR_0036,purchased,2564-08-16 00:00:00
JUG_00428,STR_0036,returned_to_store,2564-10-19 00:00:00
JUG_00428,HUB_AURORA,washed,2564-10-22 00:00:00
JUG_00428,STR_0036,purchased,2564-11-06 00:00:00
JUG_00428,STR_0036,returned_to_store,2565-01-13 00:00:00
JUG_00428,HUB_AURORA,washed,2565-01-18 00:00:00
JUG_00428,STR_0040,purchased,2565-01-31 00:00:00
JUG_00428,STR_0040,returned_to_store,2565-04-15 00:00:00
JUG_00428,HUB_AURORA,washed,2565-04-18 00:00:00
JUG_00428,STR_0032,purchased,2565-05-16 00:00:00
JUG_00428,STR_0032,returned_to_store,2565-08-17 00:00:00
JUG_00428,HUB_AURORA,washed,2565-08-21 00:00:00
JUG_00428,STR_0034,purchased,2565-09-08 00:00:00
JUG_00428,STR_0034,returned_to_store,2565-11-20 00:00:00
JUG_00428,HUB_AURORA,washed,2565-11-25 00:00:00
JUG_00429,STR_0000,purchased,2565-12-13 00:00:00
JUG_00429,UNKNOWN,lost_to_leakage,2566-03-11 00:00:00
JUG_00430,STR_0025,purchased,2566-03-18 00:00:00
JUG_00430,STR_0025,returned_to_store,2566-05-27 00:00:00
JUG_00430,HUB_AURORA,washed,2566-05-30 00:00:00
JUG_00430,STR_0040,purchased,2566-06-08 00:00:00
JUG_00430,STR_0040,returned_to_store,2566-08-19 00:00:00
JUG_00430,HUB_AURORA,washed,2566-08-23 00:00:00
JUG_00430,STR_0009,purchased,2566-09-10 00:00:00
JUG_00430,STR_0009,returned_to_store,2566-12-11 00:00:00
JUG_00430,HUB_AURORA,washed,2566-12-14 00:00:00
JUG_00430,STR_0041,purchased,2567-01-05 00:00:00
JUG_00430,STR_0041,returned_to_store,2567-04-02 00:00:00
JUG_00430,HUB_AURORA,washed,2567-04-07 00:00:00
JUG_00430,STR_0030,purchased,2567-04-25 00:00:00
JUG_00430,STR_0030,returned_to_store,2567-07-05 00:00:00
JUG_00430,HUB_AURORA,washed,2567-07-07 00:00:00
JUG_00430,STR_0000,purchased,2567-07-19 00:00:00
JUG_00430,STR_0000,returned_to_store,2567-09-19 00:00:00
JUG_00430,HUB_AURORA,washed,2567-09-24 00:00:00
JUG_00430,STR_0000,purchased,2567-10-04 00:00:00
JUG_00430,STR_0000,returned_to_store,2567-12-08 00:00:00
JUG_00430,HUB_AURORA,washed,2567-12-10 00:00:00
JUG_00430,STR_0047,purchased,2568-01-08 00:00:00
JUG_00430,STR_0047,returned_to_store,2568-03-10 00:00:00
JUG_00430,HUB_AURORA,washed,2568-03-12 00:00:00
JUG_00430,STR_0007,purchased,2568-04-04 00:00:00
JUG_00430,STR_0007,returned_to_store,2568-06-26 00:00:00
JUG_00430,HUB_AURORA,washed,2568-06-29 00:00:00
JUG_00431,STR_0009,purchased,2568-07-15 00:00:00
JUG_00431,STR_0009,returned_to_store,2568-09-28 00:00:00
JUG_00431,HUB_AURORA,washed,2568-10-02 00:00:00
JUG_00431,STR_0046,purchased,2568-10-25 00:00:00
JUG_00431,STR_0046,returned_to_store,2569-01-11 00:00:00
JUG_00431,HUB_AURORA,washed,2569-01-16 00:00:00
JUG_00431,STR_0010,purchased,2569-02-03 00:00:00
JUG_00431,STR_0010,returned_to_store,2569-04-07 00:00:00
JUG_00431,HUB_AURORA,washed,2569-04-09 00:00:00
JUG_00431,STR_0018,purchased,2569-04-17 00:00:00
JUG_00431,STR_0018,returned_to_store,2569-07-12 00:00:00
JUG_00431,HUB_AURORA,washed,2569-07-15 00:00:00
JUG_00431,STR_0037,purchased,2569-07-23 00:00:00
JUG_00431,STR_0037,returned_to_store,2569-10-11 00:00:00
JUG_00431,HUB_AURORA,washed,2569-10-13 00:00:00
JUG_00431,STR_0016,purchased,2569-11-02 00:00:00
JUG_00431,STR_0016,returned_to_store,2570-02-01 00:00:00
JUG_00431,HUB_AURORA,washed,2570-02-04 00:00:00
JUG_00431,STR_0022,purchased,2570-02-27 00:00:00
JUG_00431,STR_0022,returned_to_store,2570-05-22 00:00:00
JUG_00431,HUB_AURORA,washed,2570-05-26 00:00:00
JUG_00431,STR_0015,purchased,2570-06-03 00:00:00
JUG_00431,STR_0015,returned_to_store,2570-08-08 00:00:00
JUG_00431,HUB_AURORA,washed,2570-08-11 00:00:00
JUG_00431,STR_0015,purchased,2570-09-06 00:00:00
JUG_00431,STR_0015,returned_to_store,2570-12-07 00:00:00
JUG_00431,HUB_AURORA,washed,2570-12-11 00:00:00
JUG_00432,STR_0000,purchased,2571-01-08 00:00:00
JUG_00432,STR_0000,returned_to_store,2571-03-08 00:00:00
JUG_00432,HUB_AURORA,washed,2571-03-13 00:00:00
JUG_00432,STR_0024,purchased,2571-03-26 00:00:00
JUG_00432,STR_0024,returned_to_store,2571-06-04 00:00:00
JUG_00432,HUB_AURORA,washed,2571-06-08 00:00:00
JUG_00432,STR_0034,purchased,2571-07-06 00:00:00
JUG_00432,STR_0034,returned_to_store,2571-09-15 00:00:00
JUG_00432,HUB_AURORA,washed,2571-09-18 00:00:00
JUG_00432,STR_0028,purchased,2571-10-18 00:00:00
JUG_00432,STR_0028,returned_to_store,2571-12-30 00:00:00
JUG_00432,HUB_AURORA,washed,2572-01-04 00:00:00
JUG_00432,STR_0023,purchased,2572-02-02 00:00:00
JUG_00432,STR_0023,returned_to_store,2572-03-28 00:00:00
JUG_00432,HUB_AURORA,washed,2572-04-02 00:00:00
JUG_00433,STR_0036,purchased,2572-04-19 00:00:00
JUG_00433,STR_0036,returned_to_store,2572-07-19 00:00:00
JUG_00433,HUB_AURORA,washed,2572-07-21 00:00:00
JUG_00433,STR_0025,purchased,2572-07-28 00:00:00
JUG_00433,STR_0025,returned_to_store,2572-11-05 00:00:00
JUG_00433,HUB_AURORA,washed,2572-11-10 00:00:00
JUG_00433,STR_0033,purchased,2572-11-26 00:00:00
JUG_00433,STR_0033,returned_to_store,2573-01-24 00:00:00
JUG_00433,HUB_AURORA,washed,2573-01-28 00:00:00
JUG_00433,STR_0028,purchased,2573-02-15 00:00:00
JUG_00433,STR_0028,returned_to_store,2573-05-07 00:00:00
JUG_00433,HUB_AURORA,washed,2573-05-09 00:00:00
JUG_00433,STR_0001,purchased,2573-05-26 00:00:00
JUG_00433,STR_0001,returned_to_store,2573-08-06 00:00:00
JUG_00433,HUB_AURORA,washed,2573-08-08 00:00:00
JUG_00433,STR_0002,purchased,2573-09-07 00:00:00
JUG_00433,STR_0002,returned_to_store,2573-11-04 00:00:00
JUG_00433,HUB_AURORA,washed,2573-11-08 00:00:00
JUG_00433,STR_0022,purchased,2573-11-20 00:00:00
JUG_00433,STR_0022,returned_to_store,2574-02-18 00:00:00
JUG_00433,HUB_AURORA,washed,2574-02-21 00:00:00
JUG_00434,STR_0049,purchased,2574-03-09 00:00:00
JUG_00434,STR_0049,returned_to_store,2574-05-11 00:00:00
JUG_00434,HUB_AURORA,washed,2574-05-14 00:00:00
JUG_00434,STR_0010,purchased,2574-06-08 00:00:00
JUG_00434,STR_0010,returned_to_store,2574-08-06 00:00:00
JUG_00434,HUB_AURORA,washed,2574-08-11 00:00:00
JUG_00434,STR_0029,purchased,2574-09-03 00:00:00
JUG_00434,STR_0029,returned_to_store,2574-11-21 00:00:00
JUG_00434,HUB_AURORA,washed,2574-11-25 00:00:00
JUG_00434,STR_0006,purchased,2574-12-06 00:00:00
JUG_00434,STR_0006,returned_to_store,2575-02-23 00:00:00
JUG_00434,HUB_AURORA,washed,2575-02-25 00:00:00
JUG_00434,STR_0041,purchased,2575-03-20 00:00:00
JUG_00434,STR_0041,returned_to_store,2575-06-01 00:00:00
JUG_00434,HUB_AURORA,washed,2575-06-05 00:00:00
JUG_00435,STR_0012,purchased,2575-06-17 00:00:00
JUG_00435,STR_0012,returned_to_store,2575-09-15 00:00:00
JUG_00435,HUB_AURORA,washed,2575-09-19 00:00:00
JUG_00435,STR_0037,purchased,2575-10-02 00:00:00
JUG_00435,STR_0037,returned_to_store,2575-12-22 00:00:00
JUG_00435,HUB_AURORA,washed,2575-12-27 00:00:00
JUG_00435,STR_0022,purchased,2576-01-05 00:00:00
JUG_00435,STR_0022,returned_to_store,2576-03-02 00:00:00
JUG_00435,HUB_AURORA,washed,2576-03-07 00:00:00
JUG_00435,STR_0033,purchased,2576-03-30 00:00:00
JUG_00435,STR_0033,returned_to_store,2576-07-03 00:00:00
JUG_00435,HUB_AURORA,washed,2576-07-06 00:00:00
JUG_00435,STR_0032,purchased,2576-07-19 00:00:00
JUG_00435,STR_0032,returned_to_store,2576-09-27 00:00:00
JUG_00435,HUB_AURORA,washed,2576-09-29 00:00:00
JUG_00435,STR_0008,purchased,2576-10-19 00:00:00
JUG_00435,STR_0008,returned_to_store,2576-12-29 00:00:00
JUG_00435,HUB_AURORA,washed,2577-01-02 00:00:00
JUG_00435,STR_0023,purchased,2577-01-09 00:00:00
JUG_00435,STR_0023,returned_to_store,2577-03-09 00:00:00
JUG_00435,HUB_AURORA,washed,2577-03-12 00:00:00
JUG_00435,STR_0039,purchased,2577-03-23 00:00:00
JUG_00435,STR_0039,returned_to_store,2577-05-24 00:00:00
JUG_00435,HUB_AURORA,washed,2577-05-29 00:00:00
JUG_00436,STR_0045,purchased,2577-06-27 00:00:00
JUG_00436,UNKNOWN,lost_to_leakage,2577-09-23 00:00:00
JUG_00437,STR_0026,purchased,2577-10-08 00:00:00
JUG_00437,STR_0026,returned_to_store,2577-12-06 00:00:00
JUG_00437,HUB_AURORA,washed,2577-12-09 00:00:00
JUG_00437,STR_0049,purchased,2577-12-25 00:00:00
JUG_00437,STR_0049,returned_to_store,2578-02-26 00:00:00
JUG_00437,HUB_AURORA,washed,2578-03-01 00:00:00
JUG_00437,STR_0017,purchased,2578-03-08 00:00:00
JUG_00437,STR_0017,returned_to_store,2578-05-29 00:00:00
JUG_00437,HUB_AURORA,washed,2578-06-01 00:00:00
JUG_00437,STR_0046,purchased,2578-06-09 00:00:00
JUG_00437,STR_0046,returned_to_store,2578-09-14 00:00:00
JUG_00437,HUB_AURORA,washed,2578-09-17 00:00:00
JUG_00437,STR_0008,purchased,2578-09-27 00:00:00
JUG_00437,STR_0008,returned_to_store,2578-12-15 00:00:00
JUG_00437,HUB_AURORA,washed,2578-12-20 00:00:00
JUG_00437,STR_0032,purchased,2579-01-15 00:00:00
JUG_00437,STR_0032,returned_to_store,2579-04-09 00:00:00
JUG_00437,HUB_AURORA,washed,2579-04-11 00:00:00
JUG_00438,STR_0031,purchased,2579-04-20 00:00:00
JUG_00438,STR_0031,returned_to_store,2579-06-30 00:00:00
JUG_00438,HUB_AURORA,washed,2579-07-05 00:00:00
JUG_00438,STR_0016,purchased,2579-08-01 00:00:00
JUG_00438,STR_0016,returned_to_store,2579-10-12 00:00:00
JUG_00438,HUB_AURORA,washed,2579-10-16 00:00:00
JUG_00438,STR_0025,purchased,2579-10-30 00:00:00
JUG_00438,STR_0025,returned_to_store,2579-12-23 00:00:00
JUG_00438,HUB_AURORA,washed,2579-12-28 00:00:00
JUG_00438,STR_0014,purchased,2580-01-15 00:00:00
JUG_00438,UNKNOWN,lost_to_leakage,2580-04-04 00:00:00
JUG_00439,STR_0013,purchased,2580-04-14 00:00:00
JUG_00439,STR_0013,returned_to_store,2580-06-16 00:00:00
JUG_00439,HUB_AURORA,washed,2580-06-18 00:00:00
JUG_00439,STR_0033,purchased,2580-07-16 00:00:00
JUG_00439,STR_0033,returned_to_store,2580-09-20 00:00:00
JUG_00439,HUB_AURORA,washed,2580-09-22 00:00:00
JUG_00439,STR_0017,purchased,2580-09-30 00:00:00
JUG_00439,STR_0017,returned_to_store,2580-12-18 00:00:00
JUG_00439,HUB_AURORA,washed,2580-12-21 00:00:00
JUG_00439,STR_0002,purchased,2580-12-29 00:00:00
JUG_00439,STR_0002,returned_to_store,2581-03-20 00:00:00
JUG_00439,HUB_AURORA,washed,2581-03-24 00:00:00
JUG_00439,STR_0017,purchased,2581-04-14 00:00:00
JUG_00439,STR_0017,returned_to_store,2581-07-06 00:00:00
JUG_00439,HUB_AURORA,washed,2581-07-10 00:00:00
JUG_00439,STR_0049,purchased,2581-07-27 00:00:00
JUG_00439,STR_0049,returned_to_store,2581-09-18 00:00:00
JUG_00439,HUB_AURORA,washed,2581-09-22 00:00:00
JUG_00439,STR_0011,purchased,2581-10-11 00:00:00
JUG_00439,STR_0011,returned_to_store,2581-12-07 00:00:00
JUG_00439,HUB_AURORA,washed,2581-12-11 00:00:00
JUG_00439,STR_0001,purchased,2581-12-24 00:00:00
JUG_00439,STR_0001,returned_to_store,2582-03-12 00:00:00
JUG_00439,HUB_AURORA,washed,2582-03-17 00:00:00
JUG_00439,STR_0010,purchased,2582-04-12 00:00:00
JUG_00439,STR_0010,returned_to_store,2582-07-08 00:00:00
JUG_00439,HUB_AURORA,washed,2582-07-13 00:00:00
JUG_00439,STR_0030,purchased,2582-08-08 00:00:00
JUG_00439,STR_0030,returned_to_store,2582-10-20 00:00:00
JUG_00439,HUB_AURORA,washed,2582-10-22 00:00:00
JUG_00440,STR_0003,purchased,2582-11-21 00:00:00
JUG_00440,STR_0003,returned_to_store,2583-01-21 00:00:00
JUG_00440,HUB_AURORA,washed,2583-01-24 00:00:00
JUG_00440,STR_0049,purchased,2583-02-07 00:00:00
JUG_00440,STR_0049,returned_to_store,2583-04-28 00:00:00
JUG_00440,HUB_AURORA,washed,2583-05-02 00:00:00
JUG_00440,STR_0045,purchased,2583-05-19 00:00:00
JUG_00440,STR_0045,returned_to_store,2583-08-09 00:00:00
JUG_00440,HUB_AURORA,washed,2583-08-13 00:00:00
JUG_00440,STR_0046,purchased,2583-09-11 00:00:00
JUG_00440,STR_0046,returned_to_store,2583-12-20 00:00:00
JUG_00440,HUB_AURORA,washed,2583-12-25 00:00:00
JUG_00440,STR_0036,purchased,2584-01-20 00:00:00
JUG_00440,STR_0036,returned_to_store,2584-03-18 00:00:00
JUG_00440,HUB_AURORA,washed,2584-03-22 00:00:00
JUG_00440,STR_0044,purchased,2584-04-02 00:00:00
JUG_00440,STR_0044,returned_to_store,2584-05-31 00:00:00
JUG_00440,HUB_AURORA,washed,2584-06-02 00:00:00
JUG_00441,STR_0044,purchased,2584-06-30 00:00:00
JUG_00441,STR_0044,returned_to_store,2584-09-09 00:00:00
JUG_00441,HUB_AURORA,washed,2584-09-14 00:00:00
JUG_00441,STR_0042,purchased,2584-09-30 00:00:00
JUG_00441,STR_0042,returned_to_store,2584-11-28 00:00:00
JUG_00441,HUB_AURORA,washed,2584-12-03 00:00:00
JUG_00441,STR_0017,purchased,2584-12-28 00:00:00
JUG_00441,STR_0017,returned_to_store,2585-03-23 00:00:00
JUG_00441,HUB_AURORA,washed,2585-03-28 00:00:00
JUG_00441,STR_0035,purchased,2585-04-16 00:00:00
JUG_00441,STR_0035,returned_to_store,2585-07-18 00:00:00
JUG_00441,HUB_AURORA,washed,2585-07-23 00:00:00
JUG_00441,STR_0002,purchased,2585-08-14 00:00:00
JUG_00441,STR_0002,returned_to_store,2585-11-10 00:00:00
JUG_00441,HUB_AURORA,washed,2585-11-12 00:00:00
JUG_00441,STR_0002,purchased,2585-12-06 00:00:00
JUG_00441,STR_0002,returned_to_store,2586-02-19 00:00:00
JUG_00441,HUB_AURORA,washed,2586-02-22 00:00:00
JUG_00442,STR_0004,purchased,2586-03-13 00:00:00
JUG_00442,STR_0004,returned_to_store,2586-05-17 00:00:00
JUG_00442,HUB_AURORA,washed,2586-05-20 00:00:00
JUG_00442,STR_0015,purchased,2586-06-07 00:00:00
JUG_00442,STR_0015,returned_to_store,2586-08-27 00:00:00
JUG_00442,HUB_AURORA,washed,2586-09-01 00:00:00
JUG_00442,STR_0015,purchased,2586-09-30 00:00:00
JUG_00442,UNKNOWN,lost_to_leakage,2586-12-02 00:00:00
JUG_00443,STR_0031,purchased,2586-12-25 00:00:00
JUG_00443,STR_0031,returned_to_store,2587-03-21 00:00:00
JUG_00443,HUB_AURORA,washed,2587-03-23 00:00:00
JUG_00443,STR_0034,purchased,2587-04-15 00:00:00
JUG_00443,STR_0034,returned_to_store,2587-06-12 00:00:00
JUG_00443,HUB_AURORA,washed,2587-06-14 00:00:00
JUG_00443,STR_0028,purchased,2587-06-27 00:00:00
JUG_00443,STR_0028,returned_to_store,2587-08-29 00:00:00
JUG_00443,HUB_AURORA,washed,2587-09-01 00:00:00
JUG_00443,STR_0003,purchased,2587-09-26 00:00:00
JUG_00443,STR_0003,returned_to_store,2587-12-24 00:00:00
JUG_00443,HUB_AURORA,washed,2587-12-29 00:00:00
JUG_00443,STR_0022,purchased,2588-01-17 00:00:00
JUG_00443,STR_0022,returned_to_store,2588-04-12 00:00:00
JUG_00443,HUB_AURORA,washed,2588-04-17 00:00:00
JUG_00443,STR_0008,purchased,2588-05-05 00:00:00
JUG_00443,STR_0008,returned_to_store,2588-08-06 00:00:00
JUG_00443,HUB_AURORA,washed,2588-08-11 00:00:00
JUG_00444,STR_0027,purchased,2588-08-27 00:00:00
JUG_00444,UNKNOWN,lost_to_leakage,2588-11-21 00:00:00
JUG_00445,STR_0009,purchased,2588-12-10 00:00:00
JUG_00445,STR_0009,returned_to_store,2589-02-06 00:00:00
JUG_00445,HUB_AURORA,washed,2589-02-10 00:00:00
JUG_00445,STR_0018,purchased,2589-03-12 00:00:00
JUG_00445,STR_0018,returned_to_store,2589-05-10 00:00:00
JUG_00445,HUB_AURORA,washed,2589-05-15 00:00:00
JUG_00445,STR_0029,purchased,2589-06-07 00:00:00
JUG_00445,STR_0029,returned_to_store,2589-08-16 00:00:00
JUG_00445,HUB_AURORA,washed,2589-08-19 00:00:00
JUG_00445,STR_0028,purchased,2589-08-30 00:00:00
JUG_00445,STR_0028,returned_to_store,2589-11-25 00:00:00
JUG_00445,HUB_AURORA,washed,2589-11-28 00:00:00
JUG_00445,STR_0027,purchased,2589-12-21 00:00:00
JUG_00445,STR_0027,returned_to_store,2590-03-09 00:00:00
JUG_00445,HUB_AURORA,washed,2590-03-14 00:00:00
JUG_00445,STR_0006,purchased,2590-04-11 00:00:00
JUG_00445,STR_0006,returned_to_store,2590-06-11 00:00:00
JUG_00445,HUB_AURORA,washed,2590-06-13 00:00:00
JUG_00445,STR_0026,purchased,2590-06-23 00:00:00
JUG_00445,STR_0026,returned_to_store,2590-09-16 00:00:00
JUG_00445,HUB_AURORA,washed,2590-09-19 00:00:00
JUG_00445,STR_0045,purchased,2590-10-18 00:00:00
JUG_00445,STR_0045,returned_to_store,2590-12-07 00:00:00
JUG_00445,HUB_AURORA,washed,2590-12-12 00:00:00
JUG_00445,STR_0027,purchased,2590-12-27 00:00:00
JUG_00445,STR_0027,returned_to_store,2591-03-29 00:00:00
JUG_00445,HUB_AURORA,washed,2591-03-31 00:00:00
JUG_00445,STR_0044,purchased,2591-04-12 00:00:00
JUG_00445,STR_0044,returned_to_store,2591-07-06 00:00:00
JUG_00445,HUB_AURORA,washed,2591-07-11 00:00:00
JUG_00446,STR_0040,purchased,2591-07-23 00:00:00
JUG_00446,STR_0040,returned_to_store,2591-10-28 00:00:00
JUG_00446,HUB_AURORA,washed,2591-10-31 00:00:00
JUG_00446,STR_0016,purchased,2591-11-08 00:00:00
JUG_00446,STR_0016,returned_to_store,2592-01-06 00:00:00
JUG_00446,HUB_AURORA,washed,2592-01-09 00:00:00
JUG_00446,STR_0028,purchased,2592-01-29 00:00:00
JUG_00446,STR_0028,returned_to_store,2592-04-30 00:00:00
JUG_00446,HUB_AURORA,washed,2592-05-02 00:00:00
JUG_00446,STR_0036,purchased,2592-05-26 00:00:00
JUG_00446,STR_0036,returned_to_store,2592-08-11 00:00:00
JUG_00446,HUB_AURORA,washed,2592-08-15 00:00:00
JUG_00446,STR_0023,purchased,2592-08-27 00:00:00
JUG_00446,STR_0023,returned_to_store,2592-10-22 00:00:00
JUG_00446,HUB_AURORA,washed,2592-10-27 00:00:00
JUG_00446,STR_0034,purchased,2592-11-10 00:00:00
JUG_00446,STR_0034,returned_to_store,2593-01-19 00:00:00
JUG_00446,HUB_AURORA,washed,2593-01-24 00:00:00
JUG_00446,STR_0004,purchased,2593-02-16 00:00:00
JUG_00446,STR_0004,returned_to_store,2593-04-28 00:00:00
JUG_00446,HUB_AURORA,washed,2593-04-30 00:00:00
JUG_00446,STR_0011,purchased,2593-05-15 00:00:00
JUG_00446,UNKNOWN,lost_to_leakage,2593-07-27 00:00:00
JUG_00447,STR_0000,purchased,2593-08-07 00:00:00
JUG_00447,UNKNOWN,lost_to_leakage,2593-10-30 00:00:00
JUG_00448,STR_0043,purchased,2593-11-07 00:00:00
JUG_00448,STR_0043,returned_to_store,2594-01-19 00:00:00
JUG_00448,HUB_AURORA,washed,2594-01-21 00:00:00
JUG_00448,STR_0009,purchased,2594-02-07 00:00:00
JUG_00448,STR_0009,returned_to_store,2594-04-22 00:00:00
JUG_00448,HUB_AURORA,washed,2594-04-24 00:00:00
JUG_00448,STR_0034,purchased,2594-05-22 00:00:00
JUG_00448,STR_0034,returned_to_store,2594-07-12 00:00:00
JUG_00448,HUB_AURORA,washed,2594-07-17 00:00:00
JUG_00448,STR_0020,purchased,2594-08-01 00:00:00
JUG_00448,STR_0020,returned_to_store,2594-10-10 00:00:00
JUG_00448,HUB_AURORA,washed,2594-10-15 00:00:00
JUG_00448,STR_0003,purchased,2594-10-22 00:00:00
JUG_00448,STR_0003,returned_to_store,2595-01-22 00:00:00
JUG_00448,HUB_AURORA,washed,2595-01-24 00:00:00
JUG_00448,STR_0027,purchased,2595-02-16 00:00:00
JUG_00448,STR_0027,returned_to_store,2595-04-13 00:00:00
JUG_00448,HUB_AURORA,washed,2595-04-15 00:00:00
JUG_00448,STR_0019,purchased,2595-05-08 00:00:00
JUG_00448,STR_0019,returned_to_store,2595-07-02 00:00:00
JUG_00448,HUB_AURORA,washed,2595-07-06 00:00:00
JUG_00448,STR_0037,purchased,2595-07-28 00:00:00
JUG_00448,STR_0037,returned_to_store,2595-10-23 00:00:00
JUG_00448,HUB_AURORA,washed,2595-10-28 00:00:00
JUG_00448,STR_0012,purchased,2595-11-20 00:00:00
JUG_00448,STR_0012,returned_to_store,2596-02-04 00:00:00
JUG_00448,HUB_AURORA,washed,2596-02-07 00:00:00
JUG_00449,STR_0048,purchased,2596-03-08 00:00:00
JUG_00449,STR_0048,returned_to_store,2596-05-09 00:00:00
JUG_00449,HUB_AURORA,washed,2596-05-13 00:00:00
JUG_00449,STR_0010,purchased,2596-05-31 00:00:00
JUG_00449,STR_0010,returned_to_store,2596-09-08 00:00:00
JUG_00449,HUB_AURORA,washed,2596-09-12 00:00:00
JUG_00449,STR_0038,purchased,2596-09-23 00:00:00
JUG_00449,STR_0038,returned_to_store,2596-11-28 00:00:00
JUG_00449,HUB_AURORA,washed,2596-12-03 00:00:00
JUG_00450,STR_0037,purchased,2596-12-23 00:00:00
JUG_00450,STR_0037,returned_to_store,2597-03-16 00:00:00
JUG_00450,HUB_AURORA,washed,2597-03-18 00:00:00
JUG_00450,STR_0006,purchased,2597-04-02 00:00:00
JUG_00450,STR_0006,returned_to_store,2597-05-30 00:00:00
JUG_00450,HUB_AURORA,washed,2597-06-02 00:00:00
JUG_00450,STR_0012,purchased,2597-06-10 00:00:00
JUG_00450,STR_0012,returned_to_store,2597-09-15 00:00:00
JUG_00450,HUB_AURORA,washed,2597-09-18 00:00:00
JUG_00450,STR_0002,purchased,2597-10-02 00:00:00
JUG_00450,UNKNOWN,lost_to_leakage,2597-11-29 00:00:00
JUG_00451,STR_0032,purchased,2597-12-23 00:00:00
JUG_00451,STR_0032,returned_to_store,2598-03-04 00:00:00
JUG_00451,HUB_AURORA,washed,2598-03-06 00:00:00
JUG_00451,STR_0014,purchased,2598-03-25 00:00:00
JUG_00451,STR_0014,returned_to_store,2598-05-26 00:00:00
JUG_00451,HUB_AURORA,washed,2598-05-30 00:00:00
JUG_00451,STR_0007,purchased,2598-06-26 00:00:00
JUG_00451,STR_0007,returned_to_store,2598-09-13 00:00:00
JUG_00451,HUB_AURORA,washed,2598-09-16 00:00:00
JUG_00452,STR_0034,purchased,2598-09-26 00:00:00
JUG_00452,STR_0034,returned_to_store,2598-12-27 00:00:00
JUG_00452,HUB_AURORA,washed,2598-12-30 00:00:00
JUG_00452,STR_0017,purchased,2599-01-11 00:00:00
JUG_00452,STR_0017,returned_to_store,2599-03-16 00:00:00
JUG_00452,HUB_AURORA,washed,2599-03-18 00:00:00
JUG_00452,STR_0034,purchased,2599-04-12 00:00:00
JUG_00452,STR_0034,returned_to_store,2599-06-08 00:00:00
JUG_00452,HUB_AURORA,washed,2599-06-11 00:00:00
JUG_00452,STR_0019,purchased,2599-07-09 00:00:00
JUG_00452,STR_0019,returned_to_store,2599-08-31 00:00:00
JUG_00452,HUB_AURORA,washed,2599-09-05 00:00:00
JUG_00453,STR_0036,purchased,2599-09-30 00:00:00
JUG_00453,STR_0036,returned_to_store,2599-12-29 00:00:00
JUG_00453,HUB_AURORA,washed,2600-01-03 00:00:00
JUG_00453,STR_0005,purchased,2600-01-16 00:00:00
JUG_00453,STR_0005,returned_to_store,2600-04-18 00:00:00
JUG_00453,HUB_AURORA,washed,2600-04-21 00:00:00
JUG_00453,STR_0023,purchased,2600-05-21 00:00:00
JUG_00453,STR_0023,returned_to_store,2600-07-24 00:00:00
JUG_00453,HUB_AURORA,washed,2600-07-27 00:00:00
JUG_00453,STR_0024,purchased,2600-08-12 00:00:00
JUG_00453,STR_0024,returned_to_store,2600-10-31 00:00:00
JUG_00453,HUB_AURORA,washed,2600-11-05 00:00:00
JUG_00453,STR_0039,purchased,2600-12-04 00:00:00
JUG_00453,UNKNOWN,lost_to_leakage,2601-03-09 00:00:00
JUG_00454,STR_0009,purchased,2601-03-20 00:00:00
JUG_00454,STR_0009,returned_to_store,2601-06-22 00:00:00
JUG_00454,HUB_AURORA,washed,2601-06-27 00:00:00
JUG_00454,STR_0003,purchased,2601-07-04 00:00:00
JUG_00454,UNKNOWN,lost_to_leakage,2601-09-15 00:00:00
JUG_00455,STR_0049,purchased,2601-09-24 00:00:00
JUG_00455,STR_0049,returned_to_store,2601-11-28 00:00:00
JUG_00455,HUB_AURORA,washed,2601-12-03 00:00:00
JUG_00455,STR_0007,purchased,2601-12-12 00:00:00
JUG_00455,STR_0007,returned_to_store,2602-03-17 00:00:00
JUG_00455,HUB_AURORA,washed,2602-03-22 00:00:00
JUG_00455,STR_0021,purchased,2602-04-08 00:00:00
JUG_00455,UNKNOWN,lost_to_leakage,2602-06-16 00:00:00
JUG_00456,STR_0016,purchased,2602-06-28 00:00:00
JUG_00456,STR_0016,returned_to_store,2602-09-12 00:00:00
JUG_00456,HUB_AURORA,washed,2602-09-14 00:00:00
JUG_00456,STR_0044,purchased,2602-09-24 00:00:00
JUG_00456,STR_0044,returned_to_store,2602-11-17 00:00:00
JUG_00456,HUB_AURORA,washed,2602-11-21 00:00:00
JUG_00456,STR_0033,purchased,2602-12-05 00:00:00
JUG_00456,STR_0033,returned_to_store,2603-03-06 00:00:00
JUG_00456,HUB_AURORA,washed,2603-03-10 00:00:00
JUG_00456,STR_0040,purchased,2603-04-02 00:00:00
JUG_00456,UNKNOWN,lost_to_leakage,2603-06-19 00:00:00
JUG_00457,STR_0017,purchased,2603-07-17 00:00:00
JUG_00457,STR_0017,returned_to_store,2603-09-28 00:00:00
JUG_00457,HUB_AURORA,washed,2603-10-02 00:00:00
JUG_00457,STR_0004,purchased,2603-10-20 00:00:00
JUG_00457,STR_0004,returned_to_store,2604-01-03 00:00:00
JUG_00457,HUB_AURORA,washed,2604-01-05 00:00:00
JUG_00457,STR_0043,purchased,2604-01-27 00:00:00
JUG_00457,STR_0043,returned_to_store,2604-04-07 00:00:00
JUG_00457,HUB_AURORA,washed,2604-04-10 00:00:00
JUG_00457,STR_0010,purchased,2604-05-06 00:00:00
JUG_00457,STR_0010,returned_to_store,2604-07-23 00:00:00
JUG_00457,HUB_AURORA,washed,2604-07-26 00:00:00
JUG_00457,STR_0033,purchased,2604-08-07 00:00:00
JUG_00457,STR_0033,returned_to_store,2604-10-22 00:00:00
JUG_00457,HUB_AURORA,washed,2604-10-24 00:00:00
JUG_00457,STR_0029,purchased,2604-11-03 00:00:00
JUG_00457,STR_0029,returned_to_store,2605-01-21 00:00:00
JUG_00457,HUB_AURORA,washed,2605-01-23 00:00:00
JUG_00457,STR_0029,purchased,2605-02-11 00:00:00
JUG_00457,STR_0029,returned_to_store,2605-04-12 00:00:00
JUG_00457,HUB_AURORA,washed,2605-04-15 00:00:00
JUG_00458,STR_0016,purchased,2605-04-27 00:00:00
JUG_00458,STR_0016,returned_to_store,2605-06-28 00:00:00
JUG_00458,HUB_AURORA,washed,2605-07-02 00:00:00
JUG_00458,STR_0008,purchased,2605-07-11 00:00:00
JUG_00458,STR_0008,returned_to_store,2605-09-22 00:00:00
JUG_00458,HUB_AURORA,washed,2605-09-26 00:00:00
JUG_00458,STR_0011,purchased,2605-10-06 00:00:00
JUG_00458,STR_0011,returned_to_store,2605-11-29 00:00:00
JUG_00458,HUB_AURORA,washed,2605-12-03 00:00:00
JUG_00458,STR_0007,purchased,2605-12-27 00:00:00
JUG_00458,STR_0007,returned_to_store,2606-03-15 00:00:00
JUG_00458,HUB_AURORA,washed,2606-03-20 00:00:00
JUG_00458,STR_0029,purchased,2606-04-06 00:00:00
JUG_00458,STR_0029,returned_to_store,2606-06-17 00:00:00
JUG_00458,HUB_AURORA,washed,2606-06-19 00:00:00
JUG_00458,STR_0009,purchased,2606-07-02 00:00:00
JUG_00458,STR_0009,returned_to_store,2606-09-01 00:00:00
JUG_00458,HUB_AURORA,washed,2606-09-04 00:00:00
JUG_00458,STR_0048,purchased,2606-10-01 00:00:00
JUG_00458,STR_0048,returned_to_store,2606-12-23 00:00:00
JUG_00458,HUB_AURORA,washed,2606-12-28 00:00:00
JUG_00458,STR_0036,purchased,2607-01-05 00:00:00
JUG_00458,STR_0036,returned_to_store,2607-03-16 00:00:00
JUG_00458,HUB_AURORA,washed,2607-03-18 00:00:00
JUG_00459,STR_0046,purchased,2607-04-11 00:00:00
JUG_00459,STR_0046,returned_to_store,2607-07-11 00:00:00
JUG_00459,HUB_AURORA,washed,2607-07-15 00:00:00
JUG_00459,STR_0026,purchased,2607-07-27 00:00:00
JUG_00459,STR_0026,returned_to_store,2607-10-25 00:00:00
JUG_00459,HUB_AURORA,washed,2607-10-28 00:00:00
JUG_00459,STR_0012,purchased,2607-11-23 00:00:00
JUG_00459,STR_0012,returned_to_store,2608-02-29 00:00:00
JUG_00459,HUB_AURORA,washed,2608-03-04 00:00:00
JUG_00459,STR_0048,purchased,2608-03-16 00:00:00
JUG_00459,UNKNOWN,lost_to_leakage,2608-06-08 00:00:00
JUG_00460,STR_0012,purchased,2608-07-06 00:00:00
JUG_00460,UNKNOWN,lost_to_leakage,2608-10-08 00:00:00
JUG_00461,STR_0015,purchased,2608-10-31 00:00:00
JUG_00461,STR_0015,returned_to_store,2609-01-15 00:00:00
JUG_00461,HUB_AURORA,washed,2609-01-19 00:00:00
JUG_00461,STR_0005,purchased,2609-01-29 00:00:00
JUG_00461,STR_0005,returned_to_store,2609-04-04 00:00:00
JUG_00461,HUB_AURORA,washed,2609-04-07 00:00:00
JUG_00461,STR_0025,purchased,2609-04-15 00:00:00
JUG_00461,STR_0025,returned_to_store,2609-07-19 00:00:00
JUG_00461,HUB_AURORA,washed,2609-07-24 00:00:00
JUG_00461,STR_0047,purchased,2609-08-09 00:00:00
JUG_00461,STR_0047,returned_to_store,2609-10-16 00:00:00
JUG_00461,HUB_AURORA,washed,2609-10-19 00:00:00
JUG_00462,STR_0032,purchased,2609-11-01 00:00:00
JUG_00462,UNKNOWN,lost_to_leakage,2610-02-01 00:00:00
JUG_00463,STR_0045,purchased,2610-02-08 00:00:00
JUG_00463,STR_0045,returned_to_store,2610-05-11 00:00:00
JUG_00463,HUB_AURORA,washed,2610-05-16 00:00:00
JUG_00463,STR_0024,purchased,2610-05-28 00:00:00
JUG_00463,STR_0024,returned_to_store,2610-08-09 00:00:00
JUG_00463,HUB_AURORA,washed,2610-08-12 00:00:00
JUG_00463,STR_0045,purchased,2610-09-01 00:00:00
JUG_00463,STR_0045,returned_to_store,2610-12-02 00:00:00
JUG_00463,HUB_AURORA,washed,2610-12-06 00:00:00
JUG_00463,STR_0029,purchased,2610-12-24 00:00:00
JUG_00463,STR_0029,returned_to_store,2611-03-26 00:00:00
JUG_00463,HUB_AURORA,washed,2611-03-31 00:00:00
JUG_00463,STR_0000,purchased,2611-04-10 00:00:00
JUG_00463,STR_0000,returned_to_store,2611-06-15 00:00:00
JUG_00463,HUB_AURORA,washed,2611-06-19 00:00:00
JUG_00463,STR_0016,purchased,2611-07-15 00:00:00
JUG_00463,STR_0016,returned_to_store,2611-09-17 00:00:00
JUG_00463,HUB_AURORA,washed,2611-09-22 00:00:00
JUG_00463,STR_0032,purchased,2611-10-10 00:00:00
JUG_00463,STR_0032,returned_to_store,2611-12-14 00:00:00
JUG_00463,HUB_AURORA,washed,2611-12-18 00:00:00
JUG_00463,STR_0020,purchased,2612-01-14 00:00:00
JUG_00463,UNKNOWN,lost_to_leakage,2612-03-04 00:00:00
JUG_00464,STR_0033,purchased,2612-03-29 00:00:00
JUG_00464,STR_0033,returned_to_store,2612-07-06 00:00:00
JUG_00464,HUB_AURORA,washed,2612-07-08 00:00:00
JUG_00464,STR_0025,purchased,2612-07-17 00:00:00
JUG_00464,STR_0025,returned_to_store,2612-10-14 00:00:00
JUG_00464,HUB_AURORA,washed,2612-10-19 00:00:00
JUG_00464,STR_0008,purchased,2612-11-11 00:00:00
JUG_00464,STR_0008,returned_to_store,2613-02-09 00:00:00
JUG_00464,HUB_AURORA,washed,2613-02-13 00:00:00
JUG_00464,STR_0002,purchased,2613-03-13 00:00:00
JUG_00464,STR_0002,returned_to_store,2613-06-14 00:00:00
JUG_00464,HUB_AURORA,washed,2613-06-18 00:00:00
JUG_00464,STR_0045,purchased,2613-07-16 00:00:00
JUG_00464,UNKNOWN,lost_to_leakage,2613-10-12 00:00:00
JUG_00465,STR_0007,purchased,2613-11-02 00:00:00
JUG_00465,STR_0007,returned_to_store,2614-01-11 00:00:00
JUG_00465,HUB_AURORA,washed,2614-01-13 00:00:00
JUG_00465,STR_0008,purchased,2614-02-06 00:00:00
JUG_00465,STR_0008,returned_to_store,2614-05-17 00:00:00
JUG_00465,HUB_AURORA,washed,2614-05-22 00:00:00
JUG_00465,STR_0021,purchased,2614-06-17 00:00:00
JUG_00465,STR_0021,returned_to_store,2614-09-17 00:00:00
JUG_00465,HUB_AURORA,washed,2614-09-19 00:00:00
JUG_00465,STR_0037,purchased,2614-09-29 00:00:00
JUG_00465,STR_0037,returned_to_store,2614-12-27 00:00:00
JUG_00465,HUB_AURORA,washed,2614-12-31 00:00:00
JUG_00466,STR_0033,purchased,2615-01-30 00:00:00
JUG_00466,STR_0033,returned_to_store,2615-04-16 00:00:00
JUG_00466,HUB_AURORA,washed,2615-04-20 00:00:00
JUG_00466,STR_0029,purchased,2615-04-30 00:00:00
JUG_00466,STR_0029,returned_to_store,2615-07-07 00:00:00
JUG_00466,HUB_AURORA,washed,2615-07-12 00:00:00
JUG_00466,STR_0015,purchased,2615-07-25 00:00:00
JUG_00466,STR_0015,returned_to_store,2615-09-25 00:00:00
JUG_00466,HUB_AURORA,washed,2615-09-28 00:00:00
JUG_00466,STR_0041,purchased,2615-10-07 00:00:00
JUG_00466,STR_0041,returned_to_store,2615-12-18 00:00:00
JUG_00466,HUB_AURORA,washed,2615-12-20 00:00:00
JUG_00466,STR_0034,purchased,2616-01-10 00:00:00
JUG_00466,UNKNOWN,lost_to_leakage,2616-04-15 00:00:00
JUG_00467,STR_0006,purchased,2616-05-03 00:00:00
JUG_00467,STR_0006,returned_to_store,2616-08-01 00:00:00
JUG_00467,HUB_AURORA,washed,2616-08-04 00:00:00
JUG_00467,STR_0009,purchased,2616-08-13 00:00:00
JUG_00467,STR_0009,returned_to_store,2616-11-05 00:00:00
JUG_00467,HUB_AURORA,washed,2616-11-09 00:00:00
JUG_00467,STR_0049,purchased,2616-11-21 00:00:00
JUG_00467,STR_0049,returned_to_store,2617-02-26 00:00:00
JUG_00467,HUB_AURORA,washed,2617-03-03 00:00:00
JUG_00468,STR_0008,purchased,2617-03-18 00:00:00
JUG_00468,STR_0008,returned_to_store,2617-05-21 00:00:00
JUG_00468,HUB_AURORA,washed,2617-05-24 00:00:00
JUG_00468,STR_0024,purchased,2617-06-23 00:00:00
JUG_00468,STR_0024,returned_to_store,2617-08-31 00:00:00
JUG_00468,HUB_AURORA,washed,2617-09-03 00:00:00
JUG_00468,STR_0029,purchased,2617-10-01 00:00:00
JUG_00468,UNKNOWN,lost_to_leakage,2618-01-01 00:00:00
JUG_00469,STR_0034,purchased,2618-01-17 00:00:00
JUG_00469,STR_0034,returned_to_store,2618-04-27 00:00:00
JUG_00469,HUB_AURORA,washed,2618-04-29 00:00:00
JUG_00469,STR_0018,purchased,2618-05-19 00:00:00
JUG_00469,STR_0018,returned_to_store,2618-07-27 00:00:00
JUG_00469,HUB_AURORA,washed,2618-08-01 00:00:00
JUG_00469,STR_0039,purchased,2618-08-08 00:00:00
JUG_00469,STR_0039,returned_to_store,2618-11-08 00:00:00
JUG_00469,HUB_AURORA,washed,2618-11-11 00:00:00
JUG_00469,STR_0041,purchased,2618-11-18 00:00:00
JUG_00469,STR_0041,returned_to_store,2619-01-16 00:00:00
JUG_00469,HUB_AURORA,washed,2619-01-20 00:00:00
JUG_00469,STR_0040,purchased,2619-02-05 00:00:00
JUG_00469,STR_0040,returned_to_store,2619-04-30 00:00:00
JUG_00469,HUB_AURORA,washed,2619-05-04 00:00:00
JUG_00469,STR_0048,purchased,2619-05-26 00:00:00
JUG_00469,STR_0048,returned_to_store,2619-08-13 00:00:00
JUG_00469,HUB_AURORA,washed,2619-08-16 00:00:00
JUG_00469,STR_0044,purchased,2619-08-31 00:00:00
JUG_00469,STR_0044,returned_to_store,2619-11-28 00:00:00
JUG_00469,HUB_AURORA,washed,2619-12-03 00:00:00
JUG_00469,STR_0042,purchased,2619-12-14 00:00:00
JUG_00469,STR_0042,returned_to_store,2620-03-17 00:00:00
JUG_00469,HUB_AURORA,washed,2620-03-22 00:00:00
JUG_00470,STR_0019,purchased,2620-04-12 00:00:00
JUG_00470,STR_0019,returned_to_store,2620-06-06 00:00:00
JUG_00470,HUB_AURORA,washed,2620-06-08 00:00:00
JUG_00470,STR_0027,purchased,2620-06-30 00:00:00
JUG_00470,UNKNOWN,lost_to_leakage,2620-09-30 00:00:00
JUG_00471,STR_0029,purchased,2620-10-28 00:00:00
JUG_00471,STR_0029,returned_to_store,2620-12-31 00:00:00
JUG_00471,HUB_AURORA,washed,2621-01-03 00:00:00
JUG_00471,STR_0041,purchased,2621-01-12 00:00:00
JUG_00471,STR_0041,returned_to_store,2621-03-14 00:00:00
JUG_00471,HUB_AURORA,washed,2621-03-17 00:00:00
JUG_00471,STR_0020,purchased,2621-03-31 00:00:00
JUG_00471,STR_0020,returned_to_store,2621-06-27 00:00:00
JUG_00471,HUB_AURORA,washed,2621-06-29 00:00:00
JUG_00471,STR_0005,purchased,2621-07-17 00:00:00
JUG_00471,STR_0005,returned_to_store,2621-10-12 00:00:00
JUG_00471,HUB_AURORA,washed,2621-10-15 00:00:00
JUG_00471,STR_0008,purchased,2621-10-30 00:00:00
JUG_00471,STR_0008,returned_to_store,2622-02-03 00:00:00
JUG_00471,HUB_AURORA,washed,2622-02-07 00:00:00
JUG_00472,STR_0045,purchased,2622-02-22 00:00:00
JUG_00472,STR_0045,returned_to_store,2622-05-01 00:00:00
JUG_00472,HUB_AURORA,washed,2622-05-05 00:00:00
JUG_00472,STR_0011,purchased,2622-05-18 00:00:00
JUG_00472,UNKNOWN,lost_to_leakage,2622-08-14 00:00:00
JUG_00473,STR_0031,purchased,2622-08-23 00:00:00
JUG_00473,STR_0031,returned_to_store,2622-11-16 00:00:00
JUG_00473,HUB_AURORA,washed,2622-11-18 00:00:00
JUG_00473,STR_0017,purchased,2622-11-28 00:00:00
JUG_00473,STR_0017,returned_to_store,2623-03-04 00:00:00
JUG_00473,HUB_AURORA,washed,2623-03-09 00:00:00
JUG_00473,STR_0014,purchased,2623-04-07 00:00:00
JUG_00473,STR_0014,returned_to_store,2623-06-11 00:00:00
JUG_00473,HUB_AURORA,washed,2623-06-16 00:00:00
JUG_00473,STR_0006,purchased,2623-07-03 00:00:00
JUG_00473,STR_0006,returned_to_store,2623-09-26 00:00:00
JUG_00473,HUB_AURORA,washed,2623-09-28 00:00:00
JUG_00473,STR_0007,purchased,2623-10-19 00:00:00
JUG_00473,STR_0007,returned_to_store,2623-12-18 00:00:00
JUG_00473,HUB_AURORA,washed,2623-12-22 00:00:00
JUG_00473,STR_0036,purchased,2624-01-01 00:00:00
JUG_00473,STR_0036,returned_to_store,2624-03-14 00:00:00
JUG_00473,HUB_AURORA,washed,2624-03-18 00:00:00
JUG_00474,STR_0037,purchased,2624-04-08 00:00:00
JUG_00474,STR_0037,returned_to_store,2624-06-08 00:00:00
JUG_00474,HUB_AURORA,washed,2624-06-10 00:00:00
JUG_00474,STR_0028,purchased,2624-07-02 00:00:00
JUG_00474,STR_0028,returned_to_store,2624-09-18 00:00:00
JUG_00474,HUB_AURORA,washed,2624-09-21 00:00:00
JUG_00474,STR_0044,purchased,2624-09-29 00:00:00
JUG_00474,STR_0044,returned_to_store,2624-12-23 00:00:00
JUG_00474,HUB_AURORA,washed,2624-12-25 00:00:00
JUG_00474,STR_0033,purchased,2625-01-03 00:00:00
JUG_00474,STR_0033,returned_to_store,2625-02-21 00:00:00
JUG_00474,HUB_AURORA,washed,2625-02-25 00:00:00
JUG_00475,STR_0014,purchased,2625-03-27 00:00:00
JUG_00475,STR_0014,returned_to_store,2625-06-12 00:00:00
JUG_00475,HUB_AURORA,washed,2625-06-15 00:00:00
JUG_00475,STR_0028,purchased,2625-07-05 00:00:00
JUG_00475,STR_0028,returned_to_store,2625-09-06 00:00:00
JUG_00475,HUB_AURORA,washed,2625-09-08 00:00:00
JUG_00475,STR_0014,purchased,2625-10-08 00:00:00
JUG_00475,STR_0014,returned_to_store,2625-11-30 00:00:00
JUG_00475,HUB_AURORA,washed,2625-12-04 00:00:00
JUG_00475,STR_0044,purchased,2625-12-17 00:00:00
JUG_00475,STR_0044,returned_to_store,2626-03-05 00:00:00
JUG_00475,HUB_AURORA,washed,2626-03-10 00:00:00
JUG_00475,STR_0010,purchased,2626-04-04 00:00:00
JUG_00475,STR_0010,returned_to_store,2626-06-29 00:00:00
JUG_00475,HUB_AURORA,washed,2626-07-03 00:00:00
JUG_00475,STR_0011,purchased,2626-07-21 00:00:00
JUG_00475,STR_0011,returned_to_store,2626-09-18 00:00:00
JUG_00475,HUB_AURORA,washed,2626-09-22 00:00:00
JUG_00475,STR_0046,purchased,2626-09-29 00:00:00
JUG_00475,STR_0046,returned_to_store,2626-12-12 00:00:00
JUG_00475,HUB_AURORA,washed,2626-12-15 00:00:00
JUG_00475,STR_0036,purchased,2626-12-29 00:00:00
JUG_00475,STR_0036,returned_to_store,2627-03-24 00:00:00
JUG_00475,HUB_AURORA,washed,2627-03-29 00:00:00
JUG_00475,STR_0024,purchased,2627-04-09 00:00:00
JUG_00475,STR_0024,returned_to_store,2627-06-29 00:00:00
JUG_00475,HUB_AURORA,washed,2627-07-02 00:00:00
JUG_00475,STR_0038,purchased,2627-07-22 00:00:00
JUG_00475,STR_0038,returned_to_store,2627-10-03 00:00:00
JUG_00475,HUB_AURORA,washed,2627-10-06 00:00:00
JUG_00476,STR_0008,purchased,2627-10-28 00:00:00
JUG_00476,STR_0008,returned_to_store,2628-01-19 00:00:00
JUG_00476,HUB_AURORA,washed,2628-01-22 00:00:00
JUG_00476,STR_0006,purchased,2628-02-07 00:00:00
JUG_00476,STR_0006,returned_to_store,2628-04-25 00:00:00
JUG_00476,HUB_AURORA,washed,2628-04-27 00:00:00
JUG_00476,STR_0039,purchased,2628-05-18 00:00:00
JUG_00476,STR_0039,returned_to_store,2628-08-10 00:00:00
JUG_00476,HUB_AURORA,washed,2628-08-12 00:00:00
JUG_00476,STR_0014,purchased,2628-09-07 00:00:00
JUG_00476,STR_0014,returned_to_store,2628-11-30 00:00:00
JUG_00476,HUB_AURORA,washed,2628-12-02 00:00:00
JUG_00476,STR_0044,purchased,2628-12-10 00:00:00
JUG_00476,STR_0044,returned_to_store,2629-03-10 00:00:00
JUG_00476,HUB_AURORA,washed,2629-03-13 00:00:00
JUG_00476,STR_0039,purchased,2629-03-26 00:00:00
JUG_00476,STR_0039,returned_to_store,2629-06-07 00:00:00
JUG_00476,HUB_AURORA,washed,2629-06-12 00:00:00
JUG_00476,STR_0043,purchased,2629-07-07 00:00:00
JUG_00476,STR_0043,returned_to_store,2629-09-13 00:00:00
JUG_00476,HUB_AURORA,washed,2629-09-15 00:00:00
JUG_00477,STR_0048,purchased,2629-10-12 00:00:00
JUG_00477,UNKNOWN,lost_to_leakage,2629-12-13 00:00:00
JUG_00478,STR_0043,purchased,2630-01-12 00:00:00
JUG_00478,STR_0043,returned_to_store,2630-03-06 00:00:00
JUG_00478,HUB_AURORA,washed,2630-03-08 00:00:00
JUG_00478,STR_0010,purchased,2630-04-02 00:00:00
JUG_00478,STR_0010,returned_to_store,2630-06-08 00:00:00
JUG_00478,HUB_AURORA,washed,2630-06-11 00:00:00
JUG_00478,STR_0030,purchased,2630-07-03 00:00:00
JUG_00478,UNKNOWN,lost_to_leakage,2630-09-26 00:00:00
JUG_00479,STR_0045,purchased,2630-10-14 00:00:00
JUG_00479,STR_0045,returned_to_store,2630-12-21 00:00:00
JUG_00479,HUB_AURORA,washed,2630-12-24 00:00:00
JUG_00479,STR_0001,purchased,2631-01-23 00:00:00
JUG_00479,STR_0001,returned_to_store,2631-03-14 00:00:00
JUG_00479,HUB_AURORA,washed,2631-03-16 00:00:00
JUG_00479,STR_0039,purchased,2631-04-08 00:00:00
JUG_00479,STR_0039,returned_to_store,2631-06-22 00:00:00
JUG_00479,HUB_AURORA,washed,2631-06-24 00:00:00
JUG_00479,STR_0029,purchased,2631-07-14 00:00:00
JUG_00479,STR_0029,returned_to_store,2631-09-30 00:00:00
JUG_00479,HUB_AURORA,washed,2631-10-02 00:00:00
JUG_00479,STR_0044,purchased,2631-10-18 00:00:00
JUG_00479,STR_0044,returned_to_store,2631-12-31 00:00:00
JUG_00479,HUB_AURORA,washed,2632-01-03 00:00:00
JUG_00479,STR_0032,purchased,2632-01-20 00:00:00
JUG_00479,STR_0032,returned_to_store,2632-03-18 00:00:00
JUG_00479,HUB_AURORA,washed,2632-03-21 00:00:00
JUG_00479,STR_0008,purchased,2632-04-02 00:00:00
JUG_00479,STR_0008,returned_to_store,2632-07-08 00:00:00
JUG_00479,HUB_AURORA,washed,2632-07-13 00:00:00
JUG_00479,STR_0042,purchased,2632-08-04 00:00:00
JUG_00479,STR_0042,returned_to_store,2632-11-06 00:00:00
JUG_00479,HUB_AURORA,washed,2632-11-09 00:00:00
JUG_00480,STR_0011,purchased,2632-11-17 00:00:00
JUG_00480,UNKNOWN,lost_to_leakage,2633-02-14 00:00:00
JUG_00481,STR_0012,purchased,2633-03-05 00:00:00
JUG_00481,STR_0012,returned_to_store,2633-04-30 00:00:00
JUG_00481,HUB_AURORA,washed,2633-05-02 00:00:00
JUG_00481,STR_0009,purchased,2633-06-01 00:00:00
JUG_00481,STR_0009,returned_to_store,2633-08-28 00:00:00
JUG_00481,HUB_AURORA,washed,2633-09-02 00:00:00
JUG_00481,STR_0018,purchased,2633-09-12 00:00:00
JUG_00481,STR_0018,returned_to_store,2633-11-18 00:00:00
JUG_00481,HUB_AURORA,washed,2633-11-21 00:00:00
JUG_00481,STR_0013,purchased,2633-12-21 00:00:00
JUG_00481,STR_0013,returned_to_store,2634-03-11 00:00:00
JUG_00481,HUB_AURORA,washed,2634-03-14 00:00:00
JUG_00481,STR_0007,purchased,2634-04-04 00:00:00
JUG_00481,STR_0007,returned_to_store,2634-06-06 00:00:00
JUG_00481,HUB_AURORA,washed,2634-06-11 00:00:00
JUG_00481,STR_0014,purchased,2634-07-09 00:00:00
JUG_00481,STR_0014,returned_to_store,2634-10-08 00:00:00
JUG_00481,HUB_AURORA,washed,2634-10-10 00:00:00
JUG_00481,STR_0008,purchased,2634-11-02 00:00:00
JUG_00481,STR_0008,returned_to_store,2635-01-23 00:00:00
JUG_00481,HUB_AURORA,washed,2635-01-26 00:00:00
JUG_00481,STR_0031,purchased,2635-02-16 00:00:00
JUG_00481,STR_0031,returned_to_store,2635-05-16 00:00:00
JUG_00481,HUB_AURORA,washed,2635-05-19 00:00:00
JUG_00482,STR_0031,purchased,2635-06-12 00:00:00
JUG_00482,UNKNOWN,lost_to_leakage,2635-08-25 00:00:00
JUG_00483,STR_0006,purchased,2635-09-01 00:00:00
JUG_00483,STR_0006,returned_to_store,2635-11-03 00:00:00
JUG_00483,HUB_AURORA,washed,2635-11-07 00:00:00
JUG_00483,STR_0046,purchased,2635-11-19 00:00:00
JUG_00483,STR_0046,returned_to_store,2636-02-10 00:00:00
JUG_00483,HUB_AURORA,washed,2636-02-15 00:00:00
JUG_00483,STR_0022,purchased,2636-03-14 00:00:00
JUG_00483,STR_0022,returned_to_store,2636-06-09 00:00:00
JUG_00483,HUB_AURORA,washed,2636-06-11 00:00:00
JUG_00483,STR_0004,purchased,2636-07-08 00:00:00
JUG_00483,STR_0004,returned_to_store,2636-09-02 00:00:00
JUG_00483,HUB_AURORA,washed,2636-09-05 00:00:00
JUG_00483,STR_0030,purchased,2636-09-15 00:00:00
JUG_00483,UNKNOWN,lost_to_leakage,2636-12-16 00:00:00
JUG_00484,STR_0040,purchased,2637-01-14 00:00:00
JUG_00484,UNKNOWN,lost_to_leakage,2637-03-14 00:00:00
JUG_00485,STR_0048,purchased,2637-03-27 00:00:00
JUG_00485,STR_0048,returned_to_store,2637-07-02 00:00:00
JUG_00485,HUB_AURORA,washed,2637-07-05 00:00:00
JUG_00485,STR_0009,purchased,2637-07-18 00:00:00
JUG_00485,STR_0009,returned_to_store,2637-09-27 00:00:00
JUG_00485,HUB_AURORA,washed,2637-09-29 00:00:00
JUG_00485,STR_0029,purchased,2637-10-10 00:00:00
JUG_00485,STR_0029,returned_to_store,2637-12-04 00:00:00
JUG_00485,HUB_AURORA,washed,2637-12-09 00:00:00
JUG_00486,STR_0000,purchased,2637-12-24 00:00:00
JUG_00486,STR_0000,returned_to_store,2638-02-13 00:00:00
JUG_00486,HUB_AURORA,washed,2638-02-15 00:00:00
JUG_00486,STR_0017,purchased,2638-03-09 00:00:00
JUG_00486,UNKNOWN,lost_to_leakage,2638-05-03 00:00:00
JUG_00487,STR_0025,purchased,2638-05-31 00:00:00
JUG_00487,STR_0025,returned_to_store,2638-08-27 00:00:00
JUG_00487,HUB_AURORA,washed,2638-08-30 00:00:00
JUG_00487,STR_0012,purchased,2638-09-12 00:00:00
JUG_00487,STR_0012,returned_to_store,2638-11-23 00:00:00
JUG_00487,HUB_AURORA,washed,2638-11-28 00:00:00
JUG_00487,STR_0006,purchased,2638-12-08 00:00:00
JUG_00487,STR_0006,returned_to_store,2639-02-17 00:00:00
JUG_00487,HUB_AURORA,washed,2639-02-21 00:00:00
JUG_00487,STR_0034,purchased,2639-02-28 00:00:00
JUG_00487,STR_0034,returned_to_store,2639-05-05 00:00:00
JUG_00487,HUB_AURORA,washed,2639-05-09 00:00:00
JUG_00487,STR_0035,purchased,2639-05-28 00:00:00
JUG_00487,STR_0035,returned_to_store,2639-07-18 00:00:00
JUG_00487,HUB_AURORA,washed,2639-07-22 00:00:00
JUG_00487,STR_0004,purchased,2639-08-10 00:00:00
JUG_00487,STR_0004,returned_to_store,2639-11-12 00:00:00
JUG_00487,HUB_AURORA,washed,2639-11-15 00:00:00
JUG_00487,STR_0028,purchased,2639-12-09 00:00:00
JUG_00487,STR_0028,returned_to_store,2640-03-10 00:00:00
JUG_00487,HUB_AURORA,washed,2640-03-12 00:00:00
JUG_00488,STR_0004,purchased,2640-03-23 00:00:00
JUG_00488,STR_0004,returned_to_store,2640-06-07 00:00:00
JUG_00488,HUB_AURORA,washed,2640-06-09 00:00:00
JUG_00488,STR_0003,purchased,2640-07-03 00:00:00
JUG_00488,STR_0003,returned_to_store,2640-09-14 00:00:00
JUG_00488,HUB_AURORA,washed,2640-09-17 00:00:00
JUG_00488,STR_0047,purchased,2640-10-02 00:00:00
JUG_00488,STR_0047,returned_to_store,2641-01-06 00:00:00
JUG_00488,HUB_AURORA,washed,2641-01-09 00:00:00
JUG_00488,STR_0009,purchased,2641-01-30 00:00:00
JUG_00488,STR_0009,returned_to_store,2641-04-06 00:00:00
JUG_00488,HUB_AURORA,washed,2641-04-09 00:00:00
JUG_00488,STR_0021,purchased,2641-04-29 00:00:00
JUG_00488,STR_0021,returned_to_store,2641-07-25 00:00:00
JUG_00488,HUB_AURORA,washed,2641-07-29 00:00:00
JUG_00489,STR_0039,purchased,2641-08-17 00:00:00
JUG_00489,STR_0039,returned_to_store,2641-11-20 00:00:00
JUG_00489,HUB_AURORA,washed,2641-11-25 00:00:00
JUG_00489,STR_0017,purchased,2641-12-09 00:00:00
JUG_00489,STR_0017,returned_to_store,2642-03-01 00:00:00
JUG_00489,HUB_AURORA,washed,2642-03-03 00:00:00
JUG_00489,STR_0026,purchased,2642-03-18 00:00:00
JUG_00489,UNKNOWN,lost_to_leakage,2642-06-16 00:00:00
JUG_00490,STR_0014,purchased,2642-07-11 00:00:00
JUG_00490,STR_0014,returned_to_store,2642-10-07 00:00:00
JUG_00490,HUB_AURORA,washed,2642-10-09 00:00:00
JUG_00490,STR_0001,purchased,2642-10-18 00:00:00
JUG_00490,STR_0001,returned_to_store,2643-01-03 00:00:00
JUG_00490,HUB_AURORA,washed,2643-01-08 00:00:00
JUG_00490,STR_0003,purchased,2643-02-02 00:00:00
JUG_00490,UNKNOWN,lost_to_leakage,2643-04-09 00:00:00
JUG_00491,STR_0009,purchased,2643-05-06 00:00:00
JUG_00491,STR_0009,returned_to_store,2643-07-21 00:00:00
JUG_00491,HUB_AURORA,washed,2643-07-26 00:00:00
JUG_00491,STR_0004,purchased,2643-08-21 00:00:00
JUG_00491,STR_0004,returned_to_store,2643-10-26 00:00:00
JUG_00491,HUB_AURORA,washed,2643-10-29 00:00:00
JUG_00491,STR_0049,purchased,2643-11-25 00:00:00
JUG_00491,STR_0049,returned_to_store,2644-02-12 00:00:00
JUG_00491,HUB_AURORA,washed,2644-02-14 00:00:00
JUG_00491,STR_0034,purchased,2644-03-02 00:00:00
JUG_00491,STR_0034,returned_to_store,2644-05-09 00:00:00
JUG_00491,HUB_AURORA,washed,2644-05-11 00:00:00
JUG_00491,STR_0028,purchased,2644-05-29 00:00:00
JUG_00491,STR_0028,returned_to_store,2644-08-24 00:00:00
JUG_00491,HUB_AURORA,washed,2644-08-27 00:00:00
JUG_00491,STR_0007,purchased,2644-09-03 00:00:00
JUG_00491,STR_0007,returned_to_store,2644-12-08 00:00:00
JUG_00491,HUB_AURORA,washed,2644-12-10 00:00:00
JUG_00491,STR_0047,purchased,2644-12-25 00:00:00
JUG_00491,STR_0047,returned_to_store,2645-03-24 00:00:00
JUG_00491,HUB_AURORA,washed,2645-03-26 00:00:00
JUG_00491,STR_0041,purchased,2645-04-02 00:00:00
JUG_00491,STR_0041,returned_to_store,2645-06-03 00:00:00
JUG_00491,HUB_AURORA,washed,2645-06-06 00:00:00
JUG_00491,STR_0016,purchased,2645-06-15 00:00:00
JUG_00491,STR_0016,returned_to_store,2645-08-26 00:00:00
JUG_00491,HUB_AURORA,washed,2645-08-29 00:00:00
JUG_00492,STR_0004,purchased,2645-09-22 00:00:00
JUG_00492,UNKNOWN,lost_to_leakage,2645-12-11 00:00:00
JUG_00493,STR_0046,purchased,2646-01-07 00:00:00
JUG_00493,UNKNOWN,lost_to_leakage,2646-03-26 00:00:00
JUG_00494,STR_0016,purchased,2646-04-19 00:00:00
JUG_00494,STR_0016,returned_to_store,2646-07-06 00:00:00
JUG_00494,HUB_AURORA,washed,2646-07-11 00:00:00
JUG_00494,STR_0020,purchased,2646-08-09 00:00:00
JUG_00494,STR_0020,returned_to_store,2646-09-29 00:00:00
JUG_00494,HUB_AURORA,washed,2646-10-02 00:00:00
JUG_00494,STR_0014,purchased,2646-11-01 00:00:00
JUG_00494,STR_0014,returned_to_store,2647-01-22 00:00:00
JUG_00494,HUB_AURORA,washed,2647-01-27 00:00:00
JUG_00495,STR_0009,purchased,2647-02-14 00:00:00
JUG_00495,STR_0009,returned_to_store,2647-04-07 00:00:00
JUG_00495,HUB_AURORA,washed,2647-04-12 00:00:00
JUG_00495,STR_0047,purchased,2647-05-03 00:00:00
JUG_00495,STR_0047,returned_to_store,2647-07-26 00:00:00
JUG_00495,HUB_AURORA,washed,2647-07-29 00:00:00
JUG_00495,STR_0007,purchased,2647-08-23 00:00:00
JUG_00495,STR_0007,returned_to_store,2647-11-04 00:00:00
JUG_00495,HUB_AURORA,washed,2647-11-06 00:00:00
JUG_00495,STR_0010,purchased,2647-12-04 00:00:00
JUG_00495,STR_0010,returned_to_store,2648-03-07 00:00:00
JUG_00495,HUB_AURORA,washed,2648-03-12 00:00:00
JUG_00495,STR_0022,purchased,2648-03-23 00:00:00
JUG_00495,STR_0022,returned_to_store,2648-06-21 00:00:00
JUG_00495,HUB_AURORA,washed,2648-06-23 00:00:00
JUG_00495,STR_0030,purchased,2648-07-12 00:00:00
JUG_00495,STR_0030,returned_to_store,2648-09-30 00:00:00
JUG_00495,HUB_AURORA,washed,2648-10-04 00:00:00
JUG_00495,STR_0026,purchased,2648-10-21 00:00:00
JUG_00495,UNKNOWN,lost_to_leakage,2649-01-01 00:00:00
JUG_00496,STR_0041,purchased,2649-01-19 00:00:00
JUG_00496,UNKNOWN,lost_to_leakage,2649-04-24 00:00:00
JUG_00497,STR_0045,purchased,2649-05-13 00:00:00
JUG_00497,STR_0045,returned_to_store,2649-07-10 00:00:00
JUG_00497,HUB_AURORA,washed,2649-07-13 00:00:00
JUG_00497,STR_0025,purchased,2649-07-28 00:00:00
JUG_00497,STR_0025,returned_to_store,2649-10-11 00:00:00
JUG_00497,HUB_AURORA,washed,2649-10-15 00:00:00
JUG_00497,STR_0013,purchased,2649-11-01 00:00:00
JUG_00497,STR_0013,returned_to_store,2649-12-22 00:00:00
JUG_00497,HUB_AURORA,washed,2649-12-25 00:00:00
JUG_00497,STR_0035,purchased,2650-01-08 00:00:00
JUG_00497,STR_0035,returned_to_store,2650-03-16 00:00:00
JUG_00497,HUB_AURORA,washed,2650-03-21 00:00:00
JUG_00497,STR_0036,purchased,2650-03-30 00:00:00
JUG_00497,STR_0036,returned_to_store,2650-06-16 00:00:00
JUG_00497,HUB_AURORA,washed,2650-06-18 00:00:00
JUG_00497,STR_0018,purchased,2650-07-05 00:00:00
JUG_00497,STR_0018,returned_to_store,2650-09-02 00:00:00
JUG_00497,HUB_AURORA,washed,2650-09-06 00:00:00
JUG_00497,STR_0016,purchased,2650-09-15 00:00:00
JUG_00497,UNKNOWN,lost_to_leakage,2650-12-03 00:00:00
JUG_00498,STR_0025,purchased,2650-12-17 00:00:00
JUG_00498,STR_0025,returned_to_store,2651-02-11 00:00:00
JUG_00498,HUB_AURORA,washed,2651-02-16 00:00:00
JUG_00498,STR_0024,purchased,2651-03-05 00:00:00
JUG_00498,STR_0024,returned_to_store,2651-06-04 00:00:00
JUG_00498,HUB_AURORA,washed,2651-06-09 00:00:00
JUG_00498,STR_0016,purchased,2651-07-02 00:00:00
JUG_00498,UNKNOWN,lost_to_leakage,2651-09-13 00:00:00
JUG_00499,STR_0029,purchased,2651-10-11 00:00:00
JUG_00499,STR_0029,returned_to_store,2651-12-21 00:00:00
JUG_00499,HUB_AURORA,washed,2651-12-24 00:00:00
JUG_00499,STR_0022,purchased,2652-01-06 00:00:00
JUG_00499,STR_0022,returned_to_store,2652-03-18 00:00:00
JUG_00499,HUB_AURORA,washed,2652-03-20 00:00:00
JUG_00499,STR_0035,purchased,2652-03-29 00:00:00
JUG_00499,STR_0035,returned_to_store,2652-06-07 00:00:00
JUG_00499,HUB_AURORA,washed,2652-06-10 00:00:00
JUG_00499,STR_0020,purchased,2652-06-22 00:00:00
JUG_00499,STR_0020,returned_to_store,2652-09-19 00:00:00
JUG_00499,HUB_AURORA,washed,2652-09-21 00:00:00
JUG_00499,STR_0003,purchased,2652-10-20 00:00:00
JUG_00499,STR_0003,returned_to_store,2652-12-14 00:00:00
JUG_00499,HUB_AURORA,washed,2652-12-18 00:00:00
JUG_00499,STR_0000,purchased,2653-01-10 00:00:00
JUG_00499,STR_0000,returned_to_store,2653-04-13 00:00:00
JUG_00499,HUB_AURORA,washed,2653-04-15 00:00:00
JUG_00499,STR_0028,purchased,2653-05-12 00:00:00
JUG_00499,STR_0028,returned_to_store,2653-08-06 00:00:00
JUG_00499,HUB_AURORA,washed,2653-08-11 00:00:00
JUG_00499,STR_0049,purchased,2653-09-02 00:00:00
JUG_00499,STR_0049,returned_to_store,2653-11-23 00:00:00
JUG_00499,HUB_AURORA,washed,2653-11-28 00:00:00
JUG_00499,STR_0009,purchased,2653-12-10 00:00:00
JUG_00499,STR_0009,returned_to_store,2654-02-07 00:00:00
JUG_00499,HUB_AURORA,washed,2654-02-12 00:00:00
JUG_00499,STR_0000,purchased,2654-02-20 00:00:00
JUG_00499,STR_0000,returned_to_store,2654-05-24 00:00:00
JUG_00499,HUB_AURORA,washed,2654-05-28 00:00:00
JUG_00500,STR_0043,purchased,2654-06-09 00:00:00
JUG_00500,STR_0043,returned_to_store,2654-08-15 00:00:00
JUG_00500,HUB_AURORA,washed,2654-08-17 00:00:00
JUG_00500,STR_0033,purchased,2654-08-25 00:00:00
JUG_00500,STR_0033,returned_to_store,2654-11-26 00:00:00
JUG_00500,HUB_AURORA,washed,2654-11-30 00:00:00
JUG_00500,STR_0037,purchased,2654-12-19 00:00:00
JUG_00500,STR_0037,returned_to_store,2655-03-14 00:00:00
JUG_00500,HUB_AURORA,washed,2655-03-19 00:00:00
JUG_00500,STR_0025,purchased,2655-03-27 00:00:00
JUG_00500,STR_0025,returned_to_store,2655-06-27 00:00:00
JUG_00500,HUB_AURORA,washed,2655-06-30 00:00:00
JUG_00501,STR_0009,purchased,2655-07-15 00:00:00
JUG_00501,STR_0009,returned_to_store,2655-09-27 00:00:00
JUG_00501,HUB_AURORA,washed,2655-10-01 00:00:00
JUG_00501,STR_0014,purchased,2655-10-24 00:00:00
JUG_00501,STR_0014,returned_to_store,2655-12-23 00:00:00
JUG_00501,HUB_AURORA,washed,2655-12-26 00:00:00
JUG_00501,STR_0018,purchased,2656-01-10 00:00:00
JUG_00501,STR_0018,returned_to_store,2656-03-15 00:00:00
JUG_00501,HUB_AURORA,washed,2656-03-17 00:00:00
JUG_00502,STR_0005,purchased,2656-03-31 00:00:00
JUG_00502,UNKNOWN,lost_to_leakage,2656-06-25 00:00:00
JUG_00503,STR_0041,purchased,2656-07-19 00:00:00
JUG_00503,STR_0041,returned_to_store,2656-09-28 00:00:00
JUG_00503,HUB_AURORA,washed,2656-10-03 00:00:00
JUG_00503,STR_0028,purchased,2656-10-12 00:00:00
JUG_00503,STR_0028,returned_to_store,2656-12-26 00:00:00
JUG_00503,HUB_AURORA,washed,2656-12-28 00:00:00
JUG_00503,STR_0001,purchased,2657-01-07 00:00:00
JUG_00503,STR_0001,returned_to_store,2657-03-10 00:00:00
JUG_00503,HUB_AURORA,washed,2657-03-15 00:00:00
JUG_00503,STR_0025,purchased,2657-03-23 00:00:00
JUG_00503,STR_0025,returned_to_store,2657-06-16 00:00:00
JUG_00503,HUB_AURORA,washed,2657-06-19 00:00:00
JUG_00503,STR_0018,purchased,2657-07-17 00:00:00
JUG_00503,STR_0018,returned_to_store,2657-09-20 00:00:00
JUG_00503,HUB_AURORA,washed,2657-09-25 00:00:00
JUG_00504,STR_0038,purchased,2657-10-23 00:00:00
JUG_00504,UNKNOWN,lost_to_leakage,2658-01-13 00:00:00
JUG_00505,STR_0047,purchased,2658-02-08 00:00:00
JUG_00505,STR_0047,returned_to_store,2658-03-28 00:00:00
JUG_00505,HUB_AURORA,washed,2658-04-01 00:00:00
JUG_00505,STR_0044,purchased,2658-05-01 00:00:00
JUG_00505,STR_0044,returned_to_store,2658-06-24 00:00:00
JUG_00505,HUB_AURORA,washed,2658-06-26 00:00:00
JUG_00505,STR_0040,purchased,2658-07-23 00:00:00
JUG_00505,STR_0040,returned_to_store,2658-11-01 00:00:00
JUG_00505,HUB_AURORA,washed,2658-11-05 00:00:00
JUG_00505,STR_0023,purchased,2658-11-13 00:00:00
JUG_00505,STR_0023,returned_to_store,2659-02-11 00:00:00
JUG_00505,HUB_AURORA,washed,2659-02-15 00:00:00
JUG_00505,STR_0020,purchased,2659-03-06 00:00:00
JUG_00505,STR_0020,returned_to_store,2659-06-07 00:00:00
JUG_00505,HUB_AURORA,washed,2659-06-10 00:00:00
JUG_00505,STR_0024,purchased,2659-06-30 00:00:00
JUG_00505,STR_0024,returned_to_store,2659-09-04 00:00:00
JUG_00505,HUB_AURORA,washed,2659-09-09 00:00:00
JUG_00505,STR_0014,purchased,2659-09-17 00:00:00
JUG_00505,STR_0014,returned_to_store,2659-11-18 00:00:00
JUG_00505,HUB_AURORA,washed,2659-11-22 00:00:00
JUG_00505,STR_0016,purchased,2659-12-11 00:00:00
JUG_00505,STR_0016,returned_to_store,2660-02-21 00:00:00
JUG_00505,HUB_AURORA,washed,2660-02-24 00:00:00
JUG_00506,STR_0024,purchased,2660-03-02 00:00:00
JUG_00506,STR_0024,returned_to_store,2660-05-28 00:00:00
JUG_00506,HUB_AURORA,washed,2660-06-02 00:00:00
JUG_00506,STR_0022,purchased,2660-06-28 00:00:00
JUG_00506,STR_0022,returned_to_store,2660-08-26 00:00:00
JUG_00506,HUB_AURORA,washed,2660-08-30 00:00:00
JUG_00506,STR_0025,purchased,2660-09-20 00:00:00
JUG_00506,STR_0025,returned_to_store,2660-12-13 00:00:00
JUG_00506,HUB_AURORA,washed,2660-12-15 00:00:00
JUG_00506,STR_0045,purchased,2661-01-13 00:00:00
JUG_00506,STR_0045,returned_to_store,2661-04-18 00:00:00
JUG_00506,HUB_AURORA,washed,2661-04-23 00:00:00
JUG_00507,STR_0017,purchased,2661-05-23 00:00:00
JUG_00507,STR_0017,returned_to_store,2661-08-16 00:00:00
JUG_00507,HUB_AURORA,washed,2661-08-20 00:00:00
JUG_00507,STR_0039,purchased,2661-09-06 00:00:00
JUG_00507,STR_0039,returned_to_store,2661-12-07 00:00:00
JUG_00507,HUB_AURORA,washed,2661-12-12 00:00:00
JUG_00507,STR_0046,purchased,2661-12-23 00:00:00
JUG_00507,STR_0046,returned_to_store,2662-02-23 00:00:00
JUG_00507,HUB_AURORA,washed,2662-02-27 00:00:00
JUG_00507,STR_0044,purchased,2662-03-26 00:00:00
JUG_00507,STR_0044,returned_to_store,2662-06-16 00:00:00
JUG_00507,HUB_AURORA,washed,2662-06-19 00:00:00
JUG_00507,STR_0029,purchased,2662-06-27 00:00:00
JUG_00507,STR_0029,returned_to_store,2662-09-22 00:00:00
JUG_00507,HUB_AURORA,washed,2662-09-26 00:00:00
JUG_00507,STR_0001,purchased,2662-10-15 00:00:00
JUG_00507,STR_0001,returned_to_store,2662-12-18 00:00:00
JUG_00507,HUB_AURORA,washed,2662-12-23 00:00:00
JUG_00507,STR_0001,purchased,2663-01-15 00:00:00
JUG_00507,STR_0001,returned_to_store,2663-04-17 00:00:00
JUG_00507,HUB_AURORA,washed,2663-04-22 00:00:00
JUG_00507,STR_0041,purchased,2663-05-16 00:00:00
JUG_00507,STR_0041,returned_to_store,2663-08-23 00:00:00
JUG_00507,HUB_AURORA,washed,2663-08-28 00:00:00
JUG_00507,STR_0039,purchased,2663-09-06 00:00:00
JUG_00507,STR_0039,returned_to_store,2663-11-14 00:00:00
JUG_00507,HUB_AURORA,washed,2663-11-18 00:00:00
JUG_00507,STR_0037,purchased,2663-12-10 00:00:00
JUG_00507,STR_0037,returned_to_store,2664-02-19 00:00:00
JUG_00507,HUB_AURORA,washed,2664-02-21 00:00:00
JUG_00508,STR_0048,purchased,2664-03-14 00:00:00
JUG_00508,STR_0048,returned_to_store,2664-06-21 00:00:00
JUG_00508,HUB_AURORA,washed,2664-06-23 00:00:00
JUG_00508,STR_0044,purchased,2664-07-05 00:00:00
JUG_00508,UNKNOWN,lost_to_leakage,2664-10-10 00:00:00
JUG_00509,STR_0026,purchased,2664-11-05 00:00:00
JUG_00509,STR_0026,returned_to_store,2665-01-09 00:00:00
JUG_00509,HUB_AURORA,washed,2665-01-12 00:00:00
JUG_00509,STR_0040,purchased,2665-02-08 00:00:00
JUG_00509,STR_0040,returned_to_store,2665-05-06 00:00:00
JUG_00509,HUB_AURORA,washed,2665-05-11 00:00:00
JUG_00509,STR_0043,purchased,2665-05-20 00:00:00
JUG_00509,UNKNOWN,lost_to_leakage,2665-07-27 00:00:00
JUG_00510,STR_0041,purchased,2665-08-07 00:00:00
JUG_00510,STR_0041,returned_to_store,2665-10-31 00:00:00
JUG_00510,HUB_AURORA,washed,2665-11-04 00:00:00
JUG_00510,STR_0007,purchased,2665-12-04 00:00:00
JUG_00510,STR_0007,returned_to_store,2666-02-17 00:00:00
JUG_00510,HUB_AURORA,washed,2666-02-21 00:00:00
JUG_00510,STR_0032,purchased,2666-03-19 00:00:00
JUG_00510,STR_0032,returned_to_store,2666-06-13 00:00:00
JUG_00510,HUB_AURORA,washed,2666-06-15 00:00:00
JUG_00510,STR_0041,purchased,2666-06-28 00:00:00
JUG_00510,STR_0041,returned_to_store,2666-10-04 00:00:00
JUG_00510,HUB_AURORA,washed,2666-10-09 00:00:00
JUG_00510,STR_0038,purchased,2666-10-23 00:00:00
JUG_00510,STR_0038,returned_to_store,2666-12-27 00:00:00
JUG_00510,HUB_AURORA,washed,2666-12-31 00:00:00
JUG_00510,STR_0029,purchased,2667-01-24 00:00:00
JUG_00510,STR_0029,returned_to_store,2667-03-26 00:00:00
JUG_00510,HUB_AURORA,washed,2667-03-29 00:00:00
JUG_00510,STR_0049,purchased,2667-04-19 00:00:00
JUG_00510,STR_0049,returned_to_store,2667-07-09 00:00:00
JUG_00510,HUB_AURORA,washed,2667-07-13 00:00:00
JUG_00510,STR_0023,purchased,2667-07-29 00:00:00
JUG_00510,STR_0023,returned_to_store,2667-09-24 00:00:00
JUG_00510,HUB_AURORA,washed,2667-09-27 00:00:00
JUG_00511,STR_0014,purchased,2667-10-05 00:00:00
JUG_00511,UNKNOWN,lost_to_leakage,2668-01-03 00:00:00
JUG_00512,STR_0006,purchased,2668-01-23 00:00:00
JUG_00512,STR_0006,returned_to_store,2668-04-12 00:00:00
JUG_00512,HUB_AURORA,washed,2668-04-17 00:00:00
JUG_00512,STR_0048,purchased,2668-05-17 00:00:00
JUG_00512,STR_0048,returned_to_store,2668-07-09 00:00:00
JUG_00512,HUB_AURORA,washed,2668-07-14 00:00:00
JUG_00512,STR_0041,purchased,2668-08-07 00:00:00
JUG_00512,STR_0041,returned_to_store,2668-10-29 00:00:00
JUG_00512,HUB_AURORA,washed,2668-10-31 00:00:00
JUG_00512,STR_0019,purchased,2668-11-14 00:00:00
JUG_00512,STR_0019,returned_to_store,2669-02-09 00:00:00
JUG_00512,HUB_AURORA,washed,2669-02-12 00:00:00
JUG_00512,STR_0013,purchased,2669-02-28 00:00:00
JUG_00512,STR_0013,returned_to_store,2669-05-04 00:00:00
JUG_00512,HUB_AURORA,washed,2669-05-07 00:00:00
JUG_00512,STR_0047,purchased,2669-06-03 00:00:00
JUG_00512,STR_0047,returned_to_store,2669-07-30 00:00:00
JUG_00512,HUB_AURORA,washed,2669-08-03 00:00:00
JUG_00512,STR_0032,purchased,2669-08-31 00:00:00
JUG_00512,STR_0032,returned_to_store,2669-12-02 00:00:00
JUG_00512,HUB_AURORA,washed,2669-12-07 00:00:00
JUG_00512,STR_0029,purchased,2669-12-28 00:00:00
JUG_00512,STR_0029,returned_to_store,2670-03-11 00:00:00
JUG_00512,HUB_AURORA,washed,2670-03-14 00:00:00
JUG_00513,STR_0024,purchased,2670-04-06 00:00:00
JUG_00513,STR_0024,returned_to_store,2670-06-18 00:00:00
JUG_00513,HUB_AURORA,washed,2670-06-23 00:00:00
JUG_00513,STR_0032,purchased,2670-07-22 00:00:00
JUG_00513,STR_0032,returned_to_store,2670-10-02 00:00:00
JUG_00513,HUB_AURORA,washed,2670-10-04 00:00:00
JUG_00513,STR_0024,purchased,2670-10-13 00:00:00
JUG_00513,STR_0024,returned_to_store,2670-12-27 00:00:00
JUG_00513,HUB_AURORA,washed,2670-12-30 00:00:00
JUG_00513,STR_0008,purchased,2671-01-06 00:00:00
JUG_00513,STR_0008,returned_to_store,2671-03-20 00:00:00
JUG_00513,HUB_AURORA,washed,2671-03-24 00:00:00
JUG_00513,STR_0021,purchased,2671-04-02 00:00:00
JUG_00513,STR_0021,returned_to_store,2671-06-27 00:00:00
JUG_00513,HUB_AURORA,washed,2671-07-02 00:00:00
JUG_00513,STR_0018,purchased,2671-07-12 00:00:00
JUG_00513,UNKNOWN,lost_to_leakage,2671-09-04 00:00:00
JUG_00514,STR_0041,purchased,2671-09-18 00:00:00
JUG_00514,STR_0041,returned_to_store,2671-11-25 00:00:00
JUG_00514,HUB_AURORA,washed,2671-11-27 00:00:00
JUG_00514,STR_0028,purchased,2671-12-25 00:00:00
JUG_00514,STR_0028,returned_to_store,2672-03-19 00:00:00
JUG_00514,HUB_AURORA,washed,2672-03-24 00:00:00
JUG_00514,STR_0026,purchased,2672-04-05 00:00:00
JUG_00514,STR_0026,returned_to_store,2672-07-15 00:00:00
JUG_00514,HUB_AURORA,washed,2672-07-19 00:00:00
JUG_00514,STR_0002,purchased,2672-08-08 00:00:00
JUG_00514,UNKNOWN,lost_to_leakage,2672-10-23 00:00:00
JUG_00515,STR_0020,purchased,2672-11-09 00:00:00
JUG_00515,STR_0020,returned_to_store,2673-01-29 00:00:00
JUG_00515,HUB_AURORA,washed,2673-01-31 00:00:00
JUG_00515,STR_0029,purchased,2673-02-11 00:00:00
JUG_00515,UNKNOWN,lost_to_leakage,2673-04-20 00:00:00
JUG_00516,STR_0026,purchased,2673-05-01 00:00:00
JUG_00516,STR_0026,returned_to_store,2673-07-02 00:00:00
JUG_00516,HUB_AURORA,washed,2673-07-07 00:00:00
JUG_00516,STR_0009,purchased,2673-07-30 00:00:00
JUG_00516,STR_0009,returned_to_store,2673-10-17 00:00:00
JUG_00516,HUB_AURORA,washed,2673-10-21 00:00:00
JUG_00516,STR_0016,purchased,2673-11-13 00:00:00
JUG_00516,STR_0016,returned_to_store,2674-01-16 00:00:00
JUG_00516,HUB_AURORA,washed,2674-01-19 00:00:00
JUG_00516,STR_0042,purchased,2674-01-28 00:00:00
JUG_00516,STR_0042,returned_to_store,2674-05-04 00:00:00
JUG_00516,HUB_AURORA,washed,2674-05-08 00:00:00
JUG_00516,STR_0035,purchased,2674-06-01 00:00:00
JUG_00516,UNKNOWN,lost_to_leakage,2674-07-31 00:00:00
JUG_00517,STR_0002,purchased,2674-08-27 00:00:00
JUG_00517,STR_0002,returned_to_store,2674-11-04 00:00:00
JUG_00517,HUB_AURORA,washed,2674-11-06 00:00:00
JUG_00517,STR_0011,purchased,2674-11-14 00:00:00
JUG_00517,STR_0011,returned_to_store,2675-02-07 00:00:00
JUG_00517,HUB_AURORA,washed,2675-02-12 00:00:00
JUG_00517,STR_0026,purchased,2675-03-05 00:00:00
JUG_00517,STR_0026,returned_to_store,2675-05-12 00:00:00
JUG_00517,HUB_AURORA,washed,2675-05-14 00:00:00
JUG_00517,STR_0033,purchased,2675-06-09 00:00:00
JUG_00517,STR_0033,returned_to_store,2675-09-06 00:00:00
JUG_00517,HUB_AURORA,washed,2675-09-11 00:00:00
JUG_00517,STR_0012,purchased,2675-09-18 00:00:00
JUG_00517,STR_0012,returned_to_store,2675-12-04 00:00:00
JUG_00517,HUB_AURORA,washed,2675-12-09 00:00:00
JUG_00517,STR_0031,purchased,2675-12-16 00:00:00
JUG_00517,STR_0031,returned_to_store,2676-03-02 00:00:00
JUG_00517,HUB_AURORA,washed,2676-03-07 00:00:00
JUG_00517,STR_0040,purchased,2676-03-22 00:00:00
JUG_00517,STR_0040,returned_to_store,2676-06-12 00:00:00
JUG_00517,HUB_AURORA,washed,2676-06-16 00:00:00
JUG_00517,STR_0046,purchased,2676-07-12 00:00:00
JUG_00517,STR_0046,returned_to_store,2676-09-26 00:00:00
JUG_00517,HUB_AURORA,washed,2676-09-30 00:00:00
JUG_00517,STR_0039,purchased,2676-10-10 00:00:00
JUG_00517,STR_0039,returned_to_store,2677-01-07 00:00:00
JUG_00517,HUB_AURORA,washed,2677-01-11 00:00:00
JUG_00518,STR_0021,purchased,2677-02-04 00:00:00
JUG_00518,STR_0021,returned_to_store,2677-04-10 00:00:00
JUG_00518,HUB_AURORA,washed,2677-04-13 00:00:00
JUG_00518,STR_0047,purchased,2677-04-26 00:00:00
JUG_00518,STR_0047,returned_to_store,2677-07-24 00:00:00
JUG_00518,HUB_AURORA,washed,2677-07-27 00:00:00
JUG_00518,STR_0005,purchased,2677-08-16 00:00:00
JUG_00518,STR_0005,returned_to_store,2677-10-27 00:00:00
JUG_00518,HUB_AURORA,washed,2677-10-29 00:00:00
JUG_00518,STR_0006,purchased,2677-11-09 00:00:00
JUG_00518,STR_0006,returned_to_store,2678-01-12 00:00:00
JUG_00518,HUB_AURORA,washed,2678-01-14 00:00:00
JUG_00518,STR_0041,purchased,2678-01-31 00:00:00
JUG_00518,STR_0041,returned_to_store,2678-04-12 00:00:00
JUG_00518,HUB_AURORA,washed,2678-04-15 00:00:00
JUG_00518,STR_0026,purchased,2678-05-01 00:00:00
JUG_00518,STR_0026,returned_to_store,2678-07-08 00:00:00
JUG_00518,HUB_AURORA,washed,2678-07-13 00:00:00
JUG_00518,STR_0018,purchased,2678-07-26 00:00:00
JUG_00518,STR_0018,returned_to_store,2678-09-18 00:00:00
JUG_00518,HUB_AURORA,washed,2678-09-23 00:00:00
JUG_00519,STR_0031,purchased,2678-10-08 00:00:00
JUG_00519,STR_0031,returned_to_store,2678-12-25 00:00:00
JUG_00519,HUB_AURORA,washed,2678-12-28 00:00:00
JUG_00519,STR_0013,purchased,2679-01-26 00:00:00
JUG_00519,STR_0013,returned_to_store,2679-04-13 00:00:00
JUG_00519,HUB_AURORA,washed,2679-04-17 00:00:00
JUG_00519,STR_0027,purchased,2679-05-03 00:00:00
JUG_00519,STR_0027,returned_to_store,2679-07-18 00:00:00
JUG_00519,HUB_AURORA,washed,2679-07-21 00:00:00
JUG_00519,STR_0006,purchased,2679-07-28 00:00:00
JUG_00519,STR_0006,returned_to_store,2679-10-25 00:00:00
JUG_00519,HUB_AURORA,washed,2679-10-30 00:00:00
JUG_00519,STR_0012,purchased,2679-11-17 00:00:00
JUG_00519,STR_0012,returned_to_store,2680-01-21 00:00:00
JUG_00519,HUB_AURORA,washed,2680-01-25 00:00:00
JUG_00519,STR_0016,purchased,2680-02-23 00:00:00
JUG_00519,STR_0016,returned_to_store,2680-04-29 00:00:00
JUG_00519,HUB_AURORA,washed,2680-05-01 00:00:00
JUG_00519,STR_0020,purchased,2680-05-17 00:00:00
JUG_00519,STR_0020,returned_to_store,2680-07-15 00:00:00
JUG_00519,HUB_AURORA,washed,2680-07-17 00:00:00
JUG_00520,STR_0033,purchased,2680-07-26 00:00:00
JUG_00520,STR_0033,returned_to_store,2680-09-22 00:00:00
JUG_00520,HUB_AURORA,washed,2680-09-24 00:00:00
JUG_00520,STR_0032,purchased,2680-10-10 00:00:00
JUG_00520,STR_0032,returned_to_store,2681-01-18 00:00:00
JUG_00520,HUB_AURORA,washed,2681-01-22 00:00:00
JUG_00520,STR_0029,purchased,2681-02-19 00:00:00
JUG_00520,STR_0029,returned_to_store,2681-06-01 00:00:00
JUG_00520,HUB_AURORA,washed,2681-06-04 00:00:00
JUG_00521,STR_0015,purchased,2681-06-29 00:00:00
JUG_00521,STR_0015,returned_to_store,2681-08-22 00:00:00
JUG_00521,HUB_AURORA,washed,2681-08-26 00:00:00
JUG_00521,STR_0044,purchased,2681-09-19 00:00:00
JUG_00521,STR_0044,returned_to_store,2681-11-29 00:00:00
JUG_00521,HUB_AURORA,washed,2681-12-04 00:00:00
JUG_00521,STR_0038,purchased,2681-12-24 00:00:00
JUG_00521,UNKNOWN,lost_to_leakage,2682-03-14 00:00:00
JUG_00522,STR_0004,purchased,2682-04-11 00:00:00
JUG_00522,STR_0004,returned_to_store,2682-06-07 00:00:00
JUG_00522,HUB_AURORA,washed,2682-06-10 00:00:00
JUG_00522,STR_0049,purchased,2682-07-04 00:00:00
JUG_00522,STR_0049,returned_to_store,2682-09-12 00:00:00
JUG_00522,HUB_AURORA,washed,2682-09-16 00:00:00
JUG_00522,STR_0041,purchased,2682-10-03 00:00:00
JUG_00522,UNKNOWN,lost_to_leakage,2682-12-17 00:00:00
JUG_00523,STR_0005,purchased,2682-12-25 00:00:00
JUG_00523,STR_0005,returned_to_store,2683-04-01 00:00:00
JUG_00523,HUB_AURORA,washed,2683-04-06 00:00:00
JUG_00523,STR_0013,purchased,2683-04-28 00:00:00
JUG_00523,STR_0013,returned_to_store,2683-07-15 00:00:00
JUG_00523,HUB_AURORA,washed,2683-07-18 00:00:00
JUG_00523,STR_0018,purchased,2683-07-26 00:00:00
JUG_00523,STR_0018,returned_to_store,2683-11-04 00:00:00
JUG_00523,HUB_AURORA,washed,2683-11-07 00:00:00
JUG_00523,STR_0045,purchased,2683-11-16 00:00:00
JUG_00523,STR_0045,returned_to_store,2684-02-20 00:00:00
JUG_00523,HUB_AURORA,washed,2684-02-22 00:00:00
JUG_00523,STR_0025,purchased,2684-03-18 00:00:00
JUG_00523,STR_0025,returned_to_store,2684-06-11 00:00:00
JUG_00523,HUB_AURORA,washed,2684-06-16 00:00:00
JUG_00523,STR_0036,purchased,2684-07-13 00:00:00
JUG_00523,STR_0036,returned_to_store,2684-09-09 00:00:00
JUG_00523,HUB_AURORA,washed,2684-09-11 00:00:00
JUG_00523,STR_0039,purchased,2684-09-23 00:00:00
JUG_00523,STR_0039,returned_to_store,2684-11-23 00:00:00
JUG_00523,HUB_AURORA,washed,2684-11-25 00:00:00
JUG_00523,STR_0011,purchased,2684-12-16 00:00:00
JUG_00523,STR_0011,returned_to_store,2685-02-24 00:00:00
JUG_00523,HUB_AURORA,washed,2685-02-27 00:00:00
JUG_00523,STR_0018,purchased,2685-03-23 00:00:00
JUG_00523,UNKNOWN,lost_to_leakage,2685-05-17 00:00:00
JUG_00524,STR_0002,purchased,2685-06-11 00:00:00
JUG_00524,STR_0002,returned_to_store,2685-08-19 00:00:00
JUG_00524,HUB_AURORA,washed,2685-08-22 00:00:00
JUG_00524,STR_0014,purchased,2685-09-14 00:00:00
JUG_00524,STR_0014,returned_to_store,2685-11-14 00:00:00
JUG_00524,HUB_AURORA,washed,2685-11-16 00:00:00
JUG_00524,STR_0028,purchased,2685-11-25 00:00:00
JUG_00524,UNKNOWN,lost_to_leakage,2686-01-22 00:00:00
JUG_00525,STR_0034,purchased,2686-02-04 00:00:00
JUG_00525,STR_0034,returned_to_store,2686-05-04 00:00:00
JUG_00525,HUB_AURORA,washed,2686-05-08 00:00:00
JUG_00525,STR_0024,purchased,2686-05-17 00:00:00
JUG_00525,STR_0024,returned_to_store,2686-08-02 00:00:00
JUG_00525,HUB_AURORA,washed,2686-08-04 00:00:00
JUG_00525,STR_0027,purchased,2686-08-17 00:00:00
JUG_00525,STR_0027,returned_to_store,2686-11-11 00:00:00
JUG_00525,HUB_AURORA,washed,2686-11-14 00:00:00
JUG_00525,STR_0035,purchased,2686-12-14 00:00:00
JUG_00525,STR_0035,returned_to_store,2687-03-16 00:00:00
JUG_00525,HUB_AURORA,washed,2687-03-21 00:00:00
JUG_00525,STR_0004,purchased,2687-04-18 00:00:00
JUG_00525,STR_0004,returned_to_store,2687-06-27 00:00:00
JUG_00525,HUB_AURORA,washed,2687-06-30 00:00:00
JUG_00525,STR_0027,purchased,2687-07-22 00:00:00
JUG_00525,UNKNOWN,lost_to_leakage,2687-09-24 00:00:00
JUG_00526,STR_0030,purchased,2687-10-23 00:00:00
JUG_00526,STR_0030,returned_to_store,2688-01-10 00:00:00
JUG_00526,HUB_AURORA,washed,2688-01-15 00:00:00
JUG_00526,STR_0011,purchased,2688-02-06 00:00:00
JUG_00526,STR_0011,returned_to_store,2688-04-25 00:00:00
JUG_00526,HUB_AURORA,washed,2688-04-27 00:00:00
JUG_00526,STR_0011,purchased,2688-05-27 00:00:00
JUG_00526,STR_0011,returned_to_store,2688-07-24 00:00:00
JUG_00526,HUB_AURORA,washed,2688-07-26 00:00:00
JUG_00526,STR_0030,purchased,2688-08-02 00:00:00
JUG_00526,STR_0030,returned_to_store,2688-10-23 00:00:00
JUG_00526,HUB_AURORA,washed,2688-10-26 00:00:00
JUG_00527,STR_0000,purchased,2688-11-20 00:00:00
JUG_00527,STR_0000,returned_to_store,2689-01-26 00:00:00
JUG_00527,HUB_AURORA,washed,2689-01-30 00:00:00
JUG_00527,STR_0006,purchased,2689-02-07 00:00:00
JUG_00527,STR_0006,returned_to_store,2689-04-17 00:00:00
JUG_00527,HUB_AURORA,washed,2689-04-19 00:00:00
JUG_00527,STR_0010,purchased,2689-05-06 00:00:00
JUG_00527,STR_0010,returned_to_store,2689-08-01 00:00:00
JUG_00527,HUB_AURORA,washed,2689-08-05 00:00:00
JUG_00527,STR_0013,purchased,2689-08-29 00:00:00
JUG_00527,UNKNOWN,lost_to_leakage,2689-11-16 00:00:00
JUG_00528,STR_0043,purchased,2689-12-16 00:00:00
JUG_00528,UNKNOWN,lost_to_leakage,2690-03-01 00:00:00
JUG_00529,STR_0033,purchased,2690-03-23 00:00:00
JUG_00529,STR_0033,returned_to_store,2690-06-22 00:00:00
JUG_00529,HUB_AURORA,washed,2690-06-26 00:00:00
JUG_00529,STR_0046,purchased,2690-07-14 00:00:00
JUG_00529,STR_0046,returned_to_store,2690-09-15 00:00:00
JUG_00529,HUB_AURORA,washed,2690-09-17 00:00:00
JUG_00529,STR_0009,purchased,2690-10-03 00:00:00
JUG_00529,STR_0009,returned_to_store,2690-12-24 00:00:00
JUG_00529,HUB_AURORA,washed,2690-12-26 00:00:00
JUG_00529,STR_0006,purchased,2691-01-17 00:00:00
JUG_00529,STR_0006,returned_to_store,2691-03-11 00:00:00
JUG_00529,HUB_AURORA,washed,2691-03-14 00:00:00
JUG_00529,STR_0009,purchased,2691-03-22 00:00:00
JUG_00529,STR_0009,returned_to_store,2691-06-17 00:00:00
JUG_00529,HUB_AURORA,washed,2691-06-19 00:00:00
JUG_00529,STR_0028,purchased,2691-06-29 00:00:00
JUG_00529,UNKNOWN,lost_to_leakage,2691-09-13 00:00:00
JUG_00530,STR_0024,purchased,2691-09-21 00:00:00
JUG_00530,STR_0024,returned_to_store,2691-11-27 00:00:00
JUG_00530,HUB_AURORA,washed,2691-11-29 00:00:00
JUG_00530,STR_0014,purchased,2691-12-18 00:00:00
JUG_00530,STR_0014,returned_to_store,2692-03-03 00:00:00
JUG_00530,HUB_AURORA,washed,2692-03-08 00:00:00
JUG_00530,STR_0026,purchased,2692-04-05 00:00:00
JUG_00530,UNKNOWN,lost_to_leakage,2692-06-24 00:00:00
JUG_00531,STR_0006,purchased,2692-07-08 00:00:00
JUG_00531,STR_0006,returned_to_store,2692-09-28 00:00:00
JUG_00531,HUB_AURORA,washed,2692-10-03 00:00:00
JUG_00531,STR_0025,purchased,2692-10-24 00:00:00
JUG_00531,STR_0025,returned_to_store,2692-12-20 00:00:00
JUG_00531,HUB_AURORA,washed,2692-12-23 00:00:00
JUG_00531,STR_0041,purchased,2693-01-19 00:00:00
JUG_00531,STR_0041,returned_to_store,2693-04-23 00:00:00
JUG_00531,HUB_AURORA,washed,2693-04-25 00:00:00
JUG_00531,STR_0036,purchased,2693-05-21 00:00:00
JUG_00531,STR_0036,returned_to_store,2693-08-04 00:00:00
JUG_00531,HUB_AURORA,washed,2693-08-06 00:00:00
JUG_00531,STR_0012,purchased,2693-08-17 00:00:00
JUG_00531,STR_0012,returned_to_store,2693-10-29 00:00:00
JUG_00531,HUB_AURORA,washed,2693-11-02 00:00:00
JUG_00531,STR_0007,purchased,2693-11-10 00:00:00
JUG_00531,STR_0007,returned_to_store,2694-01-22 00:00:00
JUG_00531,HUB_AURORA,washed,2694-01-27 00:00:00
JUG_00531,STR_0010,purchased,2694-02-14 00:00:00
JUG_00531,STR_0010,returned_to_store,2694-05-08 00:00:00
JUG_00531,HUB_AURORA,washed,2694-05-12 00:00:00
JUG_00531,STR_0009,purchased,2694-05-26 00:00:00
JUG_00531,STR_0009,returned_to_store,2694-08-09 00:00:00
JUG_00531,HUB_AURORA,washed,2694-08-11 00:00:00
JUG_00531,STR_0009,purchased,2694-08-27 00:00:00
JUG_00531,UNKNOWN,lost_to_leakage,2694-11-20 00:00:00
JUG_00532,STR_0047,purchased,2694-12-16 00:00:00
JUG_00532,STR_0047,returned_to_store,2695-03-08 00:00:00
JUG_00532,HUB_AURORA,washed,2695-03-12 00:00:00
JUG_00532,STR_0042,purchased,2695-04-05 00:00:00
JUG_00532,STR_0042,returned_to_store,2695-06-13 00:00:00
JUG_00532,HUB_AURORA,washed,2695-06-16 00:00:00
JUG_00532,STR_0027,purchased,2695-06-28 00:00:00
JUG_00532,STR_0027,returned_to_store,2695-09-19 00:00:00
JUG_00532,HUB_AURORA,washed,2695-09-23 00:00:00
JUG_00532,STR_0040,purchased,2695-10-17 00:00:00
JUG_00532,UNKNOWN,lost_to_leakage,2696-01-16 00:00:00
JUG_00533,STR_0046,purchased,2696-02-08 00:00:00
JUG_00533,STR_0046,returned_to_store,2696-05-04 00:00:00
JUG_00533,HUB_AURORA,washed,2696-05-09 00:00:00
JUG_00533,STR_0023,purchased,2696-05-26 00:00:00
JUG_00533,STR_0023,returned_to_store,2696-08-25 00:00:00
JUG_00533,HUB_AURORA,washed,2696-08-30 00:00:00
JUG_00533,STR_0044,purchased,2696-09-08 00:00:00
JUG_00533,STR_0044,returned_to_store,2696-11-17 00:00:00
JUG_00533,HUB_AURORA,washed,2696-11-21 00:00:00
JUG_00533,STR_0012,purchased,2696-12-12 00:00:00
JUG_00533,STR_0012,returned_to_store,2697-03-12 00:00:00
JUG_00533,HUB_AURORA,washed,2697-03-15 00:00:00
JUG_00533,STR_0002,purchased,2697-04-14 00:00:00
JUG_00533,STR_0002,returned_to_store,2697-06-08 00:00:00
JUG_00533,HUB_AURORA,washed,2697-06-11 00:00:00
JUG_00533,STR_0025,purchased,2697-07-07 00:00:00
JUG_00533,STR_0025,returned_to_store,2697-09-08 00:00:00
JUG_00533,HUB_AURORA,washed,2697-09-11 00:00:00
JUG_00533,STR_0045,purchased,2697-10-02 00:00:00
JUG_00533,STR_0045,returned_to_store,2697-12-01 00:00:00
JUG_00533,HUB_AURORA,washed,2697-12-05 00:00:00
JUG_00533,STR_0027,purchased,2697-12-29 00:00:00
JUG_00533,STR_0027,returned_to_store,2698-02-19 00:00:00
JUG_00533,HUB_AURORA,washed,2698-02-23 00:00:00
JUG_00533,STR_0020,purchased,2698-03-11 00:00:00
JUG_00533,STR_0020,returned_to_store,2698-06-07 00:00:00
JUG_00533,HUB_AURORA,washed,2698-06-12 00:00:00
JUG_00533,STR_0046,purchased,2698-06-29 00:00:00
JUG_00533,STR_0046,returned_to_store,2698-09-03 00:00:00
JUG_00533,HUB_AURORA,washed,2698-09-06 00:00:00
JUG_00534,STR_0013,purchased,2698-09-14 00:00:00
JUG_00534,STR_0013,returned_to_store,2698-12-11 00:00:00
JUG_00534,HUB_AURORA,washed,2698-12-13 00:00:00
JUG_00534,STR_0022,purchased,2699-01-03 00:00:00
JUG_00534,STR_0022,returned_to_store,2699-04-10 00:00:00
JUG_00534,HUB_AURORA,washed,2699-04-13 00:00:00
JUG_00534,STR_0023,purchased,2699-04-22 00:00:00
JUG_00534,STR_0023,returned_to_store,2699-06-30 00:00:00
JUG_00534,HUB_AURORA,washed,2699-07-05 00:00:00
JUG_00535,STR_0028,purchased,2699-07-12 00:00:00
JUG_00535,STR_0028,returned_to_store,2699-09-26 00:00:00
JUG_00535,HUB_AURORA,washed,2699-09-29 00:00:00
JUG_00535,STR_0008,purchased,2699-10-19 00:00:00
JUG_00535,STR_0008,returned_to_store,2699-12-13 00:00:00
JUG_00535,HUB_AURORA,washed,2699-12-16 00:00:00
JUG_00535,STR_0028,purchased,2699-12-30 00:00:00
JUG_00535,STR_0028,returned_to_store,2700-03-03 00:00:00
JUG_00535,HUB_AURORA,washed,2700-03-08 00:00:00
JUG_00536,STR_0001,purchased,2700-03-21 00:00:00
JUG_00536,STR_0001,returned_to_store,2700-06-13 00:00:00
JUG_00536,HUB_AURORA,washed,2700-06-17 00:00:00
JUG_00536,STR_0022,purchased,2700-07-06 00:00:00
JUG_00536,STR_0022,returned_to_store,2700-09-07 00:00:00
JUG_00536,HUB_AURORA,washed,2700-09-10 00:00:00
JUG_00536,STR_0009,purchased,2700-10-04 00:00:00
JUG_00536,STR_0009,returned_to_store,2700-12-02 00:00:00
JUG_00536,HUB_AURORA,washed,2700-12-05 00:00:00
JUG_00536,STR_0011,purchased,2700-12-24 00:00:00
JUG_00536,STR_0011,returned_to_store,2701-02-22 00:00:00
JUG_00536,HUB_AURORA,washed,2701-02-25 00:00:00
JUG_00536,STR_0002,purchased,2701-03-08 00:00:00
JUG_00536,STR_0002,returned_to_store,2701-05-09 00:00:00
JUG_00536,HUB_AURORA,washed,2701-05-12 00:00:00
JUG_00536,STR_0028,purchased,2701-06-09 00:00:00
JUG_00536,STR_0028,returned_to_store,2701-08-18 00:00:00
JUG_00536,HUB_AURORA,washed,2701-08-23 00:00:00
JUG_00537,STR_0001,purchased,2701-09-01 00:00:00
JUG_00537,STR_0001,returned_to_store,2701-11-22 00:00:00
JUG_00537,HUB_AURORA,washed,2701-11-27 00:00:00
JUG_00537,STR_0029,purchased,2701-12-08 00:00:00
JUG_00537,STR_0029,returned_to_store,2702-02-17 00:00:00
JUG_00537,HUB_AURORA,washed,2702-02-20 00:00:00
JUG_00537,STR_0041,purchased,2702-03-04 00:00:00
JUG_00537,STR_0041,returned_to_store,2702-05-03 00:00:00
JUG_00537,HUB_AURORA,washed,2702-05-05 00:00:00
JUG_00537,STR_0006,purchased,2702-05-29 00:00:00
JUG_00537,STR_0006,returned_to_store,2702-08-30 00:00:00
JUG_00537,HUB_AURORA,washed,2702-09-03 00:00:00
JUG_00537,STR_0002,purchased,2702-09-30 00:00:00
JUG_00537,UNKNOWN,lost_to_leakage,2702-11-23 00:00:00
JUG_00538,STR_0026,purchased,2702-11-30 00:00:00
JUG_00538,STR_0026,returned_to_store,2703-01-19 00:00:00
JUG_00538,HUB_AURORA,washed,2703-01-23 00:00:00
JUG_00538,STR_0011,purchased,2703-02-16 00:00:00
JUG_00538,STR_0011,returned_to_store,2703-05-11 00:00:00
JUG_00538,HUB_AURORA,washed,2703-05-15 00:00:00
JUG_00538,STR_0038,purchased,2703-05-30 00:00:00
JUG_00538,UNKNOWN,lost_to_leakage,2703-09-01 00:00:00
JUG_00539,STR_0035,purchased,2703-09-27 00:00:00
JUG_00539,STR_0035,returned_to_store,2703-11-25 00:00:00
JUG_00539,HUB_AURORA,washed,2703-11-28 00:00:00
JUG_00539,STR_0030,purchased,2703-12-11 00:00:00
JUG_00539,STR_0030,returned_to_store,2704-02-20 00:00:00
JUG_00539,HUB_AURORA,washed,2704-02-22 00:00:00
JUG_00539,STR_0030,purchased,2704-03-11 00:00:00
JUG_00539,STR_0030,returned_to_store,2704-06-20 00:00:00
JUG_00539,HUB_AURORA,washed,2704-06-25 00:00:00
JUG_00539,STR_0038,purchased,2704-07-09 00:00:00
JUG_00539,STR_0038,returned_to_store,2704-09-27 00:00:00
JUG_00539,HUB_AURORA,washed,2704-10-01 00:00:00
JUG_00539,STR_0031,purchased,2704-10-12 00:00:00
JUG_00539,STR_0031,returned_to_store,2704-12-19 00:00:00
JUG_00539,HUB_AURORA,washed,2704-12-24 00:00:00
JUG_00539,STR_0007,purchased,2705-01-06 00:00:00
JUG_00539,STR_0007,returned_to_store,2705-04-06 00:00:00
JUG_00539,HUB_AURORA,washed,2705-04-11 00:00:00
JUG_00539,STR_0040,purchased,2705-05-09 00:00:00
JUG_00539,STR_0040,returned_to_store,2705-07-21 00:00:00
JUG_00539,HUB_AURORA,washed,2705-07-24 00:00:00
JUG_00539,STR_0026,purchased,2705-08-12 00:00:00
JUG_00539,STR_0026,returned_to_store,2705-10-12 00:00:00
JUG_00539,HUB_AURORA,washed,2705-10-16 00:00:00
JUG_00540,STR_0033,purchased,2705-11-07 00:00:00
JUG_00540,STR_0033,returned_to_store,2706-01-02 00:00:00
JUG_00540,HUB_AURORA,washed,2706-01-07 00:00:00
JUG_00540,STR_0005,purchased,2706-01-18 00:00:00
JUG_00540,STR_0005,returned_to_store,2706-03-26 00:00:00
JUG_00540,HUB_AURORA,washed,2706-03-31 00:00:00
JUG_00540,STR_0042,purchased,2706-04-28 00:00:00
JUG_00540,STR_0042,returned_to_store,2706-06-18 00:00:00
JUG_00540,HUB_AURORA,washed,2706-06-23 00:00:00
JUG_00541,STR_0004,purchased,2706-07-19 00:00:00
JUG_00541,STR_0004,returned_to_store,2706-10-28 00:00:00
JUG_00541,HUB_AURORA,washed,2706-11-01 00:00:00
JUG_00541,STR_0033,purchased,2706-11-30 00:00:00
JUG_00541,STR_0033,returned_to_store,2707-02-01 00:00:00
JUG_00541,HUB_AURORA,washed,2707-02-04 00:00:00
JUG_00541,STR_0009,purchased,2707-03-06 00:00:00
JUG_00541,STR_0009,returned_to_store,2707-05-12 00:00:00
JUG_00541,HUB_AURORA,washed,2707-05-17 00:00:00
JUG_00541,STR_0016,purchased,2707-05-27 00:00:00
JUG_00541,STR_0016,returned_to_store,2707-08-11 00:00:00
JUG_00541,HUB_AURORA,washed,2707-08-15 00:00:00
JUG_00541,STR_0016,purchased,2707-09-14 00:00:00
JUG_00541,STR_0016,returned_to_store,2707-11-14 00:00:00
JUG_00541,HUB_AURORA,washed,2707-11-16 00:00:00
JUG_00542,STR_0002,purchased,2707-12-16 00:00:00
JUG_00542,STR_0002,returned_to_store,2708-03-21 00:00:00
JUG_00542,HUB_AURORA,washed,2708-03-25 00:00:00
JUG_00542,STR_0010,purchased,2708-04-04 00:00:00
JUG_00542,STR_0010,returned_to_store,2708-06-16 00:00:00
JUG_00542,HUB_AURORA,washed,2708-06-21 00:00:00
JUG_00542,STR_0015,purchased,2708-07-05 00:00:00
JUG_00542,UNKNOWN,lost_to_leakage,2708-09-30 00:00:00
JUG_00543,STR_0037,purchased,2708-10-08 00:00:00
JUG_00543,STR_0037,returned_to_store,2708-12-04 00:00:00
JUG_00543,HUB_AURORA,washed,2708-12-07 00:00:00
JUG_00543,STR_0045,purchased,2708-12-26 00:00:00
JUG_00543,STR_0045,returned_to_store,2709-03-05 00:00:00
JUG_00543,HUB_AURORA,washed,2709-03-10 00:00:00
JUG_00543,STR_0016,purchased,2709-04-06 00:00:00
JUG_00543,STR_0016,returned_to_store,2709-06-14 00:00:00
JUG_00543,HUB_AURORA,washed,2709-06-16 00:00:00
JUG_00543,STR_0042,purchased,2709-07-04 00:00:00
JUG_00543,STR_0042,returned_to_store,2709-08-30 00:00:00
JUG_00543,HUB_AURORA,washed,2709-09-02 00:00:00
JUG_00543,STR_0009,purchased,2709-10-02 00:00:00
JUG_00543,STR_0009,returned_to_store,2709-12-02 00:00:00
JUG_00543,HUB_AURORA,washed,2709-12-04 00:00:00
JUG_00543,STR_0015,purchased,2709-12-27 00:00:00
JUG_00543,STR_0015,returned_to_store,2710-03-01 00:00:00
JUG_00543,HUB_AURORA,washed,2710-03-06 00:00:00
JUG_00543,STR_0008,purchased,2710-03-15 00:00:00
JUG_00543,STR_0008,returned_to_store,2710-06-01 00:00:00
JUG_00543,HUB_AURORA,washed,2710-06-05 00:00:00
JUG_00543,STR_0029,purchased,2710-06-30 00:00:00
JUG_00543,STR_0029,returned_to_store,2710-09-01 00:00:00
JUG_00543,HUB_AURORA,washed,2710-09-05 00:00:00
JUG_00544,STR_0016,purchased,2710-09-15 00:00:00
JUG_00544,STR_0016,returned_to_store,2710-11-17 00:00:00
JUG_00544,HUB_AURORA,washed,2710-11-21 00:00:00
JUG_00544,STR_0016,purchased,2710-12-15 00:00:00
JUG_00544,STR_0016,returned_to_store,2711-02-24 00:00:00
JUG_00544,HUB_AURORA,washed,2711-02-26 00:00:00
JUG_00544,STR_0033,purchased,2711-03-16 00:00:00
JUG_00544,STR_0033,returned_to_store,2711-06-24 00:00:00
JUG_00544,HUB_AURORA,washed,2711-06-26 00:00:00
JUG_00544,STR_0029,purchased,2711-07-20 00:00:00
JUG_00544,STR_0029,returned_to_store,2711-10-12 00:00:00
JUG_00544,HUB_AURORA,washed,2711-10-17 00:00:00
JUG_00544,STR_0045,purchased,2711-11-13 00:00:00
JUG_00544,STR_0045,returned_to_store,2712-01-26 00:00:00
JUG_00544,HUB_AURORA,washed,2712-01-29 00:00:00
JUG_00544,STR_0016,purchased,2712-02-15 00:00:00
JUG_00544,STR_0016,returned_to_store,2712-04-16 00:00:00
JUG_00544,HUB_AURORA,washed,2712-04-19 00:00:00
JUG_00544,STR_0047,purchased,2712-05-01 00:00:00
JUG_00544,STR_0047,returned_to_store,2712-06-30 00:00:00
JUG_00544,HUB_AURORA,washed,2712-07-02 00:00:00
JUG_00544,STR_0008,purchased,2712-07-11 00:00:00
JUG_00544,STR_0008,returned_to_store,2712-10-01 00:00:00
JUG_00544,HUB_AURORA,washed,2712-10-06 00:00:00
JUG_00544,STR_0024,purchased,2712-10-13 00:00:00
JUG_00544,STR_0024,returned_to_store,2713-01-06 00:00:00
JUG_00544,HUB_AURORA,washed,2713-01-08 00:00:00
JUG_00545,STR_0005,purchased,2713-01-30 00:00:00
JUG_00545,STR_0005,returned_to_store,2713-04-18 00:00:00
JUG_00545,HUB_AURORA,washed,2713-04-23 00:00:00
JUG_00545,STR_0039,purchased,2713-05-12 00:00:00
JUG_00545,STR_0039,returned_to_store,2713-08-09 00:00:00
JUG_00545,HUB_AURORA,washed,2713-08-14 00:00:00
JUG_00545,STR_0022,purchased,2713-08-23 00:00:00
JUG_00545,STR_0022,returned_to_store,2713-11-11 00:00:00
JUG_00545,HUB_AURORA,washed,2713-11-16 00:00:00
JUG_00545,STR_0049,purchased,2713-12-05 00:00:00
JUG_00545,STR_0049,returned_to_store,2714-01-26 00:00:00
JUG_00545,HUB_AURORA,washed,2714-01-28 00:00:00
JUG_00545,STR_0016,purchased,2714-02-10 00:00:00
JUG_00545,STR_0016,returned_to_store,2714-04-02 00:00:00
JUG_00545,HUB_AURORA,washed,2714-04-06 00:00:00
JUG_00546,STR_0000,purchased,2714-04-17 00:00:00
JUG_00546,STR_0000,returned_to_store,2714-07-05 00:00:00
JUG_00546,HUB_AURORA,washed,2714-07-07 00:00:00
JUG_00546,STR_0028,purchased,2714-07-19 00:00:00
JUG_00546,UNKNOWN,lost_to_leakage,2714-09-19 00:00:00
JUG_00547,STR_0026,purchased,2714-10-01 00:00:00
JUG_00547,STR_0026,returned_to_store,2714-12-14 00:00:00
JUG_00547,HUB_AURORA,washed,2714-12-16 00:00:00
JUG_00547,STR_0009,purchased,2715-01-06 00:00:00
JUG_00547,STR_0009,returned_to_store,2715-03-23 00:00:00
JUG_00547,HUB_AURORA,washed,2715-03-28 00:00:00
JUG_00547,STR_0038,purchased,2715-04-09 00:00:00
JUG_00547,STR_0038,returned_to_store,2715-07-02 00:00:00
JUG_00547,HUB_AURORA,washed,2715-07-05 00:00:00
JUG_00547,STR_0020,purchased,2715-07-30 00:00:00
JUG_00547,STR_0020,returned_to_store,2715-10-23 00:00:00
JUG_00547,HUB_AURORA,washed,2715-10-25 00:00:00
JUG_00547,STR_0036,purchased,2715-11-20 00:00:00
JUG_00547,STR_0036,returned_to_store,2716-02-01 00:00:00
JUG_00547,HUB_AURORA,washed,2716-02-06 00:00:00
JUG_00547,STR_0048,purchased,2716-02-22 00:00:00
JUG_00547,STR_0048,returned_to_store,2716-05-02 00:00:00
JUG_00547,HUB_AURORA,washed,2716-05-04 00:00:00
JUG_00547,STR_0043,purchased,2716-05-26 00:00:00
JUG_00547,STR_0043,returned_to_store,2716-08-28 00:00:00
JUG_00547,HUB_AURORA,washed,2716-09-01 00:00:00
JUG_00547,STR_0021,purchased,2716-09-19 00:00:00
JUG_00547,STR_0021,returned_to_store,2716-12-02 00:00:00
JUG_00547,HUB_AURORA,washed,2716-12-06 00:00:00
JUG_00547,STR_0034,purchased,2716-12-28 00:00:00
JUG_00547,UNKNOWN,lost_to_leakage,2717-03-11 00:00:00
JUG_00548,STR_0025,purchased,2717-04-10 00:00:00
JUG_00548,STR_0025,returned_to_store,2717-06-19 00:00:00
JUG_00548,HUB_AURORA,washed,2717-06-24 00:00:00
JUG_00548,STR_0048,purchased,2717-07-03 00:00:00
JUG_00548,UNKNOWN,lost_to_leakage,2717-08-23 00:00:00
JUG_00549,STR_0041,purchased,2717-09-21 00:00:00
JUG_00549,STR_0041,returned_to_store,2717-11-24 00:00:00
JUG_00549,HUB_AURORA,washed,2717-11-28 00:00:00
JUG_00549,STR_0044,purchased,2717-12-14 00:00:00
JUG_00549,STR_0044,returned_to_store,2718-03-05 00:00:00
JUG_00549,HUB_AURORA,washed,2718-03-08 00:00:00
JUG_00549,STR_0038,purchased,2718-03-22 00:00:00
JUG_00549,STR_0038,returned_to_store,2718-06-06 00:00:00
JUG_00549,HUB_AURORA,washed,2718-06-10 00:00:00
JUG_00549,STR_0017,purchased,2718-07-05 00:00:00
JUG_00549,STR_0017,returned_to_store,2718-08-26 00:00:00
JUG_00549,HUB_AURORA,washed,2718-08-31 00:00:00
JUG_00549,STR_0016,purchased,2718-09-25 00:00:00
JUG_00549,STR_0016,returned_to_store,2718-12-29 00:00:00
JUG_00549,HUB_AURORA,washed,2719-01-02 00:00:00
JUG_00549,STR_0043,purchased,2719-01-31 00:00:00
JUG_00549,STR_0043,returned_to_store,2719-04-29 00:00:00
JUG_00549,HUB_AURORA,washed,2719-05-02 00:00:00
JUG_00549,STR_0032,purchased,2719-05-22 00:00:00
JUG_00549,STR_0032,returned_to_store,2719-08-09 00:00:00
JUG_00549,HUB_AURORA,washed,2719-08-14 00:00:00
JUG_00549,STR_0047,purchased,2719-08-22 00:00:00
JUG_00549,STR_0047,returned_to_store,2719-10-22 00:00:00
JUG_00549,HUB_AURORA,washed,2719-10-26 00:00:00
JUG_00549,STR_0035,purchased,2719-11-10 00:00:00
JUG_00549,STR_0035,returned_to_store,2720-02-18 00:00:00
JUG_00549,HUB_AURORA,washed,2720-02-23 00:00:00
JUG_00550,STR_0004,purchased,2720-03-14 00:00:00
JUG_00550,STR_0004,returned_to_store,2720-06-05 00:00:00
JUG_00550,HUB_AURORA,washed,2720-06-09 00:00:00
JUG_00550,STR_0016,purchased,2720-07-06 00:00:00
JUG_00550,STR_0016,returned_to_store,2720-09-25 00:00:00
JUG_00550,HUB_AURORA,washed,2720-09-30 00:00:00
JUG_00550,STR_0031,purchased,2720-10-27 00:00:00
JUG_00550,STR_0031,returned_to_store,2721-01-07 00:00:00
JUG_00550,HUB_AURORA,washed,2721-01-11 00:00:00
JUG_00550,STR_0026,purchased,2721-02-04 00:00:00
JUG_00550,STR_0026,returned_to_store,2721-05-09 00:00:00
JUG_00550,HUB_AURORA,washed,2721-05-14 00:00:00
JUG_00550,STR_0007,purchased,2721-06-06 00:00:00
JUG_00550,STR_0007,returned_to_store,2721-09-12 00:00:00
JUG_00550,HUB_AURORA,washed,2721-09-15 00:00:00
JUG_00550,STR_0038,purchased,2721-09-26 00:00:00
JUG_00550,STR_0038,returned_to_store,2721-12-31 00:00:00
JUG_00550,HUB_AURORA,washed,2722-01-05 00:00:00
JUG_00550,STR_0022,purchased,2722-01-18 00:00:00
JUG_00550,STR_0022,returned_to_store,2722-03-20 00:00:00
JUG_00550,HUB_AURORA,washed,2722-03-23 00:00:00
JUG_00551,STR_0014,purchased,2722-04-18 00:00:00
JUG_00551,STR_0014,returned_to_store,2722-07-23 00:00:00
JUG_00551,HUB_AURORA,washed,2722-07-26 00:00:00
JUG_00551,STR_0048,purchased,2722-08-02 00:00:00
JUG_00551,STR_0048,returned_to_store,2722-10-19 00:00:00
JUG_00551,HUB_AURORA,washed,2722-10-23 00:00:00
JUG_00551,STR_0034,purchased,2722-11-15 00:00:00
JUG_00551,STR_0034,returned_to_store,2723-01-18 00:00:00
JUG_00551,HUB_AURORA,washed,2723-01-22 00:00:00
JUG_00552,STR_0024,purchased,2723-02-20 00:00:00
JUG_00552,STR_0024,returned_to_store,2723-04-30 00:00:00
JUG_00552,HUB_AURORA,washed,2723-05-02 00:00:00
JUG_00552,STR_0043,purchased,2723-05-13 00:00:00
JUG_00552,STR_0043,returned_to_store,2723-07-07 00:00:00
JUG_00552,HUB_AURORA,washed,2723-07-09 00:00:00
JUG_00552,STR_0011,purchased,2723-08-02 00:00:00
JUG_00552,STR_0011,returned_to_store,2723-10-03 00:00:00
JUG_00552,HUB_AURORA,washed,2723-10-07 00:00:00
JUG_00552,STR_0029,purchased,2723-11-01 00:00:00
JUG_00552,STR_0029,returned_to_store,2724-01-19 00:00:00
JUG_00552,HUB_AURORA,washed,2724-01-24 00:00:00
JUG_00552,STR_0035,purchased,2724-02-09 00:00:00
JUG_00552,STR_0035,returned_to_store,2724-05-08 00:00:00
JUG_00552,HUB_AURORA,washed,2724-05-11 00:00:00
JUG_00552,STR_0031,purchased,2724-06-04 00:00:00
JUG_00552,STR_0031,returned_to_store,2724-08-31 00:00:00
JUG_00552,HUB_AURORA,washed,2724-09-03 00:00:00
JUG_00552,STR_0033,purchased,2724-09-16 00:00:00
JUG_00552,STR_0033,returned_to_store,2724-12-17 00:00:00
JUG_00552,HUB_AURORA,washed,2724-12-22 00:00:00
JUG_00552,STR_0045,purchased,2725-01-10 00:00:00
JUG_00552,STR_0045,returned_to_store,2725-04-09 00:00:00
JUG_00552,HUB_AURORA,washed,2725-04-13 00:00:00
JUG_00553,STR_0035,purchased,2725-04-27 00:00:00
JUG_00553,STR_0035,returned_to_store,2725-07-03 00:00:00
JUG_00553,HUB_AURORA,washed,2725-07-08 00:00:00
JUG_00553,STR_0000,purchased,2725-08-07 00:00:00
JUG_00553,STR_0000,returned_to_store,2725-10-13 00:00:00
JUG_00553,HUB_AURORA,washed,2725-10-18 00:00:00
JUG_00553,STR_0022,purchased,2725-11-14 00:00:00
JUG_00553,STR_0022,returned_to_store,2726-02-19 00:00:00
JUG_00553,HUB_AURORA,washed,2726-02-21 00:00:00
JUG_00554,STR_0023,purchased,2726-03-11 00:00:00
JUG_00554,STR_0023,returned_to_store,2726-06-05 00:00:00
JUG_00554,HUB_AURORA,washed,2726-06-07 00:00:00
JUG_00554,STR_0033,purchased,2726-07-02 00:00:00
JUG_00554,STR_0033,returned_to_store,2726-09-12 00:00:00
JUG_00554,HUB_AURORA,washed,2726-09-16 00:00:00
JUG_00554,STR_0030,purchased,2726-09-23 00:00:00
JUG_00554,STR_0030,returned_to_store,2726-12-13 00:00:00
JUG_00554,HUB_AURORA,washed,2726-12-15 00:00:00
JUG_00554,STR_0042,purchased,2726-12-27 00:00:00
JUG_00554,STR_0042,returned_to_store,2727-03-18 00:00:00
JUG_00554,HUB_AURORA,washed,2727-03-23 00:00:00
JUG_00555,STR_0044,purchased,2727-03-30 00:00:00
JUG_00555,STR_0044,returned_to_store,2727-06-24 00:00:00
JUG_00555,HUB_AURORA,washed,2727-06-29 00:00:00
JUG_00555,STR_0039,purchased,2727-07-06 00:00:00
JUG_00555,STR_0039,returned_to_store,2727-08-29 00:00:00
JUG_00555,HUB_AURORA,washed,2727-09-03 00:00:00
JUG_00555,STR_0026,purchased,2727-09-17 00:00:00
JUG_00555,STR_0026,returned_to_store,2727-11-10 00:00:00
JUG_00555,HUB_AURORA,washed,2727-11-12 00:00:00
JUG_00555,STR_0040,purchased,2727-11-19 00:00:00
JUG_00555,STR_0040,returned_to_store,2728-01-25 00:00:00
JUG_00555,HUB_AURORA,washed,2728-01-29 00:00:00
JUG_00556,STR_0046,purchased,2728-02-25 00:00:00
JUG_00556,STR_0046,returned_to_store,2728-05-21 00:00:00
JUG_00556,HUB_AURORA,washed,2728-05-26 00:00:00
JUG_00556,STR_0011,purchased,2728-06-07 00:00:00
JUG_00556,STR_0011,returned_to_store,2728-08-30 00:00:00
JUG_00556,HUB_AURORA,washed,2728-09-04 00:00:00
JUG_00556,STR_0040,purchased,2728-09-13 00:00:00
JUG_00556,STR_0040,returned_to_store,2728-11-15 00:00:00
JUG_00556,HUB_AURORA,washed,2728-11-18 00:00:00
JUG_00556,STR_0021,purchased,2728-12-09 00:00:00
JUG_00556,STR_0021,returned_to_store,2729-03-17 00:00:00
JUG_00556,HUB_AURORA,washed,2729-03-19 00:00:00
JUG_00557,STR_0045,purchased,2729-04-15 00:00:00
JUG_00557,STR_0045,returned_to_store,2729-07-18 00:00:00
JUG_00557,HUB_AURORA,washed,2729-07-22 00:00:00
JUG_00557,STR_0031,purchased,2729-08-02 00:00:00
JUG_00557,STR_0031,returned_to_store,2729-11-13 00:00:00
JUG_00557,HUB_AURORA,washed,2729-11-18 00:00:00
JUG_00557,STR_0041,purchased,2729-12-17 00:00:00
JUG_00557,STR_0041,returned_to_store,2730-02-17 00:00:00
JUG_00557,HUB_AURORA,washed,2730-02-21 00:00:00
JUG_00557,STR_0047,purchased,2730-03-09 00:00:00
JUG_00557,STR_0047,returned_to_store,2730-05-31 00:00:00
JUG_00557,HUB_AURORA,washed,2730-06-05 00:00:00
JUG_00557,STR_0027,purchased,2730-07-04 00:00:00
JUG_00557,STR_0027,returned_to_store,2730-09-11 00:00:00
JUG_00557,HUB_AURORA,washed,2730-09-14 00:00:00
JUG_00557,STR_0038,purchased,2730-09-27 00:00:00
JUG_00557,UNKNOWN,lost_to_leakage,2730-12-15 00:00:00
JUG_00558,STR_0029,purchased,2730-12-31 00:00:00
JUG_00558,STR_0029,returned_to_store,2731-03-26 00:00:00
JUG_00558,HUB_AURORA,washed,2731-03-28 00:00:00
JUG_00558,STR_0029,purchased,2731-04-08 00:00:00
JUG_00558,STR_0029,returned_to_store,2731-06-13 00:00:00
JUG_00558,HUB_AURORA,washed,2731-06-16 00:00:00
JUG_00558,STR_0018,purchased,2731-06-24 00:00:00
JUG_00558,STR_0018,returned_to_store,2731-09-01 00:00:00
JUG_00558,HUB_AURORA,washed,2731-09-03 00:00:00
JUG_00558,STR_0036,purchased,2731-09-15 00:00:00
JUG_00558,STR_0036,returned_to_store,2731-11-27 00:00:00
JUG_00558,HUB_AURORA,washed,2731-12-02 00:00:00
JUG_00558,STR_0046,purchased,2731-12-23 00:00:00
JUG_00558,STR_0046,returned_to_store,2732-03-01 00:00:00
JUG_00558,HUB_AURORA,washed,2732-03-04 00:00:00
JUG_00559,STR_0025,purchased,2732-03-18 00:00:00
JUG_00559,STR_0025,returned_to_store,2732-05-09 00:00:00
JUG_00559,HUB_AURORA,washed,2732-05-13 00:00:00
JUG_00559,STR_0035,purchased,2732-06-10 00:00:00
JUG_00559,STR_0035,returned_to_store,2732-08-11 00:00:00
JUG_00559,HUB_AURORA,washed,2732-08-15 00:00:00
JUG_00559,STR_0018,purchased,2732-09-07 00:00:00
JUG_00559,STR_0018,returned_to_store,2732-11-26 00:00:00
JUG_00559,HUB_AURORA,washed,2732-12-01 00:00:00
JUG_00559,STR_0032,purchased,2732-12-18 00:00:00
JUG_00559,STR_0032,returned_to_store,2733-03-19 00:00:00
JUG_00559,HUB_AURORA,washed,2733-03-21 00:00:00
JUG_00560,STR_0021,purchased,2733-04-06 00:00:00
JUG_00560,STR_0021,returned_to_store,2733-06-06 00:00:00
JUG_00560,HUB_AURORA,washed,2733-06-08 00:00:00
JUG_00560,STR_0014,purchased,2733-07-06 00:00:00
JUG_00560,UNKNOWN,lost_to_leakage,2733-10-06 00:00:00
JUG_00561,STR_0010,purchased,2733-10-25 00:00:00
JUG_00561,UNKNOWN,lost_to_leakage,2733-12-31 00:00:00
JUG_00562,STR_0016,purchased,2734-01-13 00:00:00
JUG_00562,STR_0016,returned_to_store,2734-03-27 00:00:00
JUG_00562,HUB_AURORA,washed,2734-03-30 00:00:00
JUG_00562,STR_0009,purchased,2734-04-07 00:00:00
JUG_00562,STR_0009,returned_to_store,2734-06-20 00:00:00
JUG_00562,HUB_AURORA,washed,2734-06-24 00:00:00
JUG_00562,STR_0000,purchased,2734-07-03 00:00:00
JUG_00562,STR_0000,returned_to_store,2734-09-30 00:00:00
JUG_00562,HUB_AURORA,washed,2734-10-03 00:00:00
JUG_00562,STR_0024,purchased,2734-10-29 00:00:00
JUG_00562,STR_0024,returned_to_store,2735-01-30 00:00:00
JUG_00562,HUB_AURORA,washed,2735-02-02 00:00:00
JUG_00562,STR_0034,purchased,2735-02-15 00:00:00
JUG_00562,STR_0034,returned_to_store,2735-05-12 00:00:00
JUG_00562,HUB_AURORA,washed,2735-05-16 00:00:00
JUG_00562,STR_0019,purchased,2735-06-14 00:00:00
JUG_00562,UNKNOWN,lost_to_leakage,2735-08-21 00:00:00
JUG_00563,STR_0028,purchased,2735-09-05 00:00:00
JUG_00563,STR_0028,returned_to_store,2735-11-09 00:00:00
JUG_00563,HUB_AURORA,washed,2735-11-11 00:00:00
JUG_00563,STR_0047,purchased,2735-11-27 00:00:00
JUG_00563,STR_0047,returned_to_store,2736-03-01 00:00:00
JUG_00563,HUB_AURORA,washed,2736-03-06 00:00:00
JUG_00563,STR_0046,purchased,2736-03-30 00:00:00
JUG_00563,STR_0046,returned_to_store,2736-07-11 00:00:00
JUG_00563,HUB_AURORA,washed,2736-07-14 00:00:00
JUG_00563,STR_0046,purchased,2736-08-12 00:00:00
JUG_00563,STR_0046,returned_to_store,2736-10-23 00:00:00
JUG_00563,HUB_AURORA,washed,2736-10-28 00:00:00
JUG_00563,STR_0021,purchased,2736-11-06 00:00:00
JUG_00563,STR_0021,returned_to_store,2737-01-10 00:00:00
JUG_00563,HUB_AURORA,washed,2737-01-14 00:00:00
JUG_00563,STR_0049,purchased,2737-02-06 00:00:00
JUG_00563,STR_0049,returned_to_store,2737-05-18 00:00:00
JUG_00563,HUB_AURORA,washed,2737-05-23 00:00:00
JUG_00563,STR_0017,purchased,2737-06-15 00:00:00
JUG_00563,STR_0017,returned_to_store,2737-09-08 00:00:00
JUG_00563,HUB_AURORA,washed,2737-09-12 00:00:00
JUG_00563,STR_0039,purchased,2737-09-26 00:00:00
JUG_00563,STR_0039,returned_to_store,2737-11-17 00:00:00
JUG_00563,HUB_AURORA,washed,2737-11-22 00:00:00
JUG_00563,STR_0003,purchased,2737-12-12 00:00:00
JUG_00563,UNKNOWN,lost_to_leakage,2738-02-06 00:00:00
JUG_00564,STR_0022,purchased,2738-03-02 00:00:00
JUG_00564,UNKNOWN,lost_to_leakage,2738-04-26 00:00:00
JUG_00565,STR_0044,purchased,2738-05-23 00:00:00
JUG_00565,STR_0044,returned_to_store,2738-07-19 00:00:00
JUG_00565,HUB_AURORA,washed,2738-07-21 00:00:00
JUG_00565,STR_0045,purchased,2738-07-31 00:00:00
JUG_00565,UNKNOWN,lost_to_leakage,2738-10-31 00:00:00
JUG_00566,STR_0031,purchased,2738-11-13 00:00:00
JUG_00566,STR_0031,returned_to_store,2739-02-11 00:00:00
JUG_00566,HUB_AURORA,washed,2739-02-16 00:00:00
JUG_00566,STR_0024,purchased,2739-03-11 00:00:00
JUG_00566,STR_0024,returned_to_store,2739-05-29 00:00:00
JUG_00566,HUB_AURORA,washed,2739-06-03 00:00:00
JUG_00566,STR_0031,purchased,2739-06-21 00:00:00
JUG_00566,STR_0031,returned_to_store,2739-09-19 00:00:00
JUG_00566,HUB_AURORA,washed,2739-09-23 00:00:00
JUG_00566,STR_0043,purchased,2739-10-07 00:00:00
JUG_00566,STR_0043,returned_to_store,2739-12-06 00:00:00
JUG_00566,HUB_AURORA,washed,2739-12-09 00:00:00
JUG_00566,STR_0008,purchased,2739-12-16 00:00:00
JUG_00566,STR_0008,returned_to_store,2740-03-24 00:00:00
JUG_00566,HUB_AURORA,washed,2740-03-26 00:00:00
JUG_00566,STR_0006,purchased,2740-04-25 00:00:00
JUG_00566,STR_0006,returned_to_store,2740-07-13 00:00:00
JUG_00566,HUB_AURORA,washed,2740-07-16 00:00:00
JUG_00566,STR_0048,purchased,2740-08-05 00:00:00
JUG_00566,STR_0048,returned_to_store,2740-11-02 00:00:00
JUG_00566,HUB_AURORA,washed,2740-11-04 00:00:00
JUG_00566,STR_0005,purchased,2740-11-30 00:00:00
JUG_00566,STR_0005,returned_to_store,2741-02-04 00:00:00
JUG_00566,HUB_AURORA,washed,2741-02-09 00:00:00
JUG_00566,STR_0002,purchased,2741-03-11 00:00:00
JUG_00566,UNKNOWN,lost_to_leakage,2741-06-08 00:00:00
JUG_00567,STR_0037,purchased,2741-06-30 00:00:00
JUG_00567,UNKNOWN,lost_to_leakage,2741-08-25 00:00:00
JUG_00568,STR_0007,purchased,2741-09-03 00:00:00
JUG_00568,STR_0007,returned_to_store,2741-11-07 00:00:00
JUG_00568,HUB_AURORA,washed,2741-11-11 00:00:00
JUG_00568,STR_0018,purchased,2741-11-23 00:00:00
JUG_00568,STR_0018,returned_to_store,2742-01-21 00:00:00
JUG_00568,HUB_AURORA,washed,2742-01-23 00:00:00
JUG_00568,STR_0030,purchased,2742-02-04 00:00:00
JUG_00568,STR_0030,returned_to_store,2742-04-26 00:00:00
JUG_00568,HUB_AURORA,washed,2742-05-01 00:00:00
JUG_00568,STR_0030,purchased,2742-05-16 00:00:00
JUG_00568,UNKNOWN,lost_to_leakage,2742-08-11 00:00:00
JUG_00569,STR_0036,purchased,2742-08-30 00:00:00
JUG_00569,STR_0036,returned_to_store,2742-11-08 00:00:00
JUG_00569,HUB_AURORA,washed,2742-11-10 00:00:00
JUG_00569,STR_0011,purchased,2742-12-09 00:00:00
JUG_00569,STR_0011,returned_to_store,2743-03-09 00:00:00
JUG_00569,HUB_AURORA,washed,2743-03-11 00:00:00
JUG_00569,STR_0011,purchased,2743-03-21 00:00:00
JUG_00569,STR_0011,returned_to_store,2743-06-11 00:00:00
JUG_00569,HUB_AURORA,washed,2743-06-16 00:00:00
JUG_00569,STR_0039,purchased,2743-07-06 00:00:00
JUG_00569,STR_0039,returned_to_store,2743-10-05 00:00:00
JUG_00569,HUB_AURORA,washed,2743-10-09 00:00:00
JUG_00569,STR_0023,purchased,2743-11-01 00:00:00
JUG_00569,STR_0023,returned_to_store,2743-12-26 00:00:00
JUG_00569,HUB_AURORA,washed,2743-12-31 00:00:00
JUG_00569,STR_0019,purchased,2744-01-14 00:00:00
JUG_00569,UNKNOWN,lost_to_leakage,2744-03-11 00:00:00
JUG_00570,STR_0016,purchased,2744-03-24 00:00:00
JUG_00570,STR_0016,returned_to_store,2744-06-23 00:00:00
JUG_00570,HUB_AURORA,washed,2744-06-28 00:00:00
JUG_00570,STR_0028,purchased,2744-07-23 00:00:00
JUG_00570,STR_0028,returned_to_store,2744-10-28 00:00:00
JUG_00570,HUB_AURORA,washed,2744-11-01 00:00:00
JUG_00570,STR_0018,purchased,2744-11-13 00:00:00
JUG_00570,STR_0018,returned_to_store,2745-01-02 00:00:00
JUG_00570,HUB_AURORA,washed,2745-01-05 00:00:00
JUG_00570,STR_0011,purchased,2745-01-30 00:00:00
JUG_00570,STR_0011,returned_to_store,2745-05-01 00:00:00
JUG_00570,HUB_AURORA,washed,2745-05-06 00:00:00
JUG_00571,STR_0021,purchased,2745-05-23 00:00:00
JUG_00571,STR_0021,returned_to_store,2745-08-10 00:00:00
JUG_00571,HUB_AURORA,washed,2745-08-12 00:00:00
JUG_00571,STR_0014,purchased,2745-08-29 00:00:00
JUG_00571,STR_0014,returned_to_store,2745-11-26 00:00:00
JUG_00571,HUB_AURORA,washed,2745-11-29 00:00:00
JUG_00571,STR_0010,purchased,2745-12-21 00:00:00
JUG_00571,STR_0010,returned_to_store,2746-03-17 00:00:00
JUG_00571,HUB_AURORA,washed,2746-03-22 00:00:00
JUG_00571,STR_0031,purchased,2746-04-20 00:00:00
JUG_00571,STR_0031,returned_to_store,2746-06-26 00:00:00
JUG_00571,HUB_AURORA,washed,2746-07-01 00:00:00
JUG_00571,STR_0001,purchased,2746-07-27 00:00:00
JUG_00571,STR_0001,returned_to_store,2746-10-14 00:00:00
JUG_00571,HUB_AURORA,washed,2746-10-17 00:00:00
JUG_00572,STR_0031,purchased,2746-10-28 00:00:00
JUG_00572,STR_0031,returned_to_store,2747-01-13 00:00:00
JUG_00572,HUB_AURORA,washed,2747-01-16 00:00:00
JUG_00572,STR_0001,purchased,2747-02-05 00:00:00
JUG_00572,STR_0001,returned_to_store,2747-05-17 00:00:00
JUG_00572,HUB_AURORA,washed,2747-05-20 00:00:00
JUG_00572,STR_0045,purchased,2747-06-06 00:00:00
JUG_00572,STR_0045,returned_to_store,2747-07-30 00:00:00
JUG_00572,HUB_AURORA,washed,2747-08-03 00:00:00
JUG_00572,STR_0044,purchased,2747-08-21 00:00:00
JUG_00572,STR_0044,returned_to_store,2747-10-28 00:00:00
JUG_00572,HUB_AURORA,washed,2747-11-02 00:00:00
JUG_00572,STR_0034,purchased,2747-11-28 00:00:00
JUG_00572,STR_0034,returned_to_store,2748-02-12 00:00:00
JUG_00572,HUB_AURORA,washed,2748-02-16 00:00:00
JUG_00572,STR_0039,purchased,2748-02-24 00:00:00
JUG_00572,STR_0039,returned_to_store,2748-05-10 00:00:00
JUG_00572,HUB_AURORA,washed,2748-05-13 00:00:00
JUG_00573,STR_0006,purchased,2748-06-07 00:00:00
JUG_00573,STR_0006,returned_to_store,2748-09-01 00:00:00
JUG_00573,HUB_AURORA,washed,2748-09-06 00:00:00
JUG_00573,STR_0022,purchased,2748-09-19 00:00:00
JUG_00573,STR_0022,returned_to_store,2748-12-20 00:00:00
JUG_00573,HUB_AURORA,washed,2748-12-22 00:00:00
JUG_00573,STR_0022,purchased,2749-01-14 00:00:00
JUG_00573,STR_0022,returned_to_store,2749-03-14 00:00:00
JUG_00573,HUB_AURORA,washed,2749-03-16 00:00:00
JUG_00573,STR_0008,purchased,2749-03-29 00:00:00
JUG_00573,STR_0008,returned_to_store,2749-06-17 00:00:00
JUG_00573,HUB_AURORA,washed,2749-06-22 00:00:00
JUG_00573,STR_0012,purchased,2749-07-02 00:00:00
JUG_00573,UNKNOWN,lost_to_leakage,2749-08-27 00:00:00
JUG_00574,STR_0045,purchased,2749-09-05 00:00:00
JUG_00574,STR_0045,returned_to_store,2749-11-27 00:00:00
JUG_00574,HUB_AURORA,washed,2749-11-29 00:00:00
JUG_00574,STR_0007,purchased,2749-12-27 00:00:00
JUG_00574,STR_0007,returned_to_store,2750-03-22 00:00:00
JUG_00574,HUB_AURORA,washed,2750-03-24 00:00:00
JUG_00574,STR_0008,purchased,2750-04-13 00:00:00
JUG_00574,UNKNOWN,lost_to_leakage,2750-07-11 00:00:00
JUG_00575,STR_0045,purchased,2750-08-04 00:00:00
JUG_00575,STR_0045,returned_to_store,2750-10-06 00:00:00
JUG_00575,HUB_AURORA,washed,2750-10-11 00:00:00
JUG_00575,STR_0013,purchased,2750-10-18 00:00:00
JUG_00575,STR_0013,returned_to_store,2751-01-23 00:00:00
JUG_00575,HUB_AURORA,washed,2751-01-27 00:00:00
JUG_00575,STR_0021,purchased,2751-02-19 00:00:00
JUG_00575,STR_0021,returned_to_store,2751-05-08 00:00:00
JUG_00575,HUB_AURORA,washed,2751-05-12 00:00:00
JUG_00575,STR_0040,purchased,2751-06-07 00:00:00
JUG_00575,STR_0040,returned_to_store,2751-09-01 00:00:00
JUG_00575,HUB_AURORA,washed,2751-09-05 00:00:00
JUG_00575,STR_0007,purchased,2751-09-19 00:00:00
JUG_00575,UNKNOWN,lost_to_leakage,2751-12-22 00:00:00
JUG_00576,STR_0026,purchased,2751-12-31 00:00:00
JUG_00576,STR_0026,returned_to_store,2752-03-07 00:00:00
JUG_00576,HUB_AURORA,washed,2752-03-11 00:00:00
JUG_00576,STR_0047,purchased,2752-03-21 00:00:00
JUG_00576,STR_0047,returned_to_store,2752-05-23 00:00:00
JUG_00576,HUB_AURORA,washed,2752-05-27 00:00:00
JUG_00576,STR_0047,purchased,2752-06-05 00:00:00
JUG_00576,STR_0047,returned_to_store,2752-08-18 00:00:00
JUG_00576,HUB_AURORA,washed,2752-08-22 00:00:00
JUG_00576,STR_0045,purchased,2752-09-15 00:00:00
JUG_00576,STR_0045,returned_to_store,2752-11-10 00:00:00
JUG_00576,HUB_AURORA,washed,2752-11-14 00:00:00
JUG_00576,STR_0043,purchased,2752-11-29 00:00:00
JUG_00576,STR_0043,returned_to_store,2753-03-04 00:00:00
JUG_00576,HUB_AURORA,washed,2753-03-06 00:00:00
JUG_00576,STR_0037,purchased,2753-04-02 00:00:00
JUG_00576,STR_0037,returned_to_store,2753-06-05 00:00:00
JUG_00576,HUB_AURORA,washed,2753-06-07 00:00:00
JUG_00576,STR_0009,purchased,2753-06-22 00:00:00
JUG_00576,STR_0009,returned_to_store,2753-09-02 00:00:00
JUG_00576,HUB_AURORA,washed,2753-09-05 00:00:00
JUG_00576,STR_0005,purchased,2753-10-05 00:00:00
JUG_00576,STR_0005,returned_to_store,2753-11-28 00:00:00
JUG_00576,HUB_AURORA,washed,2753-12-01 00:00:00
JUG_00576,STR_0020,purchased,2753-12-17 00:00:00
JUG_00576,STR_0020,returned_to_store,2754-03-06 00:00:00
JUG_00576,HUB_AURORA,washed,2754-03-10 00:00:00
JUG_00576,STR_0023,purchased,2754-04-07 00:00:00
JUG_00576,STR_0023,returned_to_store,2754-06-22 00:00:00
JUG_00576,HUB_AURORA,washed,2754-06-26 00:00:00
JUG_00577,STR_0005,purchased,2754-07-11 00:00:00
JUG_00577,STR_0005,returned_to_store,2754-10-18 00:00:00
JUG_00577,HUB_AURORA,washed,2754-10-20 00:00:00
JUG_00577,STR_0003,purchased,2754-11-13 00:00:00
JUG_00577,STR_0003,returned_to_store,2755-01-31 00:00:00
JUG_00577,HUB_AURORA,washed,2755-02-05 00:00:00
JUG_00577,STR_0022,purchased,2755-02-12 00:00:00
JUG_00577,STR_0022,returned_to_store,2755-04-27 00:00:00
JUG_00577,HUB_AURORA,washed,2755-05-02 00:00:00
JUG_00577,STR_0006,purchased,2755-05-10 00:00:00
JUG_00577,STR_0006,returned_to_store,2755-07-22 00:00:00
JUG_00577,HUB_AURORA,washed,2755-07-27 00:00:00
JUG_00577,STR_0036,purchased,2755-08-25 00:00:00
JUG_00577,STR_0036,returned_to_store,2755-11-18 00:00:00
JUG_00577,HUB_AURORA,washed,2755-11-22 00:00:00
JUG_00578,STR_0034,purchased,2755-12-04 00:00:00
JUG_00578,STR_0034,returned_to_store,2756-02-17 00:00:00
JUG_00578,HUB_AURORA,washed,2756-02-20 00:00:00
JUG_00578,STR_0032,purchased,2756-03-16 00:00:00
JUG_00578,STR_0032,returned_to_store,2756-06-10 00:00:00
JUG_00578,HUB_AURORA,washed,2756-06-15 00:00:00
JUG_00578,STR_0047,purchased,2756-07-03 00:00:00
JUG_00578,STR_0047,returned_to_store,2756-10-10 00:00:00
JUG_00578,HUB_AURORA,washed,2756-10-12 00:00:00
JUG_00579,STR_0045,purchased,2756-10-27 00:00:00
JUG_00579,STR_0045,returned_to_store,2757-01-07 00:00:00
JUG_00579,HUB_AURORA,washed,2757-01-09 00:00:00
JUG_00579,STR_0025,purchased,2757-01-25 00:00:00
JUG_00579,STR_0025,returned_to_store,2757-04-06 00:00:00
JUG_00579,HUB_AURORA,washed,2757-04-09 00:00:00
JUG_00579,STR_0001,purchased,2757-04-30 00:00:00
JUG_00579,STR_0001,returned_to_store,2757-06-17 00:00:00
JUG_00579,HUB_AURORA,washed,2757-06-22 00:00:00
JUG_00579,STR_0048,purchased,2757-07-11 00:00:00
JUG_00579,UNKNOWN,lost_to_leakage,2757-09-18 00:00:00
JUG_00580,STR_0016,purchased,2757-10-09 00:00:00
JUG_00580,STR_0016,returned_to_store,2757-12-13 00:00:00
JUG_00580,HUB_AURORA,washed,2757-12-15 00:00:00
JUG_00580,STR_0045,purchased,2758-01-06 00:00:00
JUG_00580,STR_0045,returned_to_store,2758-04-08 00:00:00
JUG_00580,HUB_AURORA,washed,2758-04-13 00:00:00
JUG_00580,STR_0040,purchased,2758-04-25 00:00:00
JUG_00580,STR_0040,returned_to_store,2758-07-28 00:00:00
JUG_00580,HUB_AURORA,washed,2758-08-01 00:00:00
JUG_00581,STR_0003,purchased,2758-08-23 00:00:00
JUG_00581,STR_0003,returned_to_store,2758-11-12 00:00:00
JUG_00581,HUB_AURORA,washed,2758-11-15 00:00:00
JUG_00581,STR_0009,purchased,2758-11-30 00:00:00
JUG_00581,STR_0009,returned_to_store,2759-01-26 00:00:00
JUG_00581,HUB_AURORA,washed,2759-01-31 00:00:00
JUG_00581,STR_0028,purchased,2759-02-13 00:00:00
JUG_00581,STR_0028,returned_to_store,2759-04-23 00:00:00
JUG_00581,HUB_AURORA,washed,2759-04-26 00:00:00
JUG_00581,STR_0047,purchased,2759-05-17 00:00:00
JUG_00581,STR_0047,returned_to_store,2759-07-30 00:00:00
JUG_00581,HUB_AURORA,washed,2759-08-02 00:00:00
JUG_00581,STR_0038,purchased,2759-08-19 00:00:00
JUG_00581,UNKNOWN,lost_to_leakage,2759-11-25 00:00:00
JUG_00582,STR_0029,purchased,2759-12-25 00:00:00
JUG_00582,STR_0029,returned_to_store,2760-02-26 00:00:00
JUG_00582,HUB_AURORA,washed,2760-03-01 00:00:00
JUG_00582,STR_0015,purchased,2760-03-27 00:00:00
JUG_00582,STR_0015,returned_to_store,2760-06-12 00:00:00
JUG_00582,HUB_AURORA,washed,2760-06-17 00:00:00
JUG_00582,STR_0049,purchased,2760-07-07 00:00:00
JUG_00582,STR_0049,returned_to_store,2760-10-11 00:00:00
JUG_00582,HUB_AURORA,washed,2760-10-15 00:00:00
JUG_00582,STR_0023,purchased,2760-10-23 00:00:00
JUG_00582,STR_0023,returned_to_store,2761-01-23 00:00:00
JUG_00582,HUB_AURORA,washed,2761-01-28 00:00:00
JUG_00582,STR_0035,purchased,2761-02-11 00:00:00
JUG_00582,STR_0035,returned_to_store,2761-05-10 00:00:00
JUG_00582,HUB_AURORA,washed,2761-05-12 00:00:00
JUG_00582,STR_0019,purchased,2761-06-07 00:00:00
JUG_00582,UNKNOWN,lost_to_leakage,2761-07-27 00:00:00
JUG_00583,STR_0020,purchased,2761-08-08 00:00:00
JUG_00583,STR_0020,returned_to_store,2761-10-15 00:00:00
JUG_00583,HUB_AURORA,washed,2761-10-17 00:00:00
JUG_00583,STR_0004,purchased,2761-11-02 00:00:00
JUG_00583,STR_0004,returned_to_store,2762-01-18 00:00:00
JUG_00583,HUB_AURORA,washed,2762-01-20 00:00:00
JUG_00583,STR_0034,purchased,2762-02-09 00:00:00
JUG_00583,UNKNOWN,lost_to_leakage,2762-05-03 00:00:00
JUG_00584,STR_0012,purchased,2762-05-25 00:00:00
JUG_00584,STR_0012,returned_to_store,2762-07-21 00:00:00
JUG_00584,HUB_AURORA,washed,2762-07-23 00:00:00
JUG_00584,STR_0006,purchased,2762-08-12 00:00:00
JUG_00584,STR_0006,returned_to_store,2762-10-20 00:00:00
JUG_00584,HUB_AURORA,washed,2762-10-23 00:00:00
JUG_00584,STR_0031,purchased,2762-11-02 00:00:00
JUG_00584,STR_0031,returned_to_store,2763-01-24 00:00:00
JUG_00584,HUB_AURORA,washed,2763-01-28 00:00:00
JUG_00584,STR_0003,purchased,2763-02-15 00:00:00
JUG_00584,UNKNOWN,lost_to_leakage,2763-04-08 00:00:00
JUG_00585,STR_0038,purchased,2763-05-08 00:00:00
JUG_00585,STR_0038,returned_to_store,2763-07-12 00:00:00
JUG_00585,HUB_AURORA,washed,2763-07-15 00:00:00
JUG_00585,STR_0011,purchased,2763-08-03 00:00:00
JUG_00585,STR_0011,returned_to_store,2763-10-29 00:00:00
JUG_00585,HUB_AURORA,washed,2763-10-31 00:00:00
JUG_00585,STR_0010,purchased,2763-11-08 00:00:00
JUG_00585,STR_0010,returned_to_store,2764-01-04 00:00:00
JUG_00585,HUB_AURORA,washed,2764-01-07 00:00:00
JUG_00585,STR_0020,purchased,2764-02-03 00:00:00
JUG_00585,STR_0020,returned_to_store,2764-04-25 00:00:00
JUG_00585,HUB_AURORA,washed,2764-04-29 00:00:00
JUG_00585,STR_0006,purchased,2764-05-08 00:00:00
JUG_00585,STR_0006,returned_to_store,2764-06-28 00:00:00
JUG_00585,HUB_AURORA,washed,2764-07-03 00:00:00
JUG_00585,STR_0013,purchased,2764-07-20 00:00:00
JUG_00585,STR_0013,returned_to_store,2764-10-03 00:00:00
JUG_00585,HUB_AURORA,washed,2764-10-08 00:00:00
JUG_00586,STR_0035,purchased,2764-11-06 00:00:00
JUG_00586,STR_0035,returned_to_store,2765-01-27 00:00:00
JUG_00586,HUB_AURORA,washed,2765-01-31 00:00:00
JUG_00586,STR_0018,purchased,2765-02-26 00:00:00
JUG_00586,STR_0018,returned_to_store,2765-05-13 00:00:00
JUG_00586,HUB_AURORA,washed,2765-05-18 00:00:00
JUG_00586,STR_0034,purchased,2765-06-13 00:00:00
JUG_00586,STR_0034,returned_to_store,2765-09-07 00:00:00
JUG_00586,HUB_AURORA,washed,2765-09-12 00:00:00
JUG_00586,STR_0034,purchased,2765-10-08 00:00:00
JUG_00586,STR_0034,returned_to_store,2765-12-04 00:00:00
JUG_00586,HUB_AURORA,washed,2765-12-06 00:00:00
JUG_00586,STR_0012,purchased,2765-12-27 00:00:00
JUG_00586,STR_0012,returned_to_store,2766-04-05 00:00:00
JUG_00586,HUB_AURORA,washed,2766-04-09 00:00:00
JUG_00586,STR_0047,purchased,2766-04-20 00:00:00
JUG_00586,STR_0047,returned_to_store,2766-07-14 00:00:00
JUG_00586,HUB_AURORA,washed,2766-07-18 00:00:00
JUG_00586,STR_0030,purchased,2766-08-06 00:00:00
JUG_00586,STR_0030,returned_to_store,2766-11-01 00:00:00
JUG_00586,HUB_AURORA,washed,2766-11-06 00:00:00
JUG_00586,STR_0011,purchased,2766-11-22 00:00:00
JUG_00586,STR_0011,returned_to_store,2767-01-31 00:00:00
JUG_00586,HUB_AURORA,washed,2767-02-02 00:00:00
JUG_00586,STR_0031,purchased,2767-02-13 00:00:00
JUG_00586,STR_0031,returned_to_store,2767-05-05 00:00:00
JUG_00586,HUB_AURORA,washed,2767-05-08 00:00:00
JUG_00586,STR_0046,purchased,2767-05-26 00:00:00
JUG_00586,STR_0046,returned_to_store,2767-08-25 00:00:00
JUG_00586,HUB_AURORA,washed,2767-08-29 00:00:00
JUG_00587,STR_0011,purchased,2767-09-24 00:00:00
JUG_00587,STR_0011,returned_to_store,2767-12-05 00:00:00
JUG_00587,HUB_AURORA,washed,2767-12-07 00:00:00
JUG_00587,STR_0017,purchased,2767-12-26 00:00:00
JUG_00587,STR_0017,returned_to_store,2768-03-21 00:00:00
JUG_00587,HUB_AURORA,washed,2768-03-23 00:00:00
JUG_00587,STR_0036,purchased,2768-04-11 00:00:00
JUG_00587,UNKNOWN,lost_to_leakage,2768-07-18 00:00:00
JUG_00588,STR_0011,purchased,2768-08-09 00:00:00
JUG_00588,UNKNOWN,lost_to_leakage,2768-10-13 00:00:00
JUG_00589,STR_0025,purchased,2768-11-08 00:00:00
JUG_00589,STR_0025,returned_to_store,2769-01-23 00:00:00
JUG_00589,HUB_AURORA,washed,2769-01-28 00:00:00
JUG_00589,STR_0017,purchased,2769-02-23 00:00:00
JUG_00589,STR_0017,returned_to_store,2769-05-21 00:00:00
JUG_00589,HUB_AURORA,washed,2769-05-25 00:00:00
JUG_00589,STR_0043,purchased,2769-06-06 00:00:00
JUG_00589,STR_0043,returned_to_store,2769-08-29 00:00:00
JUG_00589,HUB_AURORA,washed,2769-09-01 00:00:00
JUG_00589,STR_0026,purchased,2769-09-08 00:00:00
JUG_00589,STR_0026,returned_to_store,2769-11-03 00:00:00
JUG_00589,HUB_AURORA,washed,2769-11-07 00:00:00
JUG_00590,STR_0028,purchased,2769-11-26 00:00:00
JUG_00590,STR_0028,returned_to_store,2770-02-10 00:00:00
JUG_00590,HUB_AURORA,washed,2770-02-12 00:00:00
JUG_00590,STR_0035,purchased,2770-03-02 00:00:00
JUG_00590,STR_0035,returned_to_store,2770-04-30 00:00:00
JUG_00590,HUB_AURORA,washed,2770-05-03 00:00:00
JUG_00590,STR_0022,purchased,2770-05-16 00:00:00
JUG_00590,STR_0022,returned_to_store,2770-08-05 00:00:00
JUG_00590,HUB_AURORA,washed,2770-08-09 00:00:00
JUG_00590,STR_0008,purchased,2770-08-30 00:00:00
JUG_00590,STR_0008,returned_to_store,2770-10-29 00:00:00
JUG_00590,HUB_AURORA,washed,2770-11-03 00:00:00
JUG_00590,STR_0030,purchased,2770-12-01 00:00:00
JUG_00590,STR_0030,returned_to_store,2771-01-19 00:00:00
JUG_00590,HUB_AURORA,washed,2771-01-21 00:00:00
JUG_00590,STR_0039,purchased,2771-01-29 00:00:00
JUG_00590,STR_0039,returned_to_store,2771-04-28 00:00:00
JUG_00590,HUB_AURORA,washed,2771-05-03 00:00:00
JUG_00590,STR_0034,purchased,2771-05-12 00:00:00
JUG_00590,STR_0034,returned_to_store,2771-07-12 00:00:00
JUG_00590,HUB_AURORA,washed,2771-07-16 00:00:00
JUG_00590,STR_0020,purchased,2771-08-04 00:00:00
JUG_00590,STR_0020,returned_to_store,2771-10-27 00:00:00
JUG_00590,HUB_AURORA,washed,2771-10-30 00:00:00
JUG_00590,STR_0027,purchased,2771-11-16 00:00:00
JUG_00590,STR_0027,returned_to_store,2772-02-03 00:00:00
JUG_00590,HUB_AURORA,washed,2772-02-08 00:00:00
JUG_00590,STR_0023,purchased,2772-03-02 00:00:00
JUG_00590,STR_0023,returned_to_store,2772-04-29 00:00:00
JUG_00590,HUB_AURORA,washed,2772-05-03 00:00:00
JUG_00591,STR_0012,purchased,2772-05-12 00:00:00
JUG_00591,STR_0012,returned_to_store,2772-08-17 00:00:00
JUG_00591,HUB_AURORA,washed,2772-08-19 00:00:00
JUG_00591,STR_0036,purchased,2772-08-28 00:00:00
JUG_00591,STR_0036,returned_to_store,2772-10-31 00:00:00
JUG_00591,HUB_AURORA,washed,2772-11-05 00:00:00
JUG_00591,STR_0032,purchased,2772-12-03 00:00:00
JUG_00591,STR_0032,returned_to_store,2773-02-15 00:00:00
JUG_00591,HUB_AURORA,washed,2773-02-20 00:00:00
JUG_00592,STR_0034,purchased,2773-03-06 00:00:00
JUG_00592,STR_0034,returned_to_store,2773-05-20 00:00:00
JUG_00592,HUB_AURORA,washed,2773-05-24 00:00:00
JUG_00592,STR_0004,purchased,2773-06-22 00:00:00
JUG_00592,STR_0004,returned_to_store,2773-08-24 00:00:00
JUG_00592,HUB_AURORA,washed,2773-08-28 00:00:00
JUG_00592,STR_0034,purchased,2773-09-15 00:00:00
JUG_00592,UNKNOWN,lost_to_leakage,2773-12-05 00:00:00
JUG_00593,STR_0042,purchased,2773-12-15 00:00:00
JUG_00593,STR_0042,returned_to_store,2774-02-15 00:00:00
JUG_00593,HUB_AURORA,washed,2774-02-18 00:00:00
JUG_00593,STR_0024,purchased,2774-02-26 00:00:00
JUG_00593,STR_0024,returned_to_store,2774-05-26 00:00:00
JUG_00593,HUB_AURORA,washed,2774-05-29 00:00:00
JUG_00593,STR_0031,purchased,2774-06-11 00:00:00
JUG_00593,STR_0031,returned_to_store,2774-08-20 00:00:00
JUG_00593,HUB_AURORA,washed,2774-08-24 00:00:00
JUG_00593,STR_0007,purchased,2774-09-12 00:00:00
JUG_00593,STR_0007,returned_to_store,2774-11-20 00:00:00
JUG_00593,HUB_AURORA,washed,2774-11-25 00:00:00
JUG_00593,STR_0004,purchased,2774-12-16 00:00:00
JUG_00593,STR_0004,returned_to_store,2775-02-19 00:00:00
JUG_00593,HUB_AURORA,washed,2775-02-21 00:00:00
JUG_00593,STR_0007,purchased,2775-03-07 00:00:00
JUG_00593,STR_0007,returned_to_store,2775-05-05 00:00:00
JUG_00593,HUB_AURORA,washed,2775-05-09 00:00:00
JUG_00593,STR_0018,purchased,2775-05-30 00:00:00
JUG_00593,UNKNOWN,lost_to_leakage,2775-08-11 00:00:00
JUG_00594,STR_0014,purchased,2775-08-19 00:00:00
JUG_00594,STR_0014,returned_to_store,2775-10-18 00:00:00
JUG_00594,HUB_AURORA,washed,2775-10-23 00:00:00
JUG_00594,STR_0034,purchased,2775-11-18 00:00:00
JUG_00594,STR_0034,returned_to_store,2776-01-28 00:00:00
JUG_00594,HUB_AURORA,washed,2776-01-31 00:00:00
JUG_00594,STR_0016,purchased,2776-02-15 00:00:00
JUG_00594,UNKNOWN,lost_to_leakage,2776-04-05 00:00:00
JUG_00595,STR_0035,purchased,2776-04-28 00:00:00
JUG_00595,STR_0035,returned_to_store,2776-07-05 00:00:00
JUG_00595,HUB_AURORA,washed,2776-07-08 00:00:00
JUG_00595,STR_0041,purchased,2776-07-30 00:00:00
JUG_00595,STR_0041,returned_to_store,2776-10-18 00:00:00
JUG_00595,HUB_AURORA,washed,2776-10-21 00:00:00
JUG_00595,STR_0028,purchased,2776-10-28 00:00:00
JUG_00595,STR_0028,returned_to_store,2777-01-03 00:00:00
JUG_00595,HUB_AURORA,washed,2777-01-06 00:00:00
JUG_00595,STR_0048,purchased,2777-01-19 00:00:00
JUG_00595,STR_0048,returned_to_store,2777-03-10 00:00:00
JUG_00595,HUB_AURORA,washed,2777-03-12 00:00:00
JUG_00595,STR_0018,purchased,2777-04-08 00:00:00
JUG_00595,STR_0018,returned_to_store,2777-06-08 00:00:00
JUG_00595,HUB_AURORA,washed,2777-06-10 00:00:00
JUG_00595,STR_0007,purchased,2777-07-05 00:00:00
JUG_00595,STR_0007,returned_to_store,2777-10-07 00:00:00
JUG_00595,HUB_AURORA,washed,2777-10-09 00:00:00
JUG_00596,STR_0027,purchased,2777-10-18 00:00:00
JUG_00596,STR_0027,returned_to_store,2777-12-21 00:00:00
JUG_00596,HUB_AURORA,washed,2777-12-26 00:00:00
JUG_00596,STR_0013,purchased,2778-01-03 00:00:00
JUG_00596,STR_0013,returned_to_store,2778-03-15 00:00:00
JUG_00596,HUB_AURORA,washed,2778-03-20 00:00:00
JUG_00596,STR_0043,purchased,2778-04-09 00:00:00
JUG_00596,STR_0043,returned_to_store,2778-07-15 00:00:00
JUG_00596,HUB_AURORA,washed,2778-07-17 00:00:00
JUG_00596,STR_0048,purchased,2778-08-10 00:00:00
JUG_00596,STR_0048,returned_to_store,2778-10-01 00:00:00
JUG_00596,HUB_AURORA,washed,2778-10-04 00:00:00
JUG_00596,STR_0043,purchased,2778-10-28 00:00:00
JUG_00596,STR_0043,returned_to_store,2779-01-11 00:00:00
JUG_00596,HUB_AURORA,washed,2779-01-14 00:00:00
JUG_00597,STR_0003,purchased,2779-02-12 00:00:00
JUG_00597,STR_0003,returned_to_store,2779-05-01 00:00:00
JUG_00597,HUB_AURORA,washed,2779-05-05 00:00:00
JUG_00597,STR_0029,purchased,2779-05-22 00:00:00
JUG_00597,STR_0029,returned_to_store,2779-08-02 00:00:00
JUG_00597,HUB_AURORA,washed,2779-08-06 00:00:00
JUG_00597,STR_0044,purchased,2779-08-14 00:00:00
JUG_00597,STR_0044,returned_to_store,2779-11-15 00:00:00
JUG_00597,HUB_AURORA,washed,2779-11-19 00:00:00
JUG_00597,STR_0017,purchased,2779-12-19 00:00:00
JUG_00597,STR_0017,returned_to_store,2780-02-22 00:00:00
JUG_00597,HUB_AURORA,washed,2780-02-26 00:00:00
JUG_00598,STR_0023,purchased,2780-03-05 00:00:00
JUG_00598,STR_0023,returned_to_store,2780-05-06 00:00:00
JUG_00598,HUB_AURORA,washed,2780-05-09 00:00:00
JUG_00598,STR_0026,purchased,2780-06-06 00:00:00
JUG_00598,STR_0026,returned_to_store,2780-08-12 00:00:00
JUG_00598,HUB_AURORA,washed,2780-08-17 00:00:00
JUG_00598,STR_0004,purchased,2780-09-08 00:00:00
JUG_00598,STR_0004,returned_to_store,2780-11-06 00:00:00
JUG_00598,HUB_AURORA,washed,2780-11-10 00:00:00
JUG_00598,STR_0000,purchased,2780-11-22 00:00:00
JUG_00598,STR_0000,returned_to_store,2781-02-06 00:00:00
JUG_00598,HUB_AURORA,washed,2781-02-08 00:00:00
JUG_00598,STR_0006,purchased,2781-03-04 00:00:00
JUG_00598,STR_0006,returned_to_store,2781-05-30 00:00:00
JUG_00598,HUB_AURORA,washed,2781-06-04 00:00:00
JUG_00599,STR_0012,purchased,2781-07-01 00:00:00
JUG_00599,STR_0012,returned_to_store,2781-09-09 00:00:00
JUG_00599,HUB_AURORA,washed,2781-09-12 00:00:00
JUG_00599,STR_0022,purchased,2781-09-26 00:00:00
JUG_00599,STR_0022,returned_to_store,2781-12-06 00:00:00
JUG_00599,HUB_AURORA,washed,2781-12-11 00:00:00
JUG_00599,STR_0000,purchased,2782-01-09 00:00:00
JUG_00599,STR_0000,returned_to_store,2782-03-20 00:00:00
JUG_00599,HUB_AURORA,washed,2782-03-23 00:00:00
JUG_00599,STR_0042,purchased,2782-04-13 00:00:00
JUG_00599,STR_0042,returned_to_store,2782-07-21 00:00:00
JUG_00599,HUB_AURORA,washed,2782-07-23 00:00:00
JUG_00599,STR_0022,purchased,2782-08-15 00:00:00
JUG_00599,STR_0022,returned_to_store,2782-10-12 00:00:00
JUG_00599,HUB_AURORA,washed,2782-10-16 00:00:00
JUG_00599,STR_0001,purchased,2782-10-29 00:00:00
JUG_00599,STR_0001,returned_to_store,2783-01-21 00:00:00
JUG_00599,HUB_AURORA,washed,2783-01-23 00:00:00
JUG_00599,STR_0021,purchased,2783-02-13 00:00:00
JUG_00599,STR_0021,returned_to_store,2783-04-15 00:00:00
JUG_00599,HUB_AURORA,washed,2783-04-19 00:00:00
JUG_00599,STR_0046,purchased,2783-05-05 00:00:00
JUG_00599,STR_0046,returned_to_store,2783-08-08 00:00:00
JUG_00599,HUB_AURORA,washed,2783-08-11 00:00:00
JUG_00599,STR_0033,purchased,2783-08-31 00:00:00
JUG_00599,STR_0033,returned_to_store,2783-11-10 00:00:00
JUG_00599,HUB_AURORA,washed,2783-11-14 00:00:00
JUG_00600,STR_0001,purchased,2783-12-08 00:00:00
JUG_00600,STR_0001,returned_to_store,2784-02-01 00:00:00
JUG_00600,HUB_AURORA,washed,2784-02-03 00:00:00
JUG_00600,STR_0022,purchased,2784-02-27 00:00:00
JUG_00600,STR_0022,returned_to_store,2784-04-23 00:00:00
JUG_00600,HUB_AURORA,washed,2784-04-26 00:00:00
JUG_00600,STR_0019,purchased,2784-05-13 00:00:00
JUG_00600,STR_0019,returned_to_store,2784-07-04 00:00:00
JUG_00600,HUB_AURORA,washed,2784-07-08 00:00:00
JUG_00601,STR_0030,purchased,2784-07-22 00:00:00
JUG_00601,STR_0030,returned_to_store,2784-10-02 00:00:00
JUG_00601,HUB_AURORA,washed,2784-10-06 00:00:00
JUG_00601,STR_0034,purchased,2784-10-28 00:00:00
JUG_00601,STR_0034,returned_to_store,2784-12-19 00:00:00
JUG_00601,HUB_AURORA,washed,2784-12-23 00:00:00
JUG_00601,STR_0021,purchased,2785-01-03 00:00:00
JUG_00601,STR_0021,returned_to_store,2785-03-26 00:00:00
JUG_00601,HUB_AURORA,washed,2785-03-28 00:00:00
JUG_00602,STR_0004,purchased,2785-04-22 00:00:00
JUG_00602,STR_0004,returned_to_store,2785-07-06 00:00:00
JUG_00602,HUB_AURORA,washed,2785-07-09 00:00:00
JUG_00602,STR_0029,purchased,2785-08-08 00:00:00
JUG_00602,STR_0029,returned_to_store,2785-09-28 00:00:00
JUG_00602,HUB_AURORA,washed,2785-10-01 00:00:00
JUG_00602,STR_0005,purchased,2785-10-24 00:00:00
JUG_00602,STR_0005,returned_to_store,2786-01-13 00:00:00
JUG_00602,HUB_AURORA,washed,2786-01-18 00:00:00
JUG_00602,STR_0016,purchased,2786-02-11 00:00:00
JUG_00602,STR_0016,returned_to_store,2786-04-18 00:00:00
JUG_00602,HUB_AURORA,washed,2786-04-23 00:00:00
JUG_00602,STR_0007,purchased,2786-05-15 00:00:00
JUG_00602,STR_0007,returned_to_store,2786-08-17 00:00:00
JUG_00602,HUB_AURORA,washed,2786-08-19 00:00:00
JUG_00602,STR_0044,purchased,2786-09-12 00:00:00
JUG_00602,STR_0044,returned_to_store,2786-11-13 00:00:00
JUG_00602,HUB_AURORA,washed,2786-11-17 00:00:00
JUG_00602,STR_0002,purchased,2786-12-10 00:00:00
JUG_00602,STR_0002,returned_to_store,2787-03-16 00:00:00
JUG_00602,HUB_AURORA,washed,2787-03-18 00:00:00
JUG_00602,STR_0000,purchased,2787-04-12 00:00:00
JUG_00602,STR_0000,returned_to_store,2787-07-18 00:00:00
JUG_00602,HUB_AURORA,washed,2787-07-23 00:00:00
JUG_00602,STR_0027,purchased,2787-08-06 00:00:00
JUG_00602,STR_0027,returned_to_store,2787-11-07 00:00:00
JUG_00602,HUB_AURORA,washed,2787-11-12 00:00:00
JUG_00602,STR_0015,purchased,2787-11-27 00:00:00
JUG_00602,STR_0015,returned_to_store,2788-02-05 00:00:00
JUG_00602,HUB_AURORA,washed,2788-02-07 00:00:00
JUG_00603,STR_0035,purchased,2788-02-24 00:00:00
JUG_00603,STR_0035,returned_to_store,2788-04-17 00:00:00
JUG_00603,HUB_AURORA,washed,2788-04-19 00:00:00
JUG_00603,STR_0012,purchased,2788-05-02 00:00:00
JUG_00603,STR_0012,returned_to_store,2788-07-28 00:00:00
JUG_00603,HUB_AURORA,washed,2788-08-01 00:00:00
JUG_00603,STR_0047,purchased,2788-08-27 00:00:00
JUG_00603,STR_0047,returned_to_store,2788-11-17 00:00:00
JUG_00603,HUB_AURORA,washed,2788-11-22 00:00:00
JUG_00603,STR_0006,purchased,2788-12-08 00:00:00
JUG_00603,STR_0006,returned_to_store,2789-02-27 00:00:00
JUG_00603,HUB_AURORA,washed,2789-03-01 00:00:00
JUG_00603,STR_0014,purchased,2789-03-29 00:00:00
JUG_00603,STR_0014,returned_to_store,2789-06-21 00:00:00
JUG_00603,HUB_AURORA,washed,2789-06-26 00:00:00
JUG_00603,STR_0047,purchased,2789-07-04 00:00:00
JUG_00603,STR_0047,returned_to_store,2789-10-05 00:00:00
JUG_00603,HUB_AURORA,washed,2789-10-09 00:00:00
JUG_00603,STR_0020,purchased,2789-11-02 00:00:00
JUG_00603,STR_0020,returned_to_store,2789-12-25 00:00:00
JUG_00603,HUB_AURORA,washed,2789-12-29 00:00:00
JUG_00603,STR_0041,purchased,2790-01-08 00:00:00
JUG_00603,UNKNOWN,lost_to_leakage,2790-04-09 00:00:00
JUG_00604,STR_0012,purchased,2790-05-09 00:00:00
JUG_00604,UNKNOWN,lost_to_leakage,2790-07-02 00:00:00
JUG_00605,STR_0009,purchased,2790-07-26 00:00:00
JUG_00605,UNKNOWN,lost_to_leakage,2790-09-15 00:00:00
JUG_00606,STR_0024,purchased,2790-10-09 00:00:00
JUG_00606,STR_0024,returned_to_store,2790-12-29 00:00:00
JUG_00606,HUB_AURORA,washed,2791-01-03 00:00:00
JUG_00606,STR_0045,purchased,2791-01-31 00:00:00
JUG_00606,STR_0045,returned_to_store,2791-04-14 00:00:00
JUG_00606,HUB_AURORA,washed,2791-04-18 00:00:00
JUG_00606,STR_0048,purchased,2791-05-12 00:00:00
JUG_00606,UNKNOWN,lost_to_leakage,2791-08-15 00:00:00
JUG_00607,STR_0022,purchased,2791-09-02 00:00:00
JUG_00607,STR_0022,returned_to_store,2791-11-25 00:00:00
JUG_00607,HUB_AURORA,washed,2791-11-30 00:00:00
JUG_00607,STR_0036,purchased,2791-12-07 00:00:00
JUG_00607,STR_0036,returned_to_store,2792-02-15 00:00:00
JUG_00607,HUB_AURORA,washed,2792-02-19 00:00:00
JUG_00607,STR_0005,purchased,2792-03-14 00:00:00
JUG_00607,STR_0005,returned_to_store,2792-05-29 00:00:00
JUG_00607,HUB_AURORA,washed,2792-06-02 00:00:00
JUG_00607,STR_0019,purchased,2792-06-12 00:00:00
JUG_00607,STR_0019,returned_to_store,2792-08-30 00:00:00
JUG_00607,HUB_AURORA,washed,2792-09-03 00:00:00
JUG_00607,STR_0033,purchased,2792-09-26 00:00:00
JUG_00607,STR_0033,returned_to_store,2792-11-23 00:00:00
JUG_00607,HUB_AURORA,washed,2792-11-26 00:00:00
JUG_00607,STR_0028,purchased,2792-12-22 00:00:00
JUG_00607,STR_0028,returned_to_store,2793-03-24 00:00:00
JUG_00607,HUB_AURORA,washed,2793-03-28 00:00:00
JUG_00607,STR_0015,purchased,2793-04-27 00:00:00
JUG_00607,STR_0015,returned_to_store,2793-07-14 00:00:00
JUG_00607,HUB_AURORA,washed,2793-07-18 00:00:00
JUG_00608,STR_0024,purchased,2793-07-27 00:00:00
JUG_00608,UNKNOWN,lost_to_leakage,2793-10-28 00:00:00
JUG_00609,STR_0036,purchased,2793-11-23 00:00:00
JUG_00609,STR_0036,returned_to_store,2794-01-30 00:00:00
JUG_00609,HUB_AURORA,washed,2794-02-03 00:00:00
JUG_00609,STR_0041,purchased,2794-02-13 00:00:00
JUG_00609,STR_0041,returned_to_store,2794-05-16 00:00:00
JUG_00609,HUB_AURORA,washed,2794-05-19 00:00:00
JUG_00609,STR_0038,purchased,2794-06-11 00:00:00
JUG_00609,UNKNOWN,lost_to_leakage,2794-09-03 00:00:00
JUG_00610,STR_0009,purchased,2794-09-26 00:00:00
JUG_00610,STR_0009,returned_to_store,2794-12-07 00:00:00
JUG_00610,HUB_AURORA,washed,2794-12-09 00:00:00
JUG_00610,STR_0030,purchased,2795-01-06 00:00:00
JUG_00610,STR_0030,returned_to_store,2795-04-05 00:00:00
JUG_00610,HUB_AURORA,washed,2795-04-10 00:00:00
JUG_00610,STR_0039,purchased,2795-04-17 00:00:00
JUG_00610,STR_0039,returned_to_store,2795-06-16 00:00:00
JUG_00610,HUB_AURORA,washed,2795-06-19 00:00:00
JUG_00610,STR_0039,purchased,2795-06-30 00:00:00
JUG_00610,STR_0039,returned_to_store,2795-10-09 00:00:00
JUG_00610,HUB_AURORA,washed,2795-10-11 00:00:00
JUG_00610,STR_0027,purchased,2795-11-05 00:00:00
JUG_00610,STR_0027,returned_to_store,2796-01-03 00:00:00
JUG_00610,HUB_AURORA,washed,2796-01-05 00:00:00
JUG_00610,STR_0007,purchased,2796-01-28 00:00:00
JUG_00610,STR_0007,returned_to_store,2796-04-08 00:00:00
JUG_00610,HUB_AURORA,washed,2796-04-13 00:00:00
JUG_00611,STR_0043,purchased,2796-04-25 00:00:00
JUG_00611,STR_0043,returned_to_store,2796-06-27 00:00:00
JUG_00611,HUB_AURORA,washed,2796-07-02 00:00:00
JUG_00611,STR_0037,purchased,2796-08-01 00:00:00
JUG_00611,STR_0037,returned_to_store,2796-10-10 00:00:00
JUG_00611,HUB_AURORA,washed,2796-10-13 00:00:00
JUG_00611,STR_0005,purchased,2796-10-24 00:00:00
JUG_00611,STR_0005,returned_to_store,2797-01-11 00:00:00
JUG_00611,HUB_AURORA,washed,2797-01-16 00:00:00
JUG_00611,STR_0047,purchased,2797-02-07 00:00:00
JUG_00611,STR_0047,returned_to_store,2797-04-11 00:00:00
JUG_00611,HUB_AURORA,washed,2797-04-16 00:00:00
JUG_00611,STR_0017,purchased,2797-04-27 00:00:00
JUG_00611,STR_0017,returned_to_store,2797-06-24 00:00:00
JUG_00611,HUB_AURORA,washed,2797-06-28 00:00:00
JUG_00611,STR_0043,purchased,2797-07-13 00:00:00
JUG_00611,STR_0043,returned_to_store,2797-10-02 00:00:00
JUG_00611,HUB_AURORA,washed,2797-10-05 00:00:00
JUG_00611,STR_0021,purchased,2797-10-31 00:00:00
JUG_00611,STR_0021,returned_to_store,2798-02-01 00:00:00
JUG_00611,HUB_AURORA,washed,2798-02-06 00:00:00
JUG_00612,STR_0008,purchased,2798-02-21 00:00:00
JUG_00612,STR_0008,returned_to_store,2798-04-25 00:00:00
JUG_00612,HUB_AURORA,washed,2798-04-27 00:00:00
JUG_00612,STR_0029,purchased,2798-05-22 00:00:00
JUG_00612,STR_0029,returned_to_store,2798-08-07 00:00:00
JUG_00612,HUB_AURORA,washed,2798-08-10 00:00:00
JUG_00612,STR_0017,purchased,2798-09-04 00:00:00
JUG_00612,STR_0017,returned_to_store,2798-11-07 00:00:00
JUG_00612,HUB_AURORA,washed,2798-11-11 00:00:00
JUG_00612,STR_0027,purchased,2798-11-28 00:00:00
JUG_00612,STR_0027,returned_to_store,2799-02-24 00:00:00
JUG_00612,HUB_AURORA,washed,2799-02-26 00:00:00
JUG_00612,STR_0046,purchased,2799-03-12 00:00:00
JUG_00612,STR_0046,returned_to_store,2799-06-17 00:00:00
JUG_00612,HUB_AURORA,washed,2799-06-21 00:00:00
JUG_00612,STR_0002,purchased,2799-07-21 00:00:00
JUG_00612,STR_0002,returned_to_store,2799-10-02 00:00:00
JUG_00612,HUB_AURORA,washed,2799-10-07 00:00:00
JUG_00612,STR_0020,purchased,2799-10-29 00:00:00
JUG_00612,STR_0020,returned_to_store,2799-12-21 00:00:00
JUG_00612,HUB_AURORA,washed,2799-12-24 00:00:00
JUG_00613,STR_0032,purchased,2800-01-16 00:00:00
JUG_00613,STR_0032,returned_to_store,2800-03-14 00:00:00
JUG_00613,HUB_AURORA,washed,2800-03-18 00:00:00
JUG_00613,STR_0046,purchased,2800-04-08 00:00:00
JUG_00613,STR_0046,returned_to_store,2800-06-03 00:00:00
JUG_00613,HUB_AURORA,washed,2800-06-08 00:00:00
JUG_00613,STR_0002,purchased,2800-07-06 00:00:00
JUG_00613,STR_0002,returned_to_store,2800-08-24 00:00:00
JUG_00613,HUB_AURORA,washed,2800-08-27 00:00:00
JUG_00613,STR_0005,purchased,2800-09-13 00:00:00
JUG_00613,STR_0005,returned_to_store,2800-11-27 00:00:00
JUG_00613,HUB_AURORA,washed,2800-11-29 00:00:00
JUG_00613,STR_0009,purchased,2800-12-07 00:00:00
JUG_00613,STR_0009,returned_to_store,2801-03-15 00:00:00
JUG_00613,HUB_AURORA,washed,2801-03-19 00:00:00
JUG_00613,STR_0000,purchased,2801-04-06 00:00:00
JUG_00613,STR_0000,returned_to_store,2801-06-23 00:00:00
JUG_00613,HUB_AURORA,washed,2801-06-25 00:00:00
JUG_00613,STR_0019,purchased,2801-07-10 00:00:00
JUG_00613,STR_0019,returned_to_store,2801-09-21 00:00:00
JUG_00613,HUB_AURORA,washed,2801-09-26 00:00:00
JUG_00613,STR_0041,purchased,2801-10-12 00:00:00
JUG_00613,STR_0041,returned_to_store,2801-12-16 00:00:00
JUG_00613,HUB_AURORA,washed,2801-12-19 00:00:00
JUG_00613,STR_0014,purchased,2802-01-01 00:00:00
JUG_00613,STR_0014,returned_to_store,2802-03-30 00:00:00
JUG_00613,HUB_AURORA,washed,2802-04-04 00:00:00
JUG_00614,STR_0037,purchased,2802-05-01 00:00:00
JUG_00614,STR_0037,returned_to_store,2802-06-22 00:00:00
JUG_00614,HUB_AURORA,washed,2802-06-25 00:00:00
JUG_00614,STR_0004,purchased,2802-07-08 00:00:00
JUG_00614,UNKNOWN,lost_to_leakage,2802-09-09 00:00:00
JUG_00615,STR_0015,purchased,2802-10-08 00:00:00
JUG_00615,STR_0015,returned_to_store,2803-01-04 00:00:00
JUG_00615,HUB_AURORA,washed,2803-01-08 00:00:00
JUG_00615,STR_0011,purchased,2803-01-17 00:00:00
JUG_00615,UNKNOWN,lost_to_leakage,2803-03-24 00:00:00
JUG_00616,STR_0010,purchased,2803-04-19 00:00:00
JUG_00616,STR_0010,returned_to_store,2803-06-26 00:00:00
JUG_00616,HUB_AURORA,washed,2803-06-28 00:00:00
JUG_00616,STR_0016,purchased,2803-07-15 00:00:00
JUG_00616,UNKNOWN,lost_to_leakage,2803-09-26 00:00:00
JUG_00617,STR_0039,purchased,2803-10-24 00:00:00
JUG_00617,UNKNOWN,lost_to_leakage,2803-12-26 00:00:00
JUG_00618,STR_0017,purchased,2804-01-11 00:00:00
JUG_00618,STR_0017,returned_to_store,2804-03-15 00:00:00
JUG_00618,HUB_AURORA,washed,2804-03-19 00:00:00
JUG_00618,STR_0022,purchased,2804-04-04 00:00:00
JUG_00618,STR_0022,returned_to_store,2804-06-24 00:00:00
JUG_00618,HUB_AURORA,washed,2804-06-28 00:00:00
JUG_00618,STR_0035,purchased,2804-07-25 00:00:00
JUG_00618,STR_0035,returned_to_store,2804-09-12 00:00:00
JUG_00618,HUB_AURORA,washed,2804-09-15 00:00:00
JUG_00618,STR_0016,purchased,2804-09-28 00:00:00
JUG_00618,STR_0016,returned_to_store,2804-12-11 00:00:00
JUG_00618,HUB_AURORA,washed,2804-12-14 00:00:00
JUG_00618,STR_0049,purchased,2804-12-22 00:00:00
JUG_00618,STR_0049,returned_to_store,2805-03-07 00:00:00
JUG_00618,HUB_AURORA,washed,2805-03-09 00:00:00
JUG_00618,STR_0046,purchased,2805-03-21 00:00:00
JUG_00618,STR_0046,returned_to_store,2805-06-03 00:00:00
JUG_00618,HUB_AURORA,washed,2805-06-07 00:00:00
JUG_00618,STR_0024,purchased,2805-07-06 00:00:00
JUG_00618,STR_0024,returned_to_store,2805-09-20 00:00:00
JUG_00618,HUB_AURORA,washed,2805-09-23 00:00:00
JUG_00619,STR_0048,purchased,2805-10-18 00:00:00
JUG_00619,STR_0048,returned_to_store,2806-01-12 00:00:00
JUG_00619,HUB_AURORA,washed,2806-01-15 00:00:00
JUG_00619,STR_0019,purchased,2806-01-27 00:00:00
JUG_00619,STR_0019,returned_to_store,2806-04-22 00:00:00
JUG_00619,HUB_AURORA,washed,2806-04-25 00:00:00
JUG_00619,STR_0016,purchased,2806-05-24 00:00:00
JUG_00619,STR_0016,returned_to_store,2806-07-12 00:00:00
JUG_00619,HUB_AURORA,washed,2806-07-14 00:00:00
JUG_00619,STR_0004,purchased,2806-08-01 00:00:00
JUG_00619,STR_0004,returned_to_store,2806-09-30 00:00:00
JUG_00619,HUB_AURORA,washed,2806-10-05 00:00:00
JUG_00619,STR_0040,purchased,2806-10-25 00:00:00
JUG_00619,STR_0040,returned_to_store,2806-12-29 00:00:00
JUG_00619,HUB_AURORA,washed,2807-01-01 00:00:00
JUG_00619,STR_0026,purchased,2807-01-10 00:00:00
JUG_00619,STR_0026,returned_to_store,2807-03-25 00:00:00
JUG_00619,HUB_AURORA,washed,2807-03-30 00:00:00
JUG_00619,STR_0017,purchased,2807-04-12 00:00:00
JUG_00619,STR_0017,returned_to_store,2807-06-16 00:00:00
JUG_00619,HUB_AURORA,washed,2807-06-19 00:00:00
JUG_00619,STR_0005,purchased,2807-06-30 00:00:00
JUG_00619,STR_0005,returned_to_store,2807-08-30 00:00:00
JUG_00619,HUB_AURORA,washed,2807-09-02 00:00:00
JUG_00619,STR_0020,purchased,2807-09-19 00:00:00
JUG_00619,STR_0020,returned_to_store,2807-11-20 00:00:00
JUG_00619,HUB_AURORA,washed,2807-11-24 00:00:00
JUG_00620,STR_0012,purchased,2807-12-01 00:00:00
JUG_00620,STR_0012,returned_to_store,2808-02-04 00:00:00
JUG_00620,HUB_AURORA,washed,2808-02-06 00:00:00
JUG_00620,STR_0010,purchased,2808-02-29 00:00:00
JUG_00620,STR_0010,returned_to_store,2808-04-30 00:00:00
JUG_00620,HUB_AURORA,washed,2808-05-04 00:00:00
JUG_00620,STR_0034,purchased,2808-06-03 00:00:00
JUG_00620,STR_0034,returned_to_store,2808-08-15 00:00:00
JUG_00620,HUB_AURORA,washed,2808-08-19 00:00:00
JUG_00620,STR_0000,purchased,2808-09-15 00:00:00
JUG_00620,STR_0000,returned_to_store,2808-11-24 00:00:00
JUG_00620,HUB_AURORA,washed,2808-11-29 00:00:00
JUG_00620,STR_0039,purchased,2808-12-11 00:00:00
JUG_00620,STR_0039,returned_to_store,2809-02-06 00:00:00
JUG_00620,HUB_AURORA,washed,2809-02-10 00:00:00
JUG_00620,STR_0011,purchased,2809-02-17 00:00:00
JUG_00620,STR_0011,returned_to_store,2809-05-11 00:00:00
JUG_00620,HUB_AURORA,washed,2809-05-14 00:00:00
JUG_00620,STR_0031,purchased,2809-05-22 00:00:00
JUG_00620,STR_0031,returned_to_store,2809-07-30 00:00:00
JUG_00620,HUB_AURORA,washed,2809-08-01 00:00:00
JUG_00620,STR_0015,purchased,2809-08-22 00:00:00
JUG_00620,STR_0015,returned_to_store,2809-11-19 00:00:00
JUG_00620,HUB_AURORA,washed,2809-11-24 00:00:00
JUG_00620,STR_0035,purchased,2809-12-24 00:00:00
JUG_00620,STR_0035,returned_to_store,2810-03-28 00:00:00
JUG_00620,HUB_AURORA,washed,2810-03-31 00:00:00
JUG_00621,STR_0013,purchased,2810-04-17 00:00:00
JUG_00621,STR_0013,returned_to_store,2810-06-21 00:00:00
JUG_00621,HUB_AURORA,washed,2810-06-23 00:00:00
JUG_00621,STR_0000,purchased,2810-07-22 00:00:00
JUG_00621,STR_0000,returned_to_store,2810-10-29 00:00:00
JUG_00621,HUB_AURORA,washed,2810-11-02 00:00:00
JUG_00621,STR_0015,purchased,2810-11-15 00:00:00
JUG_00621,STR_0015,returned_to_store,2811-02-04 00:00:00
JUG_00621,HUB_AURORA,washed,2811-02-08 00:00:00
JUG_00621,STR_0009,purchased,2811-03-05 00:00:00
JUG_00621,STR_0009,returned_to_store,2811-06-11 00:00:00
JUG_00621,HUB_AURORA,washed,2811-06-14 00:00:00
JUG_00621,STR_0016,purchased,2811-07-11 00:00:00
JUG_00621,STR_0016,returned_to_store,2811-10-05 00:00:00
JUG_00621,HUB_AURORA,washed,2811-10-10 00:00:00
JUG_00621,STR_0003,purchased,2811-11-07 00:00:00
JUG_00621,STR_0003,returned_to_store,2812-01-03 00:00:00
JUG_00621,HUB_AURORA,washed,2812-01-08 00:00:00
JUG_00622,STR_0000,purchased,2812-01-23 00:00:00
JUG_00622,STR_0000,returned_to_store,2812-04-19 00:00:00
JUG_00622,HUB_AURORA,washed,2812-04-24 00:00:00
JUG_00622,STR_0039,purchased,2812-05-05 00:00:00
JUG_00622,STR_0039,returned_to_store,2812-07-14 00:00:00
JUG_00622,HUB_AURORA,washed,2812-07-16 00:00:00
JUG_00622,STR_0018,purchased,2812-07-23 00:00:00
JUG_00622,STR_0018,returned_to_store,2812-09-18 00:00:00
JUG_00622,HUB_AURORA,washed,2812-09-22 00:00:00
JUG_00622,STR_0027,purchased,2812-10-08 00:00:00
JUG_00622,STR_0027,returned_to_store,2813-01-05 00:00:00
JUG_00622,HUB_AURORA,washed,2813-01-07 00:00:00
JUG_00622,STR_0048,purchased,2813-01-17 00:00:00
JUG_00622,STR_0048,returned_to_store,2813-04-18 00:00:00
JUG_00622,HUB_AURORA,washed,2813-04-20 00:00:00
JUG_00622,STR_0032,purchased,2813-05-09 00:00:00
JUG_00622,STR_0032,returned_to_store,2813-07-19 00:00:00
JUG_00622,HUB_AURORA,washed,2813-07-23 00:00:00
JUG_00622,STR_0044,purchased,2813-08-13 00:00:00
JUG_00622,STR_0044,returned_to_store,2813-10-12 00:00:00
JUG_00622,HUB_AURORA,washed,2813-10-16 00:00:00
JUG_00623,STR_0049,purchased,2813-11-04 00:00:00
JUG_00623,STR_0049,returned_to_store,2814-01-24 00:00:00
JUG_00623,HUB_AURORA,washed,2814-01-27 00:00:00
JUG_00623,STR_0005,purchased,2814-02-11 00:00:00
JUG_00623,STR_0005,returned_to_store,2814-04-22 00:00:00
JUG_00623,HUB_AURORA,washed,2814-04-24 00:00:00
JUG_00623,STR_0033,purchased,2814-05-02 00:00:00
JUG_00623,STR_0033,returned_to_store,2814-07-11 00:00:00
JUG_00623,HUB_AURORA,washed,2814-07-15 00:00:00
JUG_00623,STR_0009,purchased,2814-07-24 00:00:00
JUG_00623,STR_0009,returned_to_store,2814-10-20 00:00:00
JUG_00623,HUB_AURORA,washed,2814-10-22 00:00:00
JUG_00623,STR_0040,purchased,2814-10-29 00:00:00
JUG_00623,STR_0040,returned_to_store,2814-12-25 00:00:00
JUG_00623,HUB_AURORA,washed,2814-12-30 00:00:00
JUG_00623,STR_0029,purchased,2815-01-15 00:00:00
JUG_00623,STR_0029,returned_to_store,2815-04-18 00:00:00
JUG_00623,HUB_AURORA,washed,2815-04-20 00:00:00
JUG_00623,STR_0045,purchased,2815-04-30 00:00:00
JUG_00623,STR_0045,returned_to_store,2815-07-04 00:00:00
JUG_00623,HUB_AURORA,washed,2815-07-08 00:00:00
JUG_00623,STR_0025,purchased,2815-07-26 00:00:00
JUG_00623,STR_0025,returned_to_store,2815-10-18 00:00:00
JUG_00623,HUB_AURORA,washed,2815-10-21 00:00:00
JUG_00623,STR_0028,purchased,2815-10-30 00:00:00
JUG_00623,STR_0028,returned_to_store,2815-12-23 00:00:00
JUG_00623,HUB_AURORA,washed,2815-12-27 00:00:00
JUG_00623,STR_0043,purchased,2816-01-15 00:00:00
JUG_00623,STR_0043,returned_to_store,2816-04-26 00:00:00
JUG_00623,HUB_AURORA,washed,2816-04-28 00:00:00
JUG_00624,STR_0009,purchased,2816-05-10 00:00:00
JUG_00624,STR_0009,returned_to_store,2816-08-06 00:00:00
JUG_00624,HUB_AURORA,washed,2816-08-11 00:00:00
JUG_00624,STR_0042,purchased,2816-08-19 00:00:00
JUG_00624,STR_0042,returned_to_store,2816-10-17 00:00:00
JUG_00624,HUB_AURORA,washed,2816-10-19 00:00:00
JUG_00624,STR_0017,purchased,2816-10-31 00:00:00
JUG_00624,STR_0017,returned_to_store,2817-01-24 00:00:00
JUG_00624,HUB_AURORA,washed,2817-01-27 00:00:00
JUG_00624,STR_0047,purchased,2817-02-24 00:00:00
JUG_00624,STR_0047,returned_to_store,2817-04-28 00:00:00
JUG_00624,HUB_AURORA,washed,2817-04-30 00:00:00
JUG_00624,STR_0014,purchased,2817-05-22 00:00:00
JUG_00624,UNKNOWN,lost_to_leakage,2817-08-02 00:00:00
JUG_00625,STR_0046,purchased,2817-08-14 00:00:00
JUG_00625,STR_0046,returned_to_store,2817-11-21 00:00:00
JUG_00625,HUB_AURORA,washed,2817-11-24 00:00:00
JUG_00625,STR_0031,purchased,2817-12-19 00:00:00
JUG_00625,STR_0031,returned_to_store,2818-02-11 00:00:00
JUG_00625,HUB_AURORA,washed,2818-02-15 00:00:00
JUG_00625,STR_0037,purchased,2818-03-16 00:00:00
JUG_00625,STR_0037,returned_to_store,2818-05-08 00:00:00
JUG_00625,HUB_AURORA,washed,2818-05-11 00:00:00
JUG_00625,STR_0024,purchased,2818-06-05 00:00:00
JUG_00625,STR_0024,returned_to_store,2818-09-08 00:00:00
JUG_00625,HUB_AURORA,washed,2818-09-12 00:00:00
JUG_00625,STR_0008,purchased,2818-10-10 00:00:00
JUG_00625,STR_0008,returned_to_store,2819-01-11 00:00:00
JUG_00625,HUB_AURORA,washed,2819-01-14 00:00:00
JUG_00626,STR_0035,purchased,2819-01-23 00:00:00
JUG_00626,STR_0035,returned_to_store,2819-04-26 00:00:00
JUG_00626,HUB_AURORA,washed,2819-04-28 00:00:00
JUG_00626,STR_0021,purchased,2819-05-13 00:00:00
JUG_00626,STR_0021,returned_to_store,2819-07-08 00:00:00
JUG_00626,HUB_AURORA,washed,2819-07-10 00:00:00
JUG_00626,STR_0010,purchased,2819-07-17 00:00:00
JUG_00626,STR_0010,returned_to_store,2819-09-21 00:00:00
JUG_00626,HUB_AURORA,washed,2819-09-25 00:00:00
JUG_00626,STR_0018,purchased,2819-10-22 00:00:00
JUG_00626,STR_0018,returned_to_store,2819-12-30 00:00:00
JUG_00626,HUB_AURORA,washed,2820-01-04 00:00:00
JUG_00626,STR_0011,purchased,2820-02-03 00:00:00
JUG_00626,STR_0011,returned_to_store,2820-04-13 00:00:00
JUG_00626,HUB_AURORA,washed,2820-04-17 00:00:00
JUG_00626,STR_0027,purchased,2820-05-01 00:00:00
JUG_00626,STR_0027,returned_to_store,2820-06-18 00:00:00
JUG_00626,HUB_AURORA,washed,2820-06-22 00:00:00
JUG_00627,STR_0045,purchased,2820-07-20 00:00:00
JUG_00627,STR_0045,returned_to_store,2820-10-07 00:00:00
JUG_00627,HUB_AURORA,washed,2820-10-11 00:00:00
JUG_00627,STR_0037,purchased,2820-10-28 00:00:00
JUG_00627,STR_0037,returned_to_store,2821-01-19 00:00:00
JUG_00627,HUB_AURORA,washed,2821-01-24 00:00:00
JUG_00627,STR_0009,purchased,2821-02-02 00:00:00
JUG_00627,STR_0009,returned_to_store,2821-04-04 00:00:00
JUG_00627,HUB_AURORA,washed,2821-04-08 00:00:00
JUG_00628,STR_0034,purchased,2821-04-22 00:00:00
JUG_00628,STR_0034,returned_to_store,2821-06-30 00:00:00
JUG_00628,HUB_AURORA,washed,2821-07-03 00:00:00
JUG_00628,STR_0046,purchased,2821-08-01 00:00:00
JUG_00628,UNKNOWN,lost_to_leakage,2821-10-27 00:00:00
JUG_00629,STR_0006,purchased,2821-11-12 00:00:00
JUG_00629,STR_0006,returned_to_store,2822-02-08 00:00:00
JUG_00629,HUB_AURORA,washed,2822-02-12 00:00:00
JUG_00629,STR_0044,purchased,2822-03-12 00:00:00
JUG_00629,STR_0044,returned_to_store,2822-05-23 00:00:00
JUG_00629,HUB_AURORA,washed,2822-05-28 00:00:00
JUG_00629,STR_0021,purchased,2822-06-07 00:00:00
JUG_00629,UNKNOWN,lost_to_leakage,2822-08-06 00:00:00
JUG_00630,STR_0034,purchased,2822-09-04 00:00:00
JUG_00630,STR_0034,returned_to_store,2822-11-01 00:00:00
JUG_00630,HUB_AURORA,washed,2822-11-05 00:00:00
JUG_00630,STR_0018,purchased,2822-12-01 00:00:00
JUG_00630,STR_0018,returned_to_store,2823-01-21 00:00:00
JUG_00630,HUB_AURORA,washed,2823-01-24 00:00:00
JUG_00630,STR_0009,purchased,2823-02-04 00:00:00
JUG_00630,UNKNOWN,lost_to_leakage,2823-04-29 00:00:00
JUG_00631,STR_0003,purchased,2823-05-25 00:00:00
JUG_00631,STR_0003,returned_to_store,2823-08-20 00:00:00
JUG_00631,HUB_AURORA,washed,2823-08-23 00:00:00
JUG_00631,STR_0023,purchased,2823-09-08 00:00:00
JUG_00631,STR_0023,returned_to_store,2823-12-15 00:00:00
JUG_00631,HUB_AURORA,washed,2823-12-17 00:00:00
JUG_00631,STR_0014,purchased,2824-01-13 00:00:00
JUG_00631,STR_0014,returned_to_store,2824-03-23 00:00:00
JUG_00631,HUB_AURORA,washed,2824-03-26 00:00:00
JUG_00632,STR_0049,purchased,2824-04-11 00:00:00
JUG_00632,STR_0049,returned_to_store,2824-07-11 00:00:00
JUG_00632,HUB_AURORA,washed,2824-07-15 00:00:00
JUG_00632,STR_0034,purchased,2824-08-14 00:00:00
JUG_00632,STR_0034,returned_to_store,2824-10-20 00:00:00
JUG_00632,HUB_AURORA,washed,2824-10-22 00:00:00
JUG_00632,STR_0029,purchased,2824-11-20 00:00:00
JUG_00632,STR_0029,returned_to_store,2825-02-05 00:00:00
JUG_00632,HUB_AURORA,washed,2825-02-07 00:00:00
JUG_00632,STR_0025,purchased,2825-03-03 00:00:00
JUG_00632,STR_0025,returned_to_store,2825-05-11 00:00:00
JUG_00632,HUB_AURORA,washed,2825-05-15 00:00:00
JUG_00632,STR_0042,purchased,2825-06-12 00:00:00
JUG_00632,STR_0042,returned_to_store,2825-08-16 00:00:00
JUG_00632,HUB_AURORA,washed,2825-08-20 00:00:00
JUG_00632,STR_0016,purchased,2825-09-09 00:00:00
JUG_00632,UNKNOWN,lost_to_leakage,2825-11-27 00:00:00
JUG_00633,STR_0040,purchased,2825-12-06 00:00:00
JUG_00633,STR_0040,returned_to_store,2826-02-19 00:00:00
JUG_00633,HUB_AURORA,washed,2826-02-21 00:00:00
JUG_00633,STR_0000,purchased,2826-03-14 00:00:00
JUG_00633,STR_0000,returned_to_store,2826-05-07 00:00:00
JUG_00633,HUB_AURORA,washed,2826-05-10 00:00:00
JUG_00633,STR_0039,purchased,2826-06-04 00:00:00
JUG_00633,STR_0039,returned_to_store,2826-08-18 00:00:00
JUG_00633,HUB_AURORA,washed,2826-08-21 00:00:00
JUG_00633,STR_0000,purchased,2826-09-08 00:00:00
JUG_00633,STR_0000,returned_to_store,2826-11-06 00:00:00
JUG_00633,HUB_AURORA,washed,2826-11-10 00:00:00
JUG_00633,STR_0039,purchased,2826-11-24 00:00:00
JUG_00633,STR_0039,returned_to_store,2827-02-05 00:00:00
JUG_00633,HUB_AURORA,washed,2827-02-07 00:00:00
JUG_00633,STR_0024,purchased,2827-02-22 00:00:00
JUG_00633,STR_0024,returned_to_store,2827-05-05 00:00:00
JUG_00633,HUB_AURORA,washed,2827-05-10 00:00:00
JUG_00633,STR_0016,purchased,2827-06-06 00:00:00
JUG_00633,UNKNOWN,lost_to_leakage,2827-08-16 00:00:00
JUG_00634,STR_0026,purchased,2827-09-05 00:00:00
JUG_00634,STR_0026,returned_to_store,2827-11-07 00:00:00
JUG_00634,HUB_AURORA,washed,2827-11-12 00:00:00
JUG_00634,STR_0000,purchased,2827-11-27 00:00:00
JUG_00634,STR_0000,returned_to_store,2828-02-14 00:00:00
JUG_00634,HUB_AURORA,washed,2828-02-17 00:00:00
JUG_00634,STR_0012,purchased,2828-03-10 00:00:00
JUG_00634,STR_0012,returned_to_store,2828-06-05 00:00:00
JUG_00634,HUB_AURORA,washed,2828-06-08 00:00:00
JUG_00634,STR_0026,purchased,2828-06-23 00:00:00
JUG_00634,STR_0026,returned_to_store,2828-08-22 00:00:00
JUG_00634,HUB_AURORA,washed,2828-08-25 00:00:00
JUG_00634,STR_0038,purchased,2828-09-04 00:00:00
JUG_00634,STR_0038,returned_to_store,2828-12-01 00:00:00
JUG_00634,HUB_AURORA,washed,2828-12-06 00:00:00
JUG_00634,STR_0031,purchased,2828-12-17 00:00:00
JUG_00634,STR_0031,returned_to_store,2829-03-03 00:00:00
JUG_00634,HUB_AURORA,washed,2829-03-08 00:00:00
JUG_00634,STR_0035,purchased,2829-04-04 00:00:00
JUG_00634,STR_0035,returned_to_store,2829-06-05 00:00:00
JUG_00634,HUB_AURORA,washed,2829-06-10 00:00:00
JUG_00634,STR_0014,purchased,2829-06-26 00:00:00
JUG_00634,UNKNOWN,lost_to_leakage,2829-09-19 00:00:00
JUG_00635,STR_0010,purchased,2829-10-10 00:00:00
JUG_00635,STR_0010,returned_to_store,2829-12-18 00:00:00
JUG_00635,HUB_AURORA,washed,2829-12-20 00:00:00
JUG_00635,STR_0032,purchased,2830-01-17 00:00:00
JUG_00635,STR_0032,returned_to_store,2830-04-22 00:00:00
JUG_00635,HUB_AURORA,washed,2830-04-26 00:00:00
JUG_00635,STR_0022,purchased,2830-05-18 00:00:00
JUG_00635,STR_0022,returned_to_store,2830-08-07 00:00:00
JUG_00635,HUB_AURORA,washed,2830-08-11 00:00:00
JUG_00635,STR_0006,purchased,2830-08-31 00:00:00
JUG_00635,STR_0006,returned_to_store,2830-11-23 00:00:00
JUG_00635,HUB_AURORA,washed,2830-11-26 00:00:00
JUG_00635,STR_0010,purchased,2830-12-14 00:00:00
JUG_00635,STR_0010,returned_to_store,2831-02-19 00:00:00
JUG_00635,HUB_AURORA,washed,2831-02-24 00:00:00
JUG_00635,STR_0002,purchased,2831-03-10 00:00:00
JUG_00635,UNKNOWN,lost_to_leakage,2831-05-24 00:00:00
JUG_00636,STR_0034,purchased,2831-06-01 00:00:00
JUG_00636,STR_0034,returned_to_store,2831-08-05 00:00:00
JUG_00636,HUB_AURORA,washed,2831-08-08 00:00:00
JUG_00636,STR_0031,purchased,2831-08-17 00:00:00
JUG_00636,STR_0031,returned_to_store,2831-11-03 00:00:00
JUG_00636,HUB_AURORA,washed,2831-11-07 00:00:00
JUG_00636,STR_0041,purchased,2831-12-07 00:00:00
JUG_00636,STR_0041,returned_to_store,2832-03-10 00:00:00
JUG_00636,HUB_AURORA,washed,2832-03-15 00:00:00
JUG_00636,STR_0049,purchased,2832-04-10 00:00:00
JUG_00636,STR_0049,returned_to_store,2832-07-05 00:00:00
JUG_00636,HUB_AURORA,washed,2832-07-07 00:00:00
JUG_00636,STR_0007,purchased,2832-07-14 00:00:00
JUG_00636,STR_0007,returned_to_store,2832-09-10 00:00:00
JUG_00636,HUB_AURORA,washed,2832-09-13 00:00:00
JUG_00637,STR_0039,purchased,2832-10-13 00:00:00
JUG_00637,STR_0039,returned_to_store,2833-01-10 00:00:00
JUG_00637,HUB_AURORA,washed,2833-01-14 00:00:00
JUG_00637,STR_0023,purchased,2833-01-23 00:00:00
JUG_00637,STR_0023,returned_to_store,2833-03-20 00:00:00
JUG_00637,HUB_AURORA,washed,2833-03-23 00:00:00
JUG_00637,STR_0003,purchased,2833-04-04 00:00:00
JUG_00637,STR_0003,returned_to_store,2833-06-08 00:00:00
JUG_00637,HUB_AURORA,washed,2833-06-13 00:00:00
JUG_00637,STR_0020,purchased,2833-07-02 00:00:00
JUG_00637,STR_0020,returned_to_store,2833-10-05 00:00:00
JUG_00637,HUB_AURORA,washed,2833-10-10 00:00:00
JUG_00638,STR_0035,purchased,2833-10-17 00:00:00
JUG_00638,STR_0035,returned_to_store,2833-12-18 00:00:00
JUG_00638,HUB_AURORA,washed,2833-12-20 00:00:00
JUG_00638,STR_0006,purchased,2833-12-29 00:00:00
JUG_00638,UNKNOWN,lost_to_leakage,2834-03-17 00:00:00
JUG_00639,STR_0019,purchased,2834-03-29 00:00:00
JUG_00639,STR_0019,returned_to_store,2834-06-25 00:00:00
JUG_00639,HUB_AURORA,washed,2834-06-27 00:00:00
JUG_00639,STR_0009,purchased,2834-07-16 00:00:00
JUG_00639,STR_0009,returned_to_store,2834-09-27 00:00:00
JUG_00639,HUB_AURORA,washed,2834-09-29 00:00:00
JUG_00639,STR_0027,purchased,2834-10-24 00:00:00
JUG_00639,STR_0027,returned_to_store,2834-12-30 00:00:00
JUG_00639,HUB_AURORA,washed,2835-01-03 00:00:00
JUG_00640,STR_0019,purchased,2835-01-16 00:00:00
JUG_00640,STR_0019,returned_to_store,2835-03-29 00:00:00
JUG_00640,HUB_AURORA,washed,2835-04-02 00:00:00
JUG_00640,STR_0007,purchased,2835-04-18 00:00:00
JUG_00640,STR_0007,returned_to_store,2835-07-10 00:00:00
JUG_00640,HUB_AURORA,washed,2835-07-14 00:00:00
JUG_00640,STR_0026,purchased,2835-08-04 00:00:00
JUG_00640,STR_0026,returned_to_store,2835-10-06 00:00:00
JUG_00640,HUB_AURORA,washed,2835-10-10 00:00:00
JUG_00640,STR_0045,purchased,2835-11-02 00:00:00
JUG_00640,UNKNOWN,lost_to_leakage,2835-12-26 00:00:00
JUG_00641,STR_0024,purchased,2836-01-07 00:00:00
JUG_00641,STR_0024,returned_to_store,2836-03-29 00:00:00
JUG_00641,HUB_AURORA,washed,2836-04-01 00:00:00
JUG_00641,STR_0002,purchased,2836-04-21 00:00:00
JUG_00641,UNKNOWN,lost_to_leakage,2836-07-31 00:00:00
JUG_00642,STR_0028,purchased,2836-08-10 00:00:00
JUG_00642,STR_0028,returned_to_store,2836-10-12 00:00:00
JUG_00642,HUB_AURORA,washed,2836-10-17 00:00:00
JUG_00642,STR_0037,purchased,2836-11-03 00:00:00
JUG_00642,STR_0037,returned_to_store,2836-12-26 00:00:00
JUG_00642,HUB_AURORA,washed,2836-12-29 00:00:00
JUG_00642,STR_0047,purchased,2837-01-16 00:00:00
JUG_00642,UNKNOWN,lost_to_leakage,2837-04-09 00:00:00
JUG_00643,STR_0027,purchased,2837-04-25 00:00:00
JUG_00643,STR_0027,returned_to_store,2837-07-31 00:00:00
JUG_00643,HUB_AURORA,washed,2837-08-03 00:00:00
JUG_00643,STR_0018,purchased,2837-08-27 00:00:00
JUG_00643,STR_0018,returned_to_store,2837-10-26 00:00:00
JUG_00643,HUB_AURORA,washed,2837-10-31 00:00:00
JUG_00643,STR_0016,purchased,2837-11-28 00:00:00
JUG_00643,STR_0016,returned_to_store,2838-02-02 00:00:00
JUG_00643,HUB_AURORA,washed,2838-02-04 00:00:00
JUG_00643,STR_0028,purchased,2838-02-14 00:00:00
JUG_00643,STR_0028,returned_to_store,2838-05-03 00:00:00
JUG_00643,HUB_AURORA,washed,2838-05-07 00:00:00
JUG_00644,STR_0001,purchased,2838-05-25 00:00:00
JUG_00644,STR_0001,returned_to_store,2838-08-04 00:00:00
JUG_00644,HUB_AURORA,washed,2838-08-09 00:00:00
JUG_00644,STR_0026,purchased,2838-08-21 00:00:00
JUG_00644,STR_0026,returned_to_store,2838-10-26 00:00:00
JUG_00644,HUB_AURORA,washed,2838-10-30 00:00:00
JUG_00644,STR_0028,purchased,2838-11-18 00:00:00
JUG_00644,STR_0028,returned_to_store,2839-02-09 00:00:00
JUG_00644,HUB_AURORA,washed,2839-02-14 00:00:00
JUG_00645,STR_0026,purchased,2839-02-24 00:00:00
JUG_00645,STR_0026,returned_to_store,2839-04-21 00:00:00
JUG_00645,HUB_AURORA,washed,2839-04-25 00:00:00
JUG_00645,STR_0029,purchased,2839-05-24 00:00:00
JUG_00645,UNKNOWN,lost_to_leakage,2839-07-19 00:00:00
JUG_00646,STR_0018,purchased,2839-07-31 00:00:00
JUG_00646,STR_0018,returned_to_store,2839-11-02 00:00:00
JUG_00646,HUB_AURORA,washed,2839-11-04 00:00:00
JUG_00646,STR_0008,purchased,2839-11-22 00:00:00
JUG_00646,STR_0008,returned_to_store,2840-02-05 00:00:00
JUG_00646,HUB_AURORA,washed,2840-02-09 00:00:00
JUG_00646,STR_0036,purchased,2840-02-29 00:00:00
JUG_00646,STR_0036,returned_to_store,2840-06-06 00:00:00
JUG_00646,HUB_AURORA,washed,2840-06-11 00:00:00
JUG_00646,STR_0034,purchased,2840-07-09 00:00:00
JUG_00646,STR_0034,returned_to_store,2840-10-09 00:00:00
JUG_00646,HUB_AURORA,washed,2840-10-12 00:00:00
JUG_00646,STR_0006,purchased,2840-10-30 00:00:00
JUG_00646,STR_0006,returned_to_store,2841-02-01 00:00:00
JUG_00646,HUB_AURORA,washed,2841-02-05 00:00:00
JUG_00646,STR_0040,purchased,2841-02-23 00:00:00
JUG_00646,UNKNOWN,lost_to_leakage,2841-04-29 00:00:00
JUG_00647,STR_0042,purchased,2841-05-17 00:00:00
JUG_00647,STR_0042,returned_to_store,2841-08-14 00:00:00
JUG_00647,HUB_AURORA,washed,2841-08-19 00:00:00
JUG_00647,STR_0032,purchased,2841-08-26 00:00:00
JUG_00647,STR_0032,returned_to_store,2841-12-03 00:00:00
JUG_00647,HUB_AURORA,washed,2841-12-08 00:00:00
JUG_00647,STR_0048,purchased,2841-12-17 00:00:00
JUG_00647,STR_0048,returned_to_store,2842-02-27 00:00:00
JUG_00647,HUB_AURORA,washed,2842-03-02 00:00:00
JUG_00648,STR_0031,purchased,2842-03-16 00:00:00
JUG_00648,STR_0031,returned_to_store,2842-05-27 00:00:00
JUG_00648,HUB_AURORA,washed,2842-06-01 00:00:00
JUG_00648,STR_0004,purchased,2842-06-18 00:00:00
JUG_00648,STR_0004,returned_to_store,2842-08-28 00:00:00
JUG_00648,HUB_AURORA,washed,2842-09-02 00:00:00
JUG_00648,STR_0029,purchased,2842-10-01 00:00:00
JUG_00648,STR_0029,returned_to_store,2842-12-20 00:00:00
JUG_00648,HUB_AURORA,washed,2842-12-22 00:00:00
JUG_00648,STR_0019,purchased,2843-01-13 00:00:00
JUG_00648,STR_0019,returned_to_store,2843-03-13 00:00:00
JUG_00648,HUB_AURORA,washed,2843-03-16 00:00:00
JUG_00648,STR_0020,purchased,2843-04-12 00:00:00
JUG_00648,STR_0020,returned_to_store,2843-06-13 00:00:00
JUG_00648,HUB_AURORA,washed,2843-06-16 00:00:00
JUG_00648,STR_0004,purchased,2843-07-15 00:00:00
JUG_00648,STR_0004,returned_to_store,2843-09-10 00:00:00
JUG_00648,HUB_AURORA,washed,2843-09-12 00:00:00
JUG_00648,STR_0025,purchased,2843-09-19 00:00:00
JUG_00648,STR_0025,returned_to_store,2843-11-15 00:00:00
JUG_00648,HUB_AURORA,washed,2843-11-20 00:00:00
JUG_00648,STR_0001,purchased,2843-12-15 00:00:00
JUG_00648,STR_0001,returned_to_store,2844-03-13 00:00:00
JUG_00648,HUB_AURORA,washed,2844-03-18 00:00:00
JUG_00648,STR_0034,purchased,2844-03-25 00:00:00
JUG_00648,STR_0034,returned_to_store,2844-05-12 00:00:00
JUG_00648,HUB_AURORA,washed,2844-05-16 00:00:00
JUG_00648,STR_0008,purchased,2844-06-09 00:00:00
JUG_00648,STR_0008,returned_to_store,2844-08-09 00:00:00
JUG_00648,HUB_AURORA,washed,2844-08-11 00:00:00
JUG_00649,STR_0049,purchased,2844-08-20 00:00:00
JUG_00649,STR_0049,returned_to_store,2844-11-09 00:00:00
JUG_00649,HUB_AURORA,washed,2844-11-13 00:00:00
JUG_00649,STR_0014,purchased,2844-11-26 00:00:00
JUG_00649,STR_0014,returned_to_store,2845-02-10 00:00:00
JUG_00649,HUB_AURORA,washed,2845-02-14 00:00:00
JUG_00649,STR_0038,purchased,2845-02-25 00:00:00
JUG_00649,STR_0038,returned_to_store,2845-05-10 00:00:00
JUG_00649,HUB_AURORA,washed,2845-05-12 00:00:00
JUG_00649,STR_0024,purchased,2845-06-05 00:00:00
JUG_00649,STR_0024,returned_to_store,2845-09-15 00:00:00
JUG_00649,HUB_AURORA,washed,2845-09-20 00:00:00
JUG_00650,STR_0032,purchased,2845-10-19 00:00:00
JUG_00650,STR_0032,returned_to_store,2845-12-17 00:00:00
JUG_00650,HUB_AURORA,washed,2845-12-19 00:00:00
JUG_00650,STR_0044,purchased,2845-12-31 00:00:00
JUG_00650,UNKNOWN,lost_to_leakage,2846-03-26 00:00:00
JUG_00651,STR_0039,purchased,2846-04-19 00:00:00
JUG_00651,STR_0039,returned_to_store,2846-06-16 00:00:00
JUG_00651,HUB_AURORA,washed,2846-06-20 00:00:00
JUG_00651,STR_0035,purchased,2846-07-11 00:00:00
JUG_00651,STR_0035,returned_to_store,2846-09-25 00:00:00
JUG_00651,HUB_AURORA,washed,2846-09-29 00:00:00
JUG_00651,STR_0045,purchased,2846-10-21 00:00:00
JUG_00651,STR_0045,returned_to_store,2847-01-13 00:00:00
JUG_00651,HUB_AURORA,washed,2847-01-18 00:00:00
JUG_00651,STR_0044,purchased,2847-02-15 00:00:00
JUG_00651,STR_0044,returned_to_store,2847-05-13 00:00:00
JUG_00651,HUB_AURORA,washed,2847-05-18 00:00:00
JUG_00651,STR_0001,purchased,2847-06-14 00:00:00
JUG_00651,STR_0001,returned_to_store,2847-08-16 00:00:00
JUG_00651,HUB_AURORA,washed,2847-08-20 00:00:00
JUG_00651,STR_0009,purchased,2847-09-08 00:00:00
JUG_00651,STR_0009,returned_to_store,2847-11-25 00:00:00
JUG_00651,HUB_AURORA,washed,2847-11-29 00:00:00
JUG_00651,STR_0000,purchased,2847-12-24 00:00:00
JUG_00651,STR_0000,returned_to_store,2848-03-28 00:00:00
JUG_00651,HUB_AURORA,washed,2848-04-02 00:00:00
JUG_00651,STR_0046,purchased,2848-05-02 00:00:00
JUG_00651,STR_0046,returned_to_store,2848-06-28 00:00:00
JUG_00651,HUB_AURORA,washed,2848-07-03 00:00:00
JUG_00651,STR_0003,purchased,2848-07-28 00:00:00
JUG_00651,STR_0003,returned_to_store,2848-09-21 00:00:00
JUG_00651,HUB_AURORA,washed,2848-09-25 00:00:00
JUG_00651,STR_0043,purchased,2848-10-15 00:00:00
JUG_00651,STR_0043,returned_to_store,2849-01-18 00:00:00
JUG_00651,HUB_AURORA,washed,2849-01-23 00:00:00
JUG_00652,STR_0027,purchased,2849-02-16 00:00:00
JUG_00652,STR_0027,returned_to_store,2849-04-17 00:00:00
JUG_00652,HUB_AURORA,washed,2849-04-19 00:00:00
JUG_00652,STR_0040,purchased,2849-05-05 00:00:00
JUG_00652,STR_0040,returned_to_store,2849-06-26 00:00:00
JUG_00652,HUB_AURORA,washed,2849-07-01 00:00:00
JUG_00652,STR_0029,purchased,2849-07-23 00:00:00
JUG_00652,STR_0029,returned_to_store,2849-10-27 00:00:00
JUG_00652,HUB_AURORA,washed,2849-11-01 00:00:00
JUG_00652,STR_0017,purchased,2849-11-21 00:00:00
JUG_00652,STR_0017,returned_to_store,2850-01-17 00:00:00
JUG_00652,HUB_AURORA,washed,2850-01-22 00:00:00
JUG_00652,STR_0005,purchased,2850-02-17 00:00:00
JUG_00652,STR_0005,returned_to_store,2850-04-26 00:00:00
JUG_00652,HUB_AURORA,washed,2850-05-01 00:00:00
JUG_00652,STR_0001,purchased,2850-05-11 00:00:00
JUG_00652,STR_0001,returned_to_store,2850-07-16 00:00:00
JUG_00652,HUB_AURORA,washed,2850-07-21 00:00:00
JUG_00652,STR_0034,purchased,2850-08-09 00:00:00
JUG_00652,STR_0034,returned_to_store,2850-10-08 00:00:00
JUG_00652,HUB_AURORA,washed,2850-10-13 00:00:00
JUG_00653,STR_0000,purchased,2850-10-27 00:00:00
JUG_00653,STR_0000,returned_to_store,2851-01-07 00:00:00
JUG_00653,HUB_AURORA,washed,2851-01-12 00:00:00
JUG_00653,STR_0049,purchased,2851-01-20 00:00:00
JUG_00653,STR_0049,returned_to_store,2851-04-28 00:00:00
JUG_00653,HUB_AURORA,washed,2851-04-30 00:00:00
JUG_00653,STR_0030,purchased,2851-05-12 00:00:00
JUG_00653,STR_0030,returned_to_store,2851-08-06 00:00:00
JUG_00653,HUB_AURORA,washed,2851-08-11 00:00:00
JUG_00653,STR_0031,purchased,2851-09-07 00:00:00
JUG_00653,STR_0031,returned_to_store,2851-11-28 00:00:00
JUG_00653,HUB_AURORA,washed,2851-12-01 00:00:00
JUG_00653,STR_0020,purchased,2851-12-23 00:00:00
JUG_00653,STR_0020,returned_to_store,2852-02-24 00:00:00
JUG_00653,HUB_AURORA,washed,2852-02-26 00:00:00
JUG_00653,STR_0045,purchased,2852-03-17 00:00:00
JUG_00653,STR_0045,returned_to_store,2852-06-08 00:00:00
JUG_00653,HUB_AURORA,washed,2852-06-10 00:00:00
JUG_00653,STR_0021,purchased,2852-07-02 00:00:00
JUG_00653,STR_0021,returned_to_store,2852-10-03 00:00:00
JUG_00653,HUB_AURORA,washed,2852-10-06 00:00:00
JUG_00653,STR_0003,purchased,2852-10-31 00:00:00
JUG_00653,STR_0003,returned_to_store,2853-02-08 00:00:00
JUG_00653,HUB_AURORA,washed,2853-02-12 00:00:00
JUG_00653,STR_0027,purchased,2853-03-14 00:00:00
JUG_00653,STR_0027,returned_to_store,2853-05-22 00:00:00
JUG_00653,HUB_AURORA,washed,2853-05-27 00:00:00
JUG_00654,STR_0026,purchased,2853-06-25 00:00:00
JUG_00654,STR_0026,returned_to_store,2853-09-04 00:00:00
JUG_00654,HUB_AURORA,washed,2853-09-08 00:00:00
JUG_00654,STR_0033,purchased,2853-09-25 00:00:00
JUG_00654,STR_0033,returned_to_store,2853-12-27 00:00:00
JUG_00654,HUB_AURORA,washed,2853-12-29 00:00:00
JUG_00654,STR_0048,purchased,2854-01-21 00:00:00
JUG_00654,UNKNOWN,lost_to_leakage,2854-04-17 00:00:00
JUG_00655,STR_0038,purchased,2854-05-02 00:00:00
JUG_00655,STR_0038,returned_to_store,2854-06-28 00:00:00
JUG_00655,HUB_AURORA,washed,2854-06-30 00:00:00
JUG_00655,STR_0043,purchased,2854-07-13 00:00:00
JUG_00655,UNKNOWN,lost_to_leakage,2854-09-19 00:00:00
JUG_00656,STR_0016,purchased,2854-10-14 00:00:00
JUG_00656,STR_0016,returned_to_store,2855-01-05 00:00:00
JUG_00656,HUB_AURORA,washed,2855-01-10 00:00:00
JUG_00656,STR_0006,purchased,2855-01-26 00:00:00
JUG_00656,UNKNOWN,lost_to_leakage,2855-04-05 00:00:00
JUG_00657,STR_0049,purchased,2855-04-29 00:00:00
JUG_00657,STR_0049,returned_to_store,2855-08-02 00:00:00
JUG_00657,HUB_AURORA,washed,2855-08-05 00:00:00
JUG_00657,STR_0018,purchased,2855-09-02 00:00:00
JUG_00657,STR_0018,returned_to_store,2855-11-12 00:00:00
JUG_00657,HUB_AURORA,washed,2855-11-14 00:00:00
JUG_00657,STR_0036,purchased,2855-12-12 00:00:00
JUG_00657,STR_0036,returned_to_store,2856-03-15 00:00:00
JUG_00657,HUB_AURORA,washed,2856-03-17 00:00:00
JUG_00657,STR_0025,purchased,2856-04-14 00:00:00
JUG_00657,STR_0025,returned_to_store,2856-07-23 00:00:00
JUG_00657,HUB_AURORA,washed,2856-07-26 00:00:00
JUG_00657,STR_0012,purchased,2856-08-24 00:00:00
JUG_00657,STR_0012,returned_to_store,2856-10-28 00:00:00
JUG_00657,HUB_AURORA,washed,2856-11-01 00:00:00
JUG_00657,STR_0019,purchased,2856-11-19 00:00:00
JUG_00657,STR_0019,returned_to_store,2857-01-21 00:00:00
JUG_00657,HUB_AURORA,washed,2857-01-26 00:00:00
JUG_00658,STR_0038,purchased,2857-02-15 00:00:00
JUG_00658,STR_0038,returned_to_store,2857-04-17 00:00:00
JUG_00658,HUB_AURORA,washed,2857-04-20 00:00:00
JUG_00658,STR_0030,purchased,2857-05-03 00:00:00
JUG_00658,STR_0030,returned_to_store,2857-07-02 00:00:00
JUG_00658,HUB_AURORA,washed,2857-07-06 00:00:00
JUG_00658,STR_0027,purchased,2857-07-30 00:00:00
JUG_00658,STR_0027,returned_to_store,2857-10-13 00:00:00
JUG_00658,HUB_AURORA,washed,2857-10-15 00:00:00
JUG_00658,STR_0043,purchased,2857-11-11 00:00:00
JUG_00658,STR_0043,returned_to_store,2858-01-17 00:00:00
JUG_00658,HUB_AURORA,washed,2858-01-20 00:00:00
JUG_00659,STR_0016,purchased,2858-02-04 00:00:00
JUG_00659,STR_0016,returned_to_store,2858-05-10 00:00:00
JUG_00659,HUB_AURORA,washed,2858-05-13 00:00:00
JUG_00659,STR_0048,purchased,2858-05-21 00:00:00
JUG_00659,STR_0048,returned_to_store,2858-08-15 00:00:00
JUG_00659,HUB_AURORA,washed,2858-08-20 00:00:00
JUG_00659,STR_0016,purchased,2858-09-11 00:00:00
JUG_00659,STR_0016,returned_to_store,2858-11-03 00:00:00
JUG_00659,HUB_AURORA,washed,2858-11-08 00:00:00
JUG_00659,STR_0038,purchased,2858-12-02 00:00:00
JUG_00659,STR_0038,returned_to_store,2859-02-09 00:00:00
JUG_00659,HUB_AURORA,washed,2859-02-14 00:00:00
JUG_00660,STR_0010,purchased,2859-02-21 00:00:00
JUG_00660,STR_0010,returned_to_store,2859-05-17 00:00:00
JUG_00660,HUB_AURORA,washed,2859-05-22 00:00:00
JUG_00660,STR_0038,purchased,2859-06-06 00:00:00
JUG_00660,STR_0038,returned_to_store,2859-08-14 00:00:00
JUG_00660,HUB_AURORA,washed,2859-08-19 00:00:00
JUG_00660,STR_0036,purchased,2859-08-27 00:00:00
JUG_00660,STR_0036,returned_to_store,2859-11-23 00:00:00
JUG_00660,HUB_AURORA,washed,2859-11-25 00:00:00
JUG_00661,STR_0033,purchased,2859-12-18 00:00:00
JUG_00661,STR_0033,returned_to_store,2860-02-08 00:00:00
JUG_00661,HUB_AURORA,washed,2860-02-13 00:00:00
JUG_00661,STR_0027,purchased,2860-02-20 00:00:00
JUG_00661,STR_0027,returned_to_store,2860-04-24 00:00:00
JUG_00661,HUB_AURORA,washed,2860-04-26 00:00:00
JUG_00661,STR_0038,purchased,2860-05-10 00:00:00
JUG_00661,STR_0038,returned_to_store,2860-08-02 00:00:00
JUG_00661,HUB_AURORA,washed,2860-08-05 00:00:00
JUG_00661,STR_0023,purchased,2860-08-19 00:00:00
JUG_00661,STR_0023,returned_to_store,2860-10-29 00:00:00
JUG_00661,HUB_AURORA,washed,2860-11-03 00:00:00
JUG_00661,STR_0042,purchased,2860-11-16 00:00:00
JUG_00661,UNKNOWN,lost_to_leakage,2861-01-13 00:00:00
JUG_00662,STR_0024,purchased,2861-02-05 00:00:00
JUG_00662,STR_0024,returned_to_store,2861-05-14 00:00:00
JUG_00662,HUB_AURORA,washed,2861-05-18 00:00:00
JUG_00662,STR_0040,purchased,2861-05-25 00:00:00
JUG_00662,STR_0040,returned_to_store,2861-08-07 00:00:00
JUG_00662,HUB_AURORA,washed,2861-08-09 00:00:00
JUG_00662,STR_0029,purchased,2861-09-01 00:00:00
JUG_00662,STR_0029,returned_to_store,2861-10-22 00:00:00
JUG_00662,HUB_AURORA,washed,2861-10-24 00:00:00
JUG_00662,STR_0033,purchased,2861-11-03 00:00:00
JUG_00662,STR_0033,returned_to_store,2862-01-28 00:00:00
JUG_00662,HUB_AURORA,washed,2862-01-30 00:00:00
JUG_00663,STR_0030,purchased,2862-02-26 00:00:00
JUG_00663,STR_0030,returned_to_store,2862-04-30 00:00:00
JUG_00663,HUB_AURORA,washed,2862-05-04 00:00:00
JUG_00663,STR_0041,purchased,2862-05-25 00:00:00
JUG_00663,STR_0041,returned_to_store,2862-07-31 00:00:00
JUG_00663,HUB_AURORA,washed,2862-08-05 00:00:00
JUG_00663,STR_0040,purchased,2862-08-30 00:00:00
JUG_00663,STR_0040,returned_to_store,2862-11-09 00:00:00
JUG_00663,HUB_AURORA,washed,2862-11-14 00:00:00
JUG_00663,STR_0023,purchased,2862-12-03 00:00:00
JUG_00663,STR_0023,returned_to_store,2863-02-10 00:00:00
JUG_00663,HUB_AURORA,washed,2863-02-14 00:00:00
JUG_00663,STR_0041,purchased,2863-02-28 00:00:00
JUG_00663,STR_0041,returned_to_store,2863-04-28 00:00:00
JUG_00663,HUB_AURORA,washed,2863-05-02 00:00:00
JUG_00663,STR_0006,purchased,2863-05-19 00:00:00
JUG_00663,STR_0006,returned_to_store,2863-07-19 00:00:00
JUG_00663,HUB_AURORA,washed,2863-07-21 00:00:00
JUG_00663,STR_0046,purchased,2863-08-17 00:00:00
JUG_00663,STR_0046,returned_to_store,2863-10-23 00:00:00
JUG_00663,HUB_AURORA,washed,2863-10-26 00:00:00
JUG_00663,STR_0036,purchased,2863-11-23 00:00:00
JUG_00663,STR_0036,returned_to_store,2864-01-23 00:00:00
JUG_00663,HUB_AURORA,washed,2864-01-26 00:00:00
JUG_00663,STR_0043,purchased,2864-02-19 00:00:00
JUG_00663,STR_0043,returned_to_store,2864-04-23 00:00:00
JUG_00663,HUB_AURORA,washed,2864-04-27 00:00:00
JUG_00664,STR_0041,purchased,2864-05-06 00:00:00
JUG_00664,STR_0041,returned_to_store,2864-07-15 00:00:00
JUG_00664,HUB_AURORA,washed,2864-07-18 00:00:00
JUG_00664,STR_0048,purchased,2864-08-17 00:00:00
JUG_00664,STR_0048,returned_to_store,2864-11-05 00:00:00
JUG_00664,HUB_AURORA,washed,2864-11-09 00:00:00
JUG_00664,STR_0006,purchased,2864-11-20 00:00:00
JUG_00664,STR_0006,returned_to_store,2865-01-13 00:00:00
JUG_00664,HUB_AURORA,washed,2865-01-15 00:00:00
JUG_00664,STR_0030,purchased,2865-01-22 00:00:00
JUG_00664,STR_0030,returned_to_store,2865-04-15 00:00:00
JUG_00664,HUB_AURORA,washed,2865-04-20 00:00:00
JUG_00664,STR_0044,purchased,2865-05-09 00:00:00
JUG_00664,STR_0044,returned_to_store,2865-07-25 00:00:00
JUG_00664,HUB_AURORA,washed,2865-07-27 00:00:00
JUG_00664,STR_0000,purchased,2865-08-25 00:00:00
JUG_00664,STR_0000,returned_to_store,2865-11-07 00:00:00
JUG_00664,HUB_AURORA,washed,2865-11-11 00:00:00
JUG_00665,STR_0024,purchased,2865-12-07 00:00:00
JUG_00665,STR_0024,returned_to_store,2866-02-08 00:00:00
JUG_00665,HUB_AURORA,washed,2866-02-11 00:00:00
JUG_00665,STR_0021,purchased,2866-03-09 00:00:00
JUG_00665,STR_0021,returned_to_store,2866-05-05 00:00:00
JUG_00665,HUB_AURORA,washed,2866-05-08 00:00:00
JUG_00665,STR_0027,purchased,2866-05-27 00:00:00
JUG_00665,UNKNOWN,lost_to_leakage,2866-07-26 00:00:00
JUG_00666,STR_0015,purchased,2866-08-06 00:00:00
JUG_00666,UNKNOWN,lost_to_leakage,2866-11-06 00:00:00
JUG_00667,STR_0018,purchased,2866-11-27 00:00:00
JUG_00667,STR_0018,returned_to_store,2867-01-28 00:00:00
JUG_00667,HUB_AURORA,washed,2867-01-30 00:00:00
JUG_00667,STR_0027,purchased,2867-03-01 00:00:00
JUG_00667,STR_0027,returned_to_store,2867-05-01 00:00:00
JUG_00667,HUB_AURORA,washed,2867-05-06 00:00:00
JUG_00667,STR_0049,purchased,2867-05-18 00:00:00
JUG_00667,STR_0049,returned_to_store,2867-07-07 00:00:00
JUG_00667,HUB_AURORA,washed,2867-07-09 00:00:00
JUG_00667,STR_0028,purchased,2867-07-19 00:00:00
JUG_00667,STR_0028,returned_to_store,2867-09-21 00:00:00
JUG_00667,HUB_AURORA,washed,2867-09-26 00:00:00
JUG_00667,STR_0044,purchased,2867-10-21 00:00:00
JUG_00667,STR_0044,returned_to_store,2867-12-23 00:00:00
JUG_00667,HUB_AURORA,washed,2867-12-25 00:00:00
JUG_00667,STR_0031,purchased,2868-01-06 00:00:00
JUG_00667,STR_0031,returned_to_store,2868-03-26 00:00:00
JUG_00667,HUB_AURORA,washed,2868-03-30 00:00:00
JUG_00668,STR_0013,purchased,2868-04-08 00:00:00
JUG_00668,STR_0013,returned_to_store,2868-06-20 00:00:00
JUG_00668,HUB_AURORA,washed,2868-06-24 00:00:00
JUG_00668,STR_0019,purchased,2868-07-07 00:00:00
JUG_00668,STR_0019,returned_to_store,2868-10-04 00:00:00
JUG_00668,HUB_AURORA,washed,2868-10-09 00:00:00
JUG_00668,STR_0013,purchased,2868-11-01 00:00:00
JUG_00668,STR_0013,returned_to_store,2869-01-11 00:00:00
JUG_00668,HUB_AURORA,washed,2869-01-13 00:00:00
JUG_00668,STR_0010,purchased,2869-02-07 00:00:00
JUG_00668,STR_0010,returned_to_store,2869-05-05 00:00:00
JUG_00668,HUB_AURORA,washed,2869-05-10 00:00:00
JUG_00669,STR_0009,purchased,2869-06-02 00:00:00
JUG_00669,STR_0009,returned_to_store,2869-09-06 00:00:00
JUG_00669,HUB_AURORA,washed,2869-09-08 00:00:00
JUG_00669,STR_0017,purchased,2869-09-15 00:00:00
JUG_00669,STR_0017,returned_to_store,2869-12-18 00:00:00
JUG_00669,HUB_AURORA,washed,2869-12-21 00:00:00
JUG_00669,STR_0004,purchased,2870-01-16 00:00:00
JUG_00669,STR_0004,returned_to_store,2870-04-17 00:00:00
JUG_00669,HUB_AURORA,washed,2870-04-21 00:00:00
JUG_00669,STR_0007,purchased,2870-05-09 00:00:00
JUG_00669,STR_0007,returned_to_store,2870-07-08 00:00:00
JUG_00669,HUB_AURORA,washed,2870-07-11 00:00:00
JUG_00670,STR_0023,purchased,2870-07-26 00:00:00
JUG_00670,STR_0023,returned_to_store,2870-10-18 00:00:00
JUG_00670,HUB_AURORA,washed,2870-10-22 00:00:00
JUG_00670,STR_0039,purchased,2870-11-19 00:00:00
JUG_00670,STR_0039,returned_to_store,2871-02-04 00:00:00
JUG_00670,HUB_AURORA,washed,2871-02-09 00:00:00
JUG_00670,STR_0037,purchased,2871-03-09 00:00:00
JUG_00670,STR_0037,returned_to_store,2871-05-19 00:00:00
JUG_00670,HUB_AURORA,washed,2871-05-21 00:00:00
JUG_00670,STR_0027,purchased,2871-05-28 00:00:00
JUG_00670,STR_0027,returned_to_store,2871-09-05 00:00:00
JUG_00670,HUB_AURORA,washed,2871-09-08 00:00:00
JUG_00670,STR_0042,purchased,2871-10-08 00:00:00
JUG_00670,STR_0042,returned_to_store,2871-12-08 00:00:00
JUG_00670,HUB_AURORA,washed,2871-12-12 00:00:00
JUG_00670,STR_0042,purchased,2871-12-20 00:00:00
JUG_00670,UNKNOWN,lost_to_leakage,2872-03-12 00:00:00
JUG_00671,STR_0039,purchased,2872-03-25 00:00:00
JUG_00671,STR_0039,returned_to_store,2872-06-28 00:00:00
JUG_00671,HUB_AURORA,washed,2872-06-30 00:00:00
JUG_00671,STR_0042,purchased,2872-07-17 00:00:00
JUG_00671,STR_0042,returned_to_store,2872-09-27 00:00:00
JUG_00671,HUB_AURORA,washed,2872-09-30 00:00:00
JUG_00671,STR_0022,purchased,2872-10-17 00:00:00
JUG_00671,STR_0022,returned_to_store,2872-12-16 00:00:00
JUG_00671,HUB_AURORA,washed,2872-12-21 00:00:00
JUG_00671,STR_0008,purchased,2873-01-15 00:00:00
JUG_00671,STR_0008,returned_to_store,2873-04-19 00:00:00
JUG_00671,HUB_AURORA,washed,2873-04-22 00:00:00
JUG_00671,STR_0018,purchased,2873-05-18 00:00:00
JUG_00671,STR_0018,returned_to_store,2873-08-05 00:00:00
JUG_00671,HUB_AURORA,washed,2873-08-08 00:00:00
JUG_00671,STR_0049,purchased,2873-09-04 00:00:00
JUG_00671,UNKNOWN,lost_to_leakage,2873-11-04 00:00:00
JUG_00672,STR_0025,purchased,2873-11-29 00:00:00
JUG_00672,STR_0025,returned_to_store,2874-01-28 00:00:00
JUG_00672,HUB_AURORA,washed,2874-01-31 00:00:00
JUG_00672,STR_0005,purchased,2874-02-11 00:00:00
JUG_00672,STR_0005,returned_to_store,2874-04-19 00:00:00
JUG_00672,HUB_AURORA,washed,2874-04-22 00:00:00
JUG_00672,STR_0043,purchased,2874-05-16 00:00:00
JUG_00672,STR_0043,returned_to_store,2874-08-01 00:00:00
JUG_00672,HUB_AURORA,washed,2874-08-03 00:00:00
JUG_00672,STR_0046,purchased,2874-08-10 00:00:00
JUG_00672,STR_0046,returned_to_store,2874-11-01 00:00:00
JUG_00672,HUB_AURORA,washed,2874-11-04 00:00:00
JUG_00672,STR_0000,purchased,2874-11-17 00:00:00
JUG_00672,STR_0000,returned_to_store,2875-01-15 00:00:00
JUG_00672,HUB_AURORA,washed,2875-01-18 00:00:00
JUG_00672,STR_0032,purchased,2875-01-31 00:00:00
JUG_00672,STR_0032,returned_to_store,2875-04-19 00:00:00
JUG_00672,HUB_AURORA,washed,2875-04-23 00:00:00
JUG_00672,STR_0034,purchased,2875-05-10 00:00:00
JUG_00672,STR_0034,returned_to_store,2875-07-31 00:00:00
JUG_00672,HUB_AURORA,washed,2875-08-03 00:00:00
JUG_00672,STR_0033,purchased,2875-08-12 00:00:00
JUG_00672,STR_0033,returned_to_store,2875-10-15 00:00:00
JUG_00672,HUB_AURORA,washed,2875-10-17 00:00:00
JUG_00672,STR_0048,purchased,2875-11-03 00:00:00
JUG_00672,STR_0048,returned_to_store,2876-02-10 00:00:00
JUG_00672,HUB_AURORA,washed,2876-02-15 00:00:00
JUG_00672,STR_0027,purchased,2876-03-08 00:00:00
JUG_00672,STR_0027,returned_to_store,2876-06-07 00:00:00
JUG_00672,HUB_AURORA,washed,2876-06-12 00:00:00
JUG_00673,STR_0034,purchased,2876-07-11 00:00:00
JUG_00673,STR_0034,returned_to_store,2876-09-26 00:00:00
JUG_00673,HUB_AURORA,washed,2876-09-29 00:00:00
JUG_00673,STR_0024,purchased,2876-10-26 00:00:00
JUG_00673,STR_0024,returned_to_store,2877-01-24 00:00:00
JUG_00673,HUB_AURORA,washed,2877-01-26 00:00:00
JUG_00673,STR_0009,purchased,2877-02-05 00:00:00
JUG_00673,STR_0009,returned_to_store,2877-05-04 00:00:00
JUG_00673,HUB_AURORA,washed,2877-05-07 00:00:00
JUG_00673,STR_0010,purchased,2877-05-22 00:00:00
JUG_00673,STR_0010,returned_to_store,2877-07-24 00:00:00
JUG_00673,HUB_AURORA,washed,2877-07-29 00:00:00
JUG_00673,STR_0004,purchased,2877-08-08 00:00:00
JUG_00673,UNKNOWN,lost_to_leakage,2877-11-09 00:00:00
JUG_00674,STR_0017,purchased,2877-11-27 00:00:00
JUG_00674,UNKNOWN,lost_to_leakage,2878-01-28 00:00:00
JUG_00675,STR_0025,purchased,2878-02-16 00:00:00
JUG_00675,STR_0025,returned_to_store,2878-05-18 00:00:00
JUG_00675,HUB_AURORA,washed,2878-05-21 00:00:00
JUG_00675,STR_0021,purchased,2878-06-20 00:00:00
JUG_00675,UNKNOWN,lost_to_leakage,2878-08-14 00:00:00
JUG_00676,STR_0048,purchased,2878-09-05 00:00:00
JUG_00676,STR_0048,returned_to_store,2878-11-16 00:00:00
JUG_00676,HUB_AURORA,washed,2878-11-20 00:00:00
JUG_00676,STR_0016,purchased,2878-12-14 00:00:00
JUG_00676,STR_0016,returned_to_store,2879-03-03 00:00:00
JUG_00676,HUB_AURORA,washed,2879-03-05 00:00:00
JUG_00676,STR_0026,purchased,2879-03-28 00:00:00
JUG_00676,STR_0026,returned_to_store,2879-06-13 00:00:00
JUG_00676,HUB_AURORA,washed,2879-06-15 00:00:00
JUG_00676,STR_0003,purchased,2879-06-25 00:00:00
JUG_00676,UNKNOWN,lost_to_leakage,2879-09-28 00:00:00
JUG_00677,STR_0013,purchased,2879-10-21 00:00:00
JUG_00677,STR_0013,returned_to_store,2880-01-11 00:00:00
JUG_00677,HUB_AURORA,washed,2880-01-14 00:00:00
JUG_00677,STR_0028,purchased,2880-01-29 00:00:00
JUG_00677,STR_0028,returned_to_store,2880-04-07 00:00:00
JUG_00677,HUB_AURORA,washed,2880-04-09 00:00:00
JUG_00677,STR_0041,purchased,2880-05-01 00:00:00
JUG_00677,STR_0041,returned_to_store,2880-07-08 00:00:00
JUG_00677,HUB_AURORA,washed,2880-07-11 00:00:00
JUG_00678,STR_0002,purchased,2880-08-06 00:00:00
JUG_00678,STR_0002,returned_to_store,2880-10-07 00:00:00
JUG_00678,HUB_AURORA,washed,2880-10-09 00:00:00
JUG_00678,STR_0004,purchased,2880-10-16 00:00:00
JUG_00678,UNKNOWN,lost_to_leakage,2880-12-20 00:00:00
JUG_00679,STR_0044,purchased,2880-12-29 00:00:00
JUG_00679,STR_0044,returned_to_store,2881-03-25 00:00:00
JUG_00679,HUB_AURORA,washed,2881-03-30 00:00:00
JUG_00679,STR_0017,purchased,2881-04-20 00:00:00
JUG_00679,STR_0017,returned_to_store,2881-07-28 00:00:00
JUG_00679,HUB_AURORA,washed,2881-07-30 00:00:00
JUG_00679,STR_0012,purchased,2881-08-25 00:00:00
JUG_00679,STR_0012,returned_to_store,2881-10-21 00:00:00
JUG_00679,HUB_AURORA,washed,2881-10-25 00:00:00
JUG_00679,STR_0019,purchased,2881-11-14 00:00:00
JUG_00679,STR_0019,returned_to_store,2882-02-07 00:00:00
JUG_00679,HUB_AURORA,washed,2882-02-09 00:00:00
JUG_00679,STR_0004,purchased,2882-02-22 00:00:00
JUG_00679,STR_0004,returned_to_store,2882-05-03 00:00:00
JUG_00679,HUB_AURORA,washed,2882-05-05 00:00:00
JUG_00679,STR_0014,purchased,2882-05-17 00:00:00
JUG_00679,STR_0014,returned_to_store,2882-07-18 00:00:00
JUG_00679,HUB_AURORA,washed,2882-07-20 00:00:00
JUG_00679,STR_0043,purchased,2882-08-13 00:00:00
JUG_00679,UNKNOWN,lost_to_leakage,2882-11-20 00:00:00
JUG_00680,STR_0011,purchased,2882-11-30 00:00:00
JUG_00680,STR_0011,returned_to_store,2883-01-28 00:00:00
JUG_00680,HUB_AURORA,washed,2883-02-01 00:00:00
JUG_00680,STR_0027,purchased,2883-02-18 00:00:00
JUG_00680,STR_0027,returned_to_store,2883-05-02 00:00:00
JUG_00680,HUB_AURORA,washed,2883-05-05 00:00:00
JUG_00680,STR_0026,purchased,2883-06-01 00:00:00
JUG_00680,STR_0026,returned_to_store,2883-08-22 00:00:00
JUG_00680,HUB_AURORA,washed,2883-08-27 00:00:00
JUG_00680,STR_0040,purchased,2883-09-20 00:00:00
JUG_00680,STR_0040,returned_to_store,2883-12-29 00:00:00
JUG_00680,HUB_AURORA,washed,2884-01-03 00:00:00
JUG_00680,STR_0042,purchased,2884-01-18 00:00:00
JUG_00680,STR_0042,returned_to_store,2884-04-22 00:00:00
JUG_00680,HUB_AURORA,washed,2884-04-26 00:00:00
JUG_00681,STR_0024,purchased,2884-05-15 00:00:00
JUG_00681,STR_0024,returned_to_store,2884-07-18 00:00:00
JUG_00681,HUB_AURORA,washed,2884-07-22 00:00:00
JUG_00681,STR_0032,purchased,2884-08-18 00:00:00
JUG_00681,UNKNOWN,lost_to_leakage,2884-10-15 00:00:00
JUG_00682,STR_0018,purchased,2884-10-31 00:00:00
JUG_00682,UNKNOWN,lost_to_leakage,2884-12-24 00:00:00
JUG_00683,STR_0025,purchased,2884-12-31 00:00:00
JUG_00683,STR_0025,returned_to_store,2885-03-12 00:00:00
JUG_00683,HUB_AURORA,washed,2885-03-14 00:00:00
JUG_00683,STR_0007,purchased,2885-03-28 00:00:00
JUG_00683,STR_0007,returned_to_store,2885-06-10 00:00:00
JUG_00683,HUB_AURORA,washed,2885-06-14 00:00:00
JUG_00683,STR_0044,purchased,2885-06-29 00:00:00
JUG_00683,STR_0044,returned_to_store,2885-08-26 00:00:00
JUG_00683,HUB_AURORA,washed,2885-08-31 00:00:00
JUG_00683,STR_0023,purchased,2885-09-16 00:00:00
JUG_00683,STR_0023,returned_to_store,2885-12-12 00:00:00
JUG_00683,HUB_AURORA,washed,2885-12-16 00:00:00
JUG_00683,STR_0018,purchased,2886-01-01 00:00:00
JUG_00683,STR_0018,returned_to_store,2886-03-29 00:00:00
JUG_00683,HUB_AURORA,washed,2886-04-03 00:00:00
JUG_00683,STR_0035,purchased,2886-04-27 00:00:00
JUG_00683,STR_0035,returned_to_store,2886-07-29 00:00:00
JUG_00683,HUB_AURORA,washed,2886-08-01 00:00:00
JUG_00683,STR_0007,purchased,2886-08-13 00:00:00
JUG_00683,STR_0007,returned_to_store,2886-10-24 00:00:00
JUG_00683,HUB_AURORA,washed,2886-10-29 00:00:00
JUG_00683,STR_0041,purchased,2886-11-23 00:00:00
JUG_00683,UNKNOWN,lost_to_leakage,2887-01-17 00:00:00
JUG_00684,STR_0016,purchased,2887-02-14 00:00:00
JUG_00684,STR_0016,returned_to_store,2887-05-20 00:00:00
JUG_00684,HUB_AURORA,washed,2887-05-24 00:00:00
JUG_00684,STR_0048,purchased,2887-06-20 00:00:00
JUG_00684,STR_0048,returned_to_store,2887-09-01 00:00:00
JUG_00684,HUB_AURORA,washed,2887-09-03 00:00:00
JUG_00684,STR_0032,purchased,2887-09-19 00:00:00
JUG_00684,STR_0032,returned_to_store,2887-12-09 00:00:00
JUG_00684,HUB_AURORA,washed,2887-12-12 00:00:00
JUG_00684,STR_0020,purchased,2888-01-01 00:00:00
JUG_00684,STR_0020,returned_to_store,2888-03-20 00:00:00
JUG_00684,HUB_AURORA,washed,2888-03-22 00:00:00
JUG_00684,STR_0029,purchased,2888-04-20 00:00:00
JUG_00684,STR_0029,returned_to_store,2888-06-20 00:00:00
JUG_00684,HUB_AURORA,washed,2888-06-23 00:00:00
JUG_00684,STR_0007,purchased,2888-07-09 00:00:00
JUG_00684,STR_0007,returned_to_store,2888-10-04 00:00:00
JUG_00684,HUB_AURORA,washed,2888-10-08 00:00:00
JUG_00684,STR_0048,purchased,2888-10-25 00:00:00
JUG_00684,STR_0048,returned_to_store,2888-12-29 00:00:00
JUG_00684,HUB_AURORA,washed,2888-12-31 00:00:00
JUG_00684,STR_0017,purchased,2889-01-17 00:00:00
JUG_00684,STR_0017,returned_to_store,2889-04-09 00:00:00
JUG_00684,HUB_AURORA,washed,2889-04-13 00:00:00
JUG_00684,STR_0015,purchased,2889-04-27 00:00:00
JUG_00684,STR_0015,returned_to_store,2889-07-18 00:00:00
JUG_00684,HUB_AURORA,washed,2889-07-21 00:00:00
JUG_00685,STR_0010,purchased,2889-08-08 00:00:00
JUG_00685,STR_0010,returned_to_store,2889-11-12 00:00:00
JUG_00685,HUB_AURORA,washed,2889-11-14 00:00:00
JUG_00685,STR_0023,purchased,2889-12-14 00:00:00
JUG_00685,STR_0023,returned_to_store,2890-02-18 00:00:00
JUG_00685,HUB_AURORA,washed,2890-02-20 00:00:00
JUG_00685,STR_0012,purchased,2890-03-09 00:00:00
JUG_00685,STR_0012,returned_to_store,2890-05-03 00:00:00
JUG_00685,HUB_AURORA,washed,2890-05-06 00:00:00
JUG_00685,STR_0008,purchased,2890-05-21 00:00:00
JUG_00685,UNKNOWN,lost_to_leakage,2890-08-05 00:00:00
JUG_00686,STR_0049,purchased,2890-08-31 00:00:00
JUG_00686,STR_0049,returned_to_store,2890-11-04 00:00:00
JUG_00686,HUB_AURORA,washed,2890-11-09 00:00:00
JUG_00686,STR_0022,purchased,2890-12-09 00:00:00
JUG_00686,UNKNOWN,lost_to_leakage,2891-02-04 00:00:00
JUG_00687,STR_0025,purchased,2891-02-28 00:00:00
JUG_00687,STR_0025,returned_to_store,2891-04-21 00:00:00
JUG_00687,HUB_AURORA,washed,2891-04-23 00:00:00
JUG_00687,STR_0030,purchased,2891-05-07 00:00:00
JUG_00687,STR_0030,returned_to_store,2891-07-11 00:00:00
JUG_00687,HUB_AURORA,washed,2891-07-13 00:00:00
JUG_00687,STR_0043,purchased,2891-07-23 00:00:00
JUG_00687,STR_0043,returned_to_store,2891-09-25 00:00:00
JUG_00687,HUB_AURORA,washed,2891-09-28 00:00:00
JUG_00687,STR_0029,purchased,2891-10-13 00:00:00
JUG_00687,STR_0029,returned_to_store,2891-12-17 00:00:00
JUG_00687,HUB_AURORA,washed,2891-12-21 00:00:00
JUG_00687,STR_0015,purchased,2892-01-02 00:00:00
JUG_00687,STR_0015,returned_to_store,2892-03-24 00:00:00
JUG_00687,HUB_AURORA,washed,2892-03-27 00:00:00
JUG_00687,STR_0023,purchased,2892-04-19 00:00:00
JUG_00687,UNKNOWN,lost_to_leakage,2892-07-12 00:00:00
JUG_00688,STR_0004,purchased,2892-07-30 00:00:00
JUG_00688,STR_0004,returned_to_store,2892-10-24 00:00:00
JUG_00688,HUB_AURORA,washed,2892-10-29 00:00:00
JUG_00688,STR_0006,purchased,2892-11-22 00:00:00
JUG_00688,UNKNOWN,lost_to_leakage,2893-01-30 00:00:00
JUG_00689,STR_0024,purchased,2893-02-25 00:00:00
JUG_00689,STR_0024,returned_to_store,2893-05-30 00:00:00
JUG_00689,HUB_AURORA,washed,2893-06-04 00:00:00
JUG_00689,STR_0005,purchased,2893-06-29 00:00:00
JUG_00689,STR_0005,returned_to_store,2893-09-15 00:00:00
JUG_00689,HUB_AURORA,washed,2893-09-18 00:00:00
JUG_00689,STR_0034,purchased,2893-10-01 00:00:00
JUG_00689,STR_0034,returned_to_store,2893-12-13 00:00:00
JUG_00689,HUB_AURORA,washed,2893-12-18 00:00:00
JUG_00689,STR_0043,purchased,2894-01-08 00:00:00
JUG_00689,STR_0043,returned_to_store,2894-04-14 00:00:00
JUG_00689,HUB_AURORA,washed,2894-04-18 00:00:00
JUG_00689,STR_0044,purchased,2894-05-14 00:00:00
JUG_00689,STR_0044,returned_to_store,2894-07-23 00:00:00
JUG_00689,HUB_AURORA,washed,2894-07-27 00:00:00
JUG_00689,STR_0010,purchased,2894-08-17 00:00:00
JUG_00689,STR_0010,returned_to_store,2894-10-31 00:00:00
JUG_00689,HUB_AURORA,washed,2894-11-05 00:00:00
JUG_00689,STR_0049,purchased,2894-11-20 00:00:00
JUG_00689,STR_0049,returned_to_store,2895-01-21 00:00:00
JUG_00689,HUB_AURORA,washed,2895-01-26 00:00:00
JUG_00689,STR_0032,purchased,2895-02-13 00:00:00
JUG_00689,STR_0032,returned_to_store,2895-04-15 00:00:00
JUG_00689,HUB_AURORA,washed,2895-04-19 00:00:00
JUG_00690,STR_0029,purchased,2895-05-06 00:00:00
JUG_00690,STR_0029,returned_to_store,2895-08-18 00:00:00
JUG_00690,HUB_AURORA,washed,2895-08-22 00:00:00
JUG_00690,STR_0018,purchased,2895-09-20 00:00:00
JUG_00690,STR_0018,returned_to_store,2895-12-08 00:00:00
JUG_00690,HUB_AURORA,washed,2895-12-13 00:00:00
JUG_00690,STR_0006,purchased,2896-01-11 00:00:00
JUG_00690,STR_0006,returned_to_store,2896-03-08 00:00:00
JUG_00690,HUB_AURORA,washed,2896-03-13 00:00:00
JUG_00690,STR_0027,purchased,2896-03-24 00:00:00
JUG_00690,STR_0027,returned_to_store,2896-06-30 00:00:00
JUG_00690,HUB_AURORA,washed,2896-07-04 00:00:00
JUG_00690,STR_0041,purchased,2896-07-28 00:00:00
JUG_00690,STR_0041,returned_to_store,2896-10-14 00:00:00
JUG_00690,HUB_AURORA,washed,2896-10-19 00:00:00
JUG_00691,STR_0027,purchased,2896-10-28 00:00:00
JUG_00691,STR_0027,returned_to_store,2897-01-06 00:00:00
JUG_00691,HUB_AURORA,washed,2897-01-11 00:00:00
JUG_00691,STR_0043,purchased,2897-01-18 00:00:00
JUG_00691,STR_0043,returned_to_store,2897-03-30 00:00:00
JUG_00691,HUB_AURORA,washed,2897-04-04 00:00:00
JUG_00691,STR_0037,purchased,2897-04-20 00:00:00
JUG_00691,STR_0037,returned_to_store,2897-07-23 00:00:00
JUG_00691,HUB_AURORA,washed,2897-07-26 00:00:00
JUG_00691,STR_0008,purchased,2897-08-03 00:00:00
JUG_00691,STR_0008,returned_to_store,2897-10-07 00:00:00
JUG_00691,HUB_AURORA,washed,2897-10-11 00:00:00
JUG_00691,STR_0021,purchased,2897-11-03 00:00:00
JUG_00691,STR_0021,returned_to_store,2898-01-13 00:00:00
JUG_00691,HUB_AURORA,washed,2898-01-15 00:00:00
JUG_00691,STR_0034,purchased,2898-02-12 00:00:00
JUG_00691,STR_0034,returned_to_store,2898-05-23 00:00:00
JUG_00691,HUB_AURORA,washed,2898-05-26 00:00:00
JUG_00691,STR_0038,purchased,2898-06-05 00:00:00
JUG_00691,STR_0038,returned_to_store,2898-09-05 00:00:00
JUG_00691,HUB_AURORA,washed,2898-09-07 00:00:00
JUG_00691,STR_0001,purchased,2898-09-21 00:00:00
JUG_00691,STR_0001,returned_to_store,2898-12-21 00:00:00
JUG_00691,HUB_AURORA,washed,2898-12-26 00:00:00
JUG_00691,STR_0009,purchased,2899-01-08 00:00:00
JUG_00691,UNKNOWN,lost_to_leakage,2899-03-16 00:00:00
JUG_00692,STR_0041,purchased,2899-04-14 00:00:00
JUG_00692,UNKNOWN,lost_to_leakage,2899-06-04 00:00:00
JUG_00693,STR_0049,purchased,2899-06-11 00:00:00
JUG_00693,STR_0049,returned_to_store,2899-09-20 00:00:00
JUG_00693,HUB_AURORA,washed,2899-09-23 00:00:00
JUG_00693,STR_0028,purchased,2899-10-04 00:00:00
JUG_00693,STR_0028,returned_to_store,2899-12-10 00:00:00
JUG_00693,HUB_AURORA,washed,2899-12-14 00:00:00
JUG_00693,STR_0028,purchased,2900-01-02 00:00:00
JUG_00693,STR_0028,returned_to_store,2900-03-09 00:00:00
JUG_00693,HUB_AURORA,washed,2900-03-11 00:00:00
JUG_00693,STR_0017,purchased,2900-04-09 00:00:00
JUG_00693,STR_0017,returned_to_store,2900-06-12 00:00:00
JUG_00693,HUB_AURORA,washed,2900-06-16 00:00:00
JUG_00693,STR_0011,purchased,2900-07-07 00:00:00
JUG_00693,STR_0011,returned_to_store,2900-09-15 00:00:00
JUG_00693,HUB_AURORA,washed,2900-09-18 00:00:00
JUG_00693,STR_0000,purchased,2900-10-11 00:00:00
JUG_00693,STR_0000,returned_to_store,2901-01-07 00:00:00
JUG_00693,HUB_AURORA,washed,2901-01-11 00:00:00
JUG_00693,STR_0011,purchased,2901-02-10 00:00:00
JUG_00693,STR_0011,returned_to_store,2901-05-06 00:00:00
JUG_00693,HUB_AURORA,washed,2901-05-10 00:00:00
JUG_00693,STR_0030,purchased,2901-05-26 00:00:00
JUG_00693,UNKNOWN,lost_to_leakage,2901-09-04 00:00:00
JUG_00694,STR_0018,purchased,2901-09-13 00:00:00
JUG_00694,STR_0018,returned_to_store,2901-11-24 00:00:00
JUG_00694,HUB_AURORA,washed,2901-11-28 00:00:00
JUG_00694,STR_0000,purchased,2901-12-17 00:00:00
JUG_00694,STR_0000,returned_to_store,2902-03-23 00:00:00
JUG_00694,HUB_AURORA,washed,2902-03-25 00:00:00
JUG_00694,STR_0021,purchased,2902-04-11 00:00:00
JUG_00694,UNKNOWN,lost_to_leakage,2902-07-16 00:00:00
JUG_00695,STR_0047,purchased,2902-07-30 00:00:00
JUG_00695,STR_0047,returned_to_store,2902-10-24 00:00:00
JUG_00695,HUB_AURORA,washed,2902-10-28 00:00:00
JUG_00695,STR_0020,purchased,2902-11-27 00:00:00
JUG_00695,STR_0020,returned_to_store,2903-02-07 00:00:00
JUG_00695,HUB_AURORA,washed,2903-02-10 00:00:00
JUG_00695,STR_0037,purchased,2903-03-11 00:00:00
JUG_00695,STR_0037,returned_to_store,2903-05-19 00:00:00
JUG_00695,HUB_AURORA,washed,2903-05-21 00:00:00
JUG_00695,STR_0022,purchased,2903-06-09 00:00:00
JUG_00695,STR_0022,returned_to_store,2903-09-05 00:00:00
JUG_00695,HUB_AURORA,washed,2903-09-07 00:00:00
JUG_00695,STR_0010,purchased,2903-10-05 00:00:00
JUG_00695,STR_0010,returned_to_store,2903-11-28 00:00:00
JUG_00695,HUB_AURORA,washed,2903-11-30 00:00:00
JUG_00696,STR_0010,purchased,2903-12-08 00:00:00
JUG_00696,STR_0010,returned_to_store,2904-02-24 00:00:00
JUG_00696,HUB_AURORA,washed,2904-02-27 00:00:00
JUG_00696,STR_0007,purchased,2904-03-19 00:00:00
JUG_00696,STR_0007,returned_to_store,2904-05-09 00:00:00
JUG_00696,HUB_AURORA,washed,2904-05-11 00:00:00
JUG_00696,STR_0032,purchased,2904-05-31 00:00:00
JUG_00696,STR_0032,returned_to_store,2904-08-23 00:00:00
JUG_00696,HUB_AURORA,washed,2904-08-25 00:00:00
JUG_00696,STR_0036,purchased,2904-09-05 00:00:00
JUG_00696,STR_0036,returned_to_store,2904-12-14 00:00:00
JUG_00696,HUB_AURORA,washed,2904-12-18 00:00:00
JUG_00696,STR_0003,purchased,2905-01-08 00:00:00
JUG_00696,STR_0003,returned_to_store,2905-04-15 00:00:00
JUG_00696,HUB_AURORA,washed,2905-04-17 00:00:00
JUG_00697,STR_0030,purchased,2905-05-05 00:00:00
JUG_00697,STR_0030,returned_to_store,2905-08-03 00:00:00
JUG_00697,HUB_AURORA,washed,2905-08-06 00:00:00
JUG_00697,STR_0005,purchased,2905-09-01 00:00:00
JUG_00697,STR_0005,returned_to_store,2905-11-23 00:00:00
JUG_00697,HUB_AURORA,washed,2905-11-27 00:00:00
JUG_00697,STR_0029,purchased,2905-12-22 00:00:00
JUG_00697,STR_0029,returned_to_store,2906-03-14 00:00:00
JUG_00697,HUB_AURORA,washed,2906-03-17 00:00:00
JUG_00697,STR_0044,purchased,2906-03-26 00:00:00
JUG_00697,STR_0044,returned_to_store,2906-06-01 00:00:00
JUG_00697,HUB_AURORA,washed,2906-06-04 00:00:00
JUG_00697,STR_0023,purchased,2906-06-27 00:00:00
JUG_00697,STR_0023,returned_to_store,2906-08-24 00:00:00
JUG_00697,HUB_AURORA,washed,2906-08-27 00:00:00
JUG_00697,STR_0014,purchased,2906-09-23 00:00:00
JUG_00697,STR_0014,returned_to_store,2906-12-22 00:00:00
JUG_00697,HUB_AURORA,washed,2906-12-27 00:00:00
JUG_00698,STR_0002,purchased,2907-01-16 00:00:00
JUG_00698,STR_0002,returned_to_store,2907-03-24 00:00:00
JUG_00698,HUB_AURORA,washed,2907-03-28 00:00:00
JUG_00698,STR_0039,purchased,2907-04-23 00:00:00
JUG_00698,STR_0039,returned_to_store,2907-07-25 00:00:00
JUG_00698,HUB_AURORA,washed,2907-07-30 00:00:00
JUG_00698,STR_0020,purchased,2907-08-16 00:00:00
JUG_00698,UNKNOWN,lost_to_leakage,2907-11-20 00:00:00
JUG_00699,STR_0028,purchased,2907-12-18 00:00:00
JUG_00699,STR_0028,returned_to_store,2908-02-13 00:00:00
JUG_00699,HUB_AURORA,washed,2908-02-15 00:00:00
JUG_00699,STR_0003,purchased,2908-02-27 00:00:00
JUG_00699,STR_0003,returned_to_store,2908-05-10 00:00:00
JUG_00699,HUB_AURORA,washed,2908-05-12 00:00:00
JUG_00699,STR_0035,purchased,2908-06-05 00:00:00
JUG_00699,STR_0035,returned_to_store,2908-08-11 00:00:00
JUG_00699,HUB_AURORA,washed,2908-08-16 00:00:00
JUG_00699,STR_0006,purchased,2908-09-03 00:00:00
JUG_00699,UNKNOWN,lost_to_leakage,2908-11-08 00:00:00
JUG_00700,STR_0032,purchased,2908-12-05 00:00:00
JUG_00700,STR_0032,returned_to_store,2909-01-27 00:00:00
JUG_00700,HUB_AURORA,washed,2909-02-01 00:00:00
JUG_00700,STR_0011,purchased,2909-02-08 00:00:00
JUG_00700,STR_0011,returned_to_store,2909-04-16 00:00:00
JUG_00700,HUB_AURORA,washed,2909-04-19 00:00:00
JUG_00700,STR_0003,purchased,2909-05-13 00:00:00
JUG_00700,UNKNOWN,lost_to_leakage,2909-08-11 00:00:00
JUG_00701,STR_0040,purchased,2909-09-02 00:00:00
JUG_00701,STR_0040,returned_to_store,2909-10-28 00:00:00
JUG_00701,HUB_AURORA,washed,2909-11-02 00:00:00
JUG_00701,STR_0042,purchased,2909-11-12 00:00:00
JUG_00701,STR_0042,returned_to_store,2910-01-14 00:00:00
JUG_00701,HUB_AURORA,washed,2910-01-18 00:00:00
JUG_00701,STR_0001,purchased,2910-02-11 00:00:00
JUG_00701,STR_0001,returned_to_store,2910-04-14 00:00:00
JUG_00701,HUB_AURORA,washed,2910-04-17 00:00:00
JUG_00701,STR_0037,purchased,2910-05-03 00:00:00
JUG_00701,STR_0037,returned_to_store,2910-07-16 00:00:00
JUG_00701,HUB_AURORA,washed,2910-07-21 00:00:00
JUG_00701,STR_0035,purchased,2910-08-06 00:00:00
JUG_00701,STR_0035,returned_to_store,2910-10-16 00:00:00
JUG_00701,HUB_AURORA,washed,2910-10-18 00:00:00
JUG_00702,STR_0025,purchased,2910-10-31 00:00:00
JUG_00702,STR_0025,returned_to_store,2911-01-04 00:00:00
JUG_00702,HUB_AURORA,washed,2911-01-07 00:00:00
JUG_00702,STR_0013,purchased,2911-02-04 00:00:00
JUG_00702,STR_0013,returned_to_store,2911-04-01 00:00:00
JUG_00702,HUB_AURORA,washed,2911-04-05 00:00:00
JUG_00702,STR_0013,purchased,2911-04-29 00:00:00
JUG_00702,STR_0013,returned_to_store,2911-07-06 00:00:00
JUG_00702,HUB_AURORA,washed,2911-07-08 00:00:00
JUG_00702,STR_0039,purchased,2911-07-19 00:00:00
JUG_00702,UNKNOWN,lost_to_leakage,2911-09-13 00:00:00
JUG_00703,STR_0004,purchased,2911-09-26 00:00:00
JUG_00703,STR_0004,returned_to_store,2911-12-27 00:00:00
JUG_00703,HUB_AURORA,washed,2911-12-30 00:00:00
JUG_00703,STR_0000,purchased,2912-01-24 00:00:00
JUG_00703,STR_0000,returned_to_store,2912-04-15 00:00:00
JUG_00703,HUB_AURORA,washed,2912-04-17 00:00:00
JUG_00703,STR_0001,purchased,2912-04-28 00:00:00
JUG_00703,STR_0001,returned_to_store,2912-06-29 00:00:00
JUG_00703,HUB_AURORA,washed,2912-07-04 00:00:00
JUG_00703,STR_0000,purchased,2912-07-21 00:00:00
JUG_00703,STR_0000,returned_to_store,2912-09-14 00:00:00
JUG_00703,HUB_AURORA,washed,2912-09-19 00:00:00
JUG_00703,STR_0046,purchased,2912-09-28 00:00:00
JUG_00703,STR_0046,returned_to_store,2912-11-30 00:00:00
JUG_00703,HUB_AURORA,washed,2912-12-03 00:00:00
JUG_00704,STR_0025,purchased,2912-12-25 00:00:00
JUG_00704,STR_0025,returned_to_store,2913-03-12 00:00:00
JUG_00704,HUB_AURORA,washed,2913-03-17 00:00:00
JUG_00704,STR_0041,purchased,2913-04-11 00:00:00
JUG_00704,STR_0041,returned_to_store,2913-06-12 00:00:00
JUG_00704,HUB_AURORA,washed,2913-06-14 00:00:00
JUG_00704,STR_0002,purchased,2913-06-21 00:00:00
JUG_00704,STR_0002,returned_to_store,2913-10-01 00:00:00
JUG_00704,HUB_AURORA,washed,2913-10-04 00:00:00
JUG_00704,STR_0020,purchased,2913-11-03 00:00:00
JUG_00704,STR_0020,returned_to_store,2914-01-06 00:00:00
JUG_00704,HUB_AURORA,washed,2914-01-08 00:00:00
JUG_00704,STR_0044,purchased,2914-01-16 00:00:00
JUG_00704,STR_0044,returned_to_store,2914-04-26 00:00:00
JUG_00704,HUB_AURORA,washed,2914-04-28 00:00:00
JUG_00704,STR_0002,purchased,2914-05-07 00:00:00
JUG_00704,STR_0002,returned_to_store,2914-08-09 00:00:00
JUG_00704,HUB_AURORA,washed,2914-08-14 00:00:00
JUG_00704,STR_0012,purchased,2914-08-26 00:00:00
JUG_00704,STR_0012,returned_to_store,2914-10-27 00:00:00
JUG_00704,HUB_AURORA,washed,2914-10-30 00:00:00
JUG_00704,STR_0022,purchased,2914-11-14 00:00:00
JUG_00704,STR_0022,returned_to_store,2915-02-07 00:00:00
JUG_00704,HUB_AURORA,washed,2915-02-10 00:00:00
JUG_00704,STR_0040,purchased,2915-02-20 00:00:00
JUG_00704,UNKNOWN,lost_to_leakage,2915-05-27 00:00:00
JUG_00705,STR_0002,purchased,2915-06-19 00:00:00
JUG_00705,STR_0002,returned_to_store,2915-09-04 00:00:00
JUG_00705,HUB_AURORA,washed,2915-09-07 00:00:00
JUG_00705,STR_0024,purchased,2915-09-20 00:00:00
JUG_00705,STR_0024,returned_to_store,2915-12-06 00:00:00
JUG_00705,HUB_AURORA,washed,2915-12-10 00:00:00
JUG_00705,STR_0020,purchased,2915-12-25 00:00:00
JUG_00705,STR_0020,returned_to_store,2916-03-04 00:00:00
JUG_00705,HUB_AURORA,washed,2916-03-08 00:00:00
JUG_00705,STR_0036,purchased,2916-03-15 00:00:00
JUG_00705,STR_0036,returned_to_store,2916-06-12 00:00:00
JUG_00705,HUB_AURORA,washed,2916-06-15 00:00:00
JUG_00706,STR_0029,purchased,2916-06-25 00:00:00
JUG_00706,STR_0029,returned_to_store,2916-09-22 00:00:00
JUG_00706,HUB_AURORA,washed,2916-09-25 00:00:00
JUG_00706,STR_0042,purchased,2916-10-05 00:00:00
JUG_00706,STR_0042,returned_to_store,2916-12-30 00:00:00
JUG_00706,HUB_AURORA,washed,2917-01-01 00:00:00
JUG_00706,STR_0048,purchased,2917-01-12 00:00:00
JUG_00706,STR_0048,returned_to_store,2917-04-17 00:00:00
JUG_00706,HUB_AURORA,washed,2917-04-21 00:00:00
JUG_00706,STR_0032,purchased,2917-05-03 00:00:00
JUG_00706,STR_0032,returned_to_store,2917-06-30 00:00:00
JUG_00706,HUB_AURORA,washed,2917-07-02 00:00:00
JUG_00706,STR_0020,purchased,2917-07-24 00:00:00
JUG_00706,STR_0020,returned_to_store,2917-10-29 00:00:00
JUG_00706,HUB_AURORA,washed,2917-11-03 00:00:00
JUG_00706,STR_0041,purchased,2917-11-30 00:00:00
JUG_00706,STR_0041,returned_to_store,2918-02-08 00:00:00
JUG_00706,HUB_AURORA,washed,2918-02-10 00:00:00
JUG_00706,STR_0018,purchased,2918-02-23 00:00:00
JUG_00706,STR_0018,returned_to_store,2918-05-11 00:00:00
JUG_00706,HUB_AURORA,washed,2918-05-13 00:00:00
JUG_00706,STR_0048,purchased,2918-05-23 00:00:00
JUG_00706,UNKNOWN,lost_to_leakage,2918-07-16 00:00:00
JUG_00707,STR_0009,purchased,2918-08-06 00:00:00
JUG_00707,STR_0009,returned_to_store,2918-10-22 00:00:00
JUG_00707,HUB_AURORA,washed,2918-10-25 00:00:00
JUG_00707,STR_0047,purchased,2918-11-10 00:00:00
JUG_00707,STR_0047,returned_to_store,2919-01-02 00:00:00
JUG_00707,HUB_AURORA,washed,2919-01-04 00:00:00
JUG_00707,STR_0023,purchased,2919-01-25 00:00:00
JUG_00707,STR_0023,returned_to_store,2919-04-24 00:00:00
JUG_00707,HUB_AURORA,washed,2919-04-26 00:00:00
JUG_00707,STR_0035,purchased,2919-05-06 00:00:00
JUG_00707,STR_0035,returned_to_store,2919-07-08 00:00:00
JUG_00707,HUB_AURORA,washed,2919-07-13 00:00:00
JUG_00707,STR_0004,purchased,2919-08-06 00:00:00
JUG_00707,STR_0004,returned_to_store,2919-11-04 00:00:00
JUG_00707,HUB_AURORA,washed,2919-11-06 00:00:00
JUG_00707,STR_0048,purchased,2919-11-29 00:00:00
JUG_00707,STR_0048,returned_to_store,2920-01-26 00:00:00
JUG_00707,HUB_AURORA,washed,2920-01-28 00:00:00
JUG_00708,STR_0042,purchased,2920-02-13 00:00:00
JUG_00708,UNKNOWN,lost_to_leakage,2920-05-03 00:00:00
JUG_00709,STR_0043,purchased,2920-06-01 00:00:00
JUG_00709,STR_0043,returned_to_store,2920-08-24 00:00:00
JUG_00709,HUB_AURORA,washed,2920-08-28 00:00:00
JUG_00709,STR_0026,purchased,2920-09-07 00:00:00
JUG_00709,STR_0026,returned_to_store,2920-12-09 00:00:00
JUG_00709,HUB_AURORA,washed,2920-12-11 00:00:00
JUG_00709,STR_0031,purchased,2920-12-27 00:00:00
JUG_00709,STR_0031,returned_to_store,2921-03-05 00:00:00
JUG_00709,HUB_AURORA,washed,2921-03-08 00:00:00
JUG_00709,STR_0024,purchased,2921-03-17 00:00:00
JUG_00709,STR_0024,returned_to_store,2921-06-12 00:00:00
JUG_00709,HUB_AURORA,washed,2921-06-17 00:00:00
JUG_00709,STR_0020,purchased,2921-07-13 00:00:00
JUG_00709,STR_0020,returned_to_store,2921-09-22 00:00:00
JUG_00709,HUB_AURORA,washed,2921-09-24 00:00:00
JUG_00709,STR_0021,purchased,2921-10-14 00:00:00
JUG_00709,STR_0021,returned_to_store,2922-01-07 00:00:00
JUG_00709,HUB_AURORA,washed,2922-01-09 00:00:00
JUG_00709,STR_0018,purchased,2922-01-30 00:00:00
JUG_00709,STR_0018,returned_to_store,2922-04-15 00:00:00
JUG_00709,HUB_AURORA,washed,2922-04-17 00:00:00
JUG_00710,STR_0036,purchased,2922-05-04 00:00:00
JUG_00710,STR_0036,returned_to_store,2922-07-06 00:00:00
JUG_00710,HUB_AURORA,washed,2922-07-08 00:00:00
JUG_00710,STR_0048,purchased,2922-07-15 00:00:00
JUG_00710,STR_0048,returned_to_store,2922-10-06 00:00:00
JUG_00710,HUB_AURORA,washed,2922-10-09 00:00:00
JUG_00710,STR_0025,purchased,2922-10-21 00:00:00
JUG_00710,STR_0025,returned_to_store,2922-12-21 00:00:00
JUG_00710,HUB_AURORA,washed,2922-12-23 00:00:00
JUG_00710,STR_0020,purchased,2923-01-04 00:00:00
JUG_00710,STR_0020,returned_to_store,2923-03-15 00:00:00
JUG_00710,HUB_AURORA,washed,2923-03-20 00:00:00
JUG_00710,STR_0049,purchased,2923-04-19 00:00:00
JUG_00710,STR_0049,returned_to_store,2923-07-14 00:00:00
JUG_00710,HUB_AURORA,washed,2923-07-19 00:00:00
JUG_00710,STR_0007,purchased,2923-08-14 00:00:00
JUG_00710,STR_0007,returned_to_store,2923-10-28 00:00:00
JUG_00710,HUB_AURORA,washed,2923-11-02 00:00:00
JUG_00710,STR_0010,purchased,2923-11-21 00:00:00
JUG_00710,STR_0010,returned_to_store,2924-02-25 00:00:00
JUG_00710,HUB_AURORA,washed,2924-02-27 00:00:00
JUG_00710,STR_0023,purchased,2924-03-06 00:00:00
JUG_00710,STR_0023,returned_to_store,2924-05-10 00:00:00
JUG_00710,HUB_AURORA,washed,2924-05-13 00:00:00
JUG_00711,STR_0026,purchased,2924-05-29 00:00:00
JUG_00711,STR_0026,returned_to_store,2924-08-07 00:00:00
JUG_00711,HUB_AURORA,washed,2924-08-09 00:00:00
JUG_00711,STR_0039,purchased,2924-09-06 00:00:00
JUG_00711,STR_0039,returned_to_store,2924-12-01 00:00:00
JUG_00711,HUB_AURORA,washed,2924-12-04 00:00:00
JUG_00711,STR_0007,purchased,2924-12-18 00:00:00
JUG_00711,STR_0007,returned_to_store,2925-03-22 00:00:00
JUG_00711,HUB_AURORA,washed,2925-03-27 00:00:00
JUG_00712,STR_0044,purchased,2925-04-03 00:00:00
JUG_00712,STR_0044,returned_to_store,2925-07-08 00:00:00
JUG_00712,HUB_AURORA,washed,2925-07-11 00:00:00
JUG_00712,STR_0049,purchased,2925-07-28 00:00:00
JUG_00712,STR_0049,returned_to_store,2925-10-16 00:00:00
JUG_00712,HUB_AURORA,washed,2925-10-19 00:00:00
JUG_00712,STR_0013,purchased,2925-11-01 00:00:00
JUG_00712,STR_0013,returned_to_store,2926-01-08 00:00:00
JUG_00712,HUB_AURORA,washed,2926-01-13 00:00:00
JUG_00712,STR_0017,purchased,2926-01-25 00:00:00
JUG_00712,STR_0017,returned_to_store,2926-04-04 00:00:00
JUG_00712,HUB_AURORA,washed,2926-04-07 00:00:00
JUG_00712,STR_0033,purchased,2926-04-28 00:00:00
JUG_00712,STR_0033,returned_to_store,2926-07-16 00:00:00
JUG_00712,HUB_AURORA,washed,2926-07-18 00:00:00
JUG_00713,STR_0002,purchased,2926-08-17 00:00:00
JUG_00713,STR_0002,returned_to_store,2926-10-24 00:00:00
JUG_00713,HUB_AURORA,washed,2926-10-26 00:00:00
JUG_00713,STR_0042,purchased,2926-11-07 00:00:00
JUG_00713,STR_0042,returned_to_store,2927-01-15 00:00:00
JUG_00713,HUB_AURORA,washed,2927-01-20 00:00:00
JUG_00713,STR_0038,purchased,2927-01-29 00:00:00
JUG_00713,STR_0038,returned_to_store,2927-03-21 00:00:00
JUG_00713,HUB_AURORA,washed,2927-03-23 00:00:00
JUG_00714,STR_0011,purchased,2927-04-07 00:00:00
JUG_00714,STR_0011,returned_to_store,2927-06-05 00:00:00
JUG_00714,HUB_AURORA,washed,2927-06-08 00:00:00
JUG_00714,STR_0035,purchased,2927-06-30 00:00:00
JUG_00714,STR_0035,returned_to_store,2927-09-29 00:00:00
JUG_00714,HUB_AURORA,washed,2927-10-01 00:00:00
JUG_00714,STR_0027,purchased,2927-10-31 00:00:00
JUG_00714,STR_0027,returned_to_store,2928-02-03 00:00:00
JUG_00714,HUB_AURORA,washed,2928-02-06 00:00:00
JUG_00714,STR_0018,purchased,2928-02-26 00:00:00
JUG_00714,STR_0018,returned_to_store,2928-05-06 00:00:00
JUG_00714,HUB_AURORA,washed,2928-05-11 00:00:00
JUG_00715,STR_0044,purchased,2928-06-08 00:00:00
JUG_00715,STR_0044,returned_to_store,2928-09-08 00:00:00
JUG_00715,HUB_AURORA,washed,2928-09-11 00:00:00
JUG_00715,STR_0015,purchased,2928-09-25 00:00:00
JUG_00715,STR_0015,returned_to_store,2928-12-20 00:00:00
JUG_00715,HUB_AURORA,washed,2928-12-24 00:00:00
JUG_00715,STR_0047,purchased,2929-01-18 00:00:00
JUG_00715,STR_0047,returned_to_store,2929-04-08 00:00:00
JUG_00715,HUB_AURORA,washed,2929-04-13 00:00:00
JUG_00715,STR_0023,purchased,2929-04-30 00:00:00
JUG_00715,STR_0023,returned_to_store,2929-07-13 00:00:00
JUG_00715,HUB_AURORA,washed,2929-07-18 00:00:00
JUG_00715,STR_0001,purchased,2929-08-03 00:00:00
JUG_00715,STR_0001,returned_to_store,2929-10-07 00:00:00
JUG_00715,HUB_AURORA,washed,2929-10-10 00:00:00
JUG_00715,STR_0023,purchased,2929-10-26 00:00:00
JUG_00715,STR_0023,returned_to_store,2930-01-29 00:00:00
JUG_00715,HUB_AURORA,washed,2930-01-31 00:00:00
JUG_00715,STR_0027,purchased,2930-03-02 00:00:00
JUG_00715,STR_0027,returned_to_store,2930-04-23 00:00:00
JUG_00715,HUB_AURORA,washed,2930-04-25 00:00:00
JUG_00715,STR_0001,purchased,2930-05-21 00:00:00
JUG_00715,STR_0001,returned_to_store,2930-08-25 00:00:00
JUG_00715,HUB_AURORA,washed,2930-08-30 00:00:00
JUG_00716,STR_0036,purchased,2930-09-25 00:00:00
JUG_00716,STR_0036,returned_to_store,2930-12-29 00:00:00
JUG_00716,HUB_AURORA,washed,2931-01-01 00:00:00
JUG_00716,STR_0011,purchased,2931-01-24 00:00:00
JUG_00716,STR_0011,returned_to_store,2931-04-03 00:00:00
JUG_00716,HUB_AURORA,washed,2931-04-06 00:00:00
JUG_00716,STR_0038,purchased,2931-04-25 00:00:00
JUG_00716,UNKNOWN,lost_to_leakage,2931-07-26 00:00:00
JUG_00717,STR_0030,purchased,2931-08-17 00:00:00
JUG_00717,STR_0030,returned_to_store,2931-11-13 00:00:00
JUG_00717,HUB_AURORA,washed,2931-11-17 00:00:00
JUG_00717,STR_0010,purchased,2931-11-28 00:00:00
JUG_00717,STR_0010,returned_to_store,2932-02-24 00:00:00
JUG_00717,HUB_AURORA,washed,2932-02-28 00:00:00
JUG_00717,STR_0027,purchased,2932-03-10 00:00:00
JUG_00717,STR_0027,returned_to_store,2932-05-18 00:00:00
JUG_00717,HUB_AURORA,washed,2932-05-22 00:00:00
JUG_00717,STR_0031,purchased,2932-06-05 00:00:00
JUG_00717,STR_0031,returned_to_store,2932-09-01 00:00:00
JUG_00717,HUB_AURORA,washed,2932-09-03 00:00:00
JUG_00717,STR_0047,purchased,2932-09-19 00:00:00
JUG_00717,STR_0047,returned_to_store,2932-11-18 00:00:00
JUG_00717,HUB_AURORA,washed,2932-11-22 00:00:00
JUG_00717,STR_0040,purchased,2932-12-21 00:00:00
JUG_00717,STR_0040,returned_to_store,2933-02-24 00:00:00
JUG_00717,HUB_AURORA,washed,2933-02-27 00:00:00
JUG_00717,STR_0040,purchased,2933-03-07 00:00:00
JUG_00717,STR_0040,returned_to_store,2933-05-10 00:00:00
JUG_00717,HUB_AURORA,washed,2933-05-12 00:00:00
JUG_00718,STR_0003,purchased,2933-06-08 00:00:00
JUG_00718,STR_0003,returned_to_store,2933-08-25 00:00:00
JUG_00718,HUB_AURORA,washed,2933-08-28 00:00:00
JUG_00718,STR_0025,purchased,2933-09-25 00:00:00
JUG_00718,STR_0025,returned_to_store,2933-12-28 00:00:00
JUG_00718,HUB_AURORA,washed,2934-01-01 00:00:00
JUG_00718,STR_0025,purchased,2934-01-12 00:00:00
JUG_00718,STR_0025,returned_to_store,2934-03-13 00:00:00
JUG_00718,HUB_AURORA,washed,2934-03-17 00:00:00
JUG_00719,STR_0011,purchased,2934-03-30 00:00:00
JUG_00719,STR_0011,returned_to_store,2934-06-09 00:00:00
JUG_00719,HUB_AURORA,washed,2934-06-11 00:00:00
JUG_00719,STR_0036,purchased,2934-06-18 00:00:00
JUG_00719,STR_0036,returned_to_store,2934-09-21 00:00:00
JUG_00719,HUB_AURORA,washed,2934-09-24 00:00:00
JUG_00719,STR_0048,purchased,2934-10-03 00:00:00
JUG_00719,STR_0048,returned_to_store,2934-12-13 00:00:00
JUG_00719,HUB_AURORA,washed,2934-12-17 00:00:00
JUG_00720,STR_0006,purchased,2934-12-26 00:00:00
JUG_00720,STR_0006,returned_to_store,2935-03-24 00:00:00
JUG_00720,HUB_AURORA,washed,2935-03-26 00:00:00
JUG_00720,STR_0039,purchased,2935-04-14 00:00:00
JUG_00720,STR_0039,returned_to_store,2935-06-12 00:00:00
JUG_00720,HUB_AURORA,washed,2935-06-14 00:00:00
JUG_00720,STR_0024,purchased,2935-07-04 00:00:00
JUG_00720,STR_0024,returned_to_store,2935-09-20 00:00:00
JUG_00720,HUB_AURORA,washed,2935-09-25 00:00:00
JUG_00721,STR_0016,purchased,2935-10-14 00:00:00
JUG_00721,UNKNOWN,lost_to_leakage,2936-01-06 00:00:00
JUG_00722,STR_0048,purchased,2936-01-18 00:00:00
JUG_00722,STR_0048,returned_to_store,2936-04-06 00:00:00
JUG_00722,HUB_AURORA,washed,2936-04-08 00:00:00
JUG_00722,STR_0025,purchased,2936-05-04 00:00:00
JUG_00722,STR_0025,returned_to_store,2936-07-22 00:00:00
JUG_00722,HUB_AURORA,washed,2936-07-27 00:00:00
JUG_00722,STR_0018,purchased,2936-08-11 00:00:00
JUG_00722,STR_0018,returned_to_store,2936-10-11 00:00:00
JUG_00722,HUB_AURORA,washed,2936-10-14 00:00:00
JUG_00722,STR_0019,purchased,2936-10-27 00:00:00
JUG_00722,STR_0019,returned_to_store,2937-01-08 00:00:00
JUG_00722,HUB_AURORA,washed,2937-01-11 00:00:00
JUG_00722,STR_0042,purchased,2937-02-06 00:00:00
JUG_00722,STR_0042,returned_to_store,2937-05-11 00:00:00
JUG_00722,HUB_AURORA,washed,2937-05-15 00:00:00
JUG_00722,STR_0022,purchased,2937-05-30 00:00:00
JUG_00722,STR_0022,returned_to_store,2937-09-11 00:00:00
JUG_00722,HUB_AURORA,washed,2937-09-14 00:00:00
JUG_00722,STR_0007,purchased,2937-09-22 00:00:00
JUG_00722,UNKNOWN,lost_to_leakage,2937-11-28 00:00:00
JUG_00723,STR_0023,purchased,2937-12-25 00:00:00
JUG_00723,STR_0023,returned_to_store,2938-03-23 00:00:00
JUG_00723,HUB_AURORA,washed,2938-03-26 00:00:00
JUG_00723,STR_0005,purchased,2938-04-20 00:00:00
JUG_00723,STR_0005,returned_to_store,2938-06-27 00:00:00
JUG_00723,HUB_AURORA,washed,2938-07-02 00:00:00
JUG_00723,STR_0015,purchased,2938-07-24 00:00:00
JUG_00723,STR_0015,returned_to_store,2938-10-07 00:00:00
JUG_00723,HUB_AURORA,washed,2938-10-12 00:00:00
JUG_00723,STR_0005,purchased,2938-10-19 00:00:00
JUG_00723,STR_0005,returned_to_store,2939-01-03 00:00:00
JUG_00723,HUB_AURORA,washed,2939-01-08 00:00:00
JUG_00723,STR_0020,purchased,2939-01-23 00:00:00
JUG_00723,STR_0020,returned_to_store,2939-04-23 00:00:00
JUG_00723,HUB_AURORA,washed,2939-04-28 00:00:00
JUG_00724,STR_0028,purchased,2939-05-19 00:00:00
JUG_00724,UNKNOWN,lost_to_leakage,2939-07-28 00:00:00
JUG_00725,STR_0020,purchased,2939-08-08 00:00:00
JUG_00725,STR_0020,returned_to_store,2939-10-11 00:00:00
JUG_00725,HUB_AURORA,washed,2939-10-13 00:00:00
JUG_00725,STR_0028,purchased,2939-11-08 00:00:00
JUG_00725,STR_0028,returned_to_store,2940-02-04 00:00:00
JUG_00725,HUB_AURORA,washed,2940-02-09 00:00:00
JUG_00725,STR_0017,purchased,2940-03-08 00:00:00
JUG_00725,UNKNOWN,lost_to_leakage,2940-06-08 00:00:00
JUG_00726,STR_0047,purchased,2940-06-16 00:00:00
JUG_00726,STR_0047,returned_to_store,2940-09-07 00:00:00
JUG_00726,HUB_AURORA,washed,2940-09-09 00:00:00
JUG_00726,STR_0036,purchased,2940-09-29 00:00:00
JUG_00726,STR_0036,returned_to_store,2940-11-29 00:00:00
JUG_00726,HUB_AURORA,washed,2940-12-02 00:00:00
JUG_00726,STR_0046,purchased,2940-12-14 00:00:00
JUG_00726,STR_0046,returned_to_store,2941-02-10 00:00:00
JUG_00726,HUB_AURORA,washed,2941-02-14 00:00:00
JUG_00726,STR_0038,purchased,2941-03-06 00:00:00
JUG_00726,UNKNOWN,lost_to_leakage,2941-05-04 00:00:00
JUG_00727,STR_0018,purchased,2941-05-16 00:00:00
JUG_00727,STR_0018,returned_to_store,2941-08-11 00:00:00
JUG_00727,HUB_AURORA,washed,2941-08-13 00:00:00
JUG_00727,STR_0000,purchased,2941-08-31 00:00:00
JUG_00727,STR_0000,returned_to_store,2941-11-19 00:00:00
JUG_00727,HUB_AURORA,washed,2941-11-22 00:00:00
JUG_00727,STR_0023,purchased,2941-12-10 00:00:00
JUG_00727,STR_0023,returned_to_store,2942-03-22 00:00:00
JUG_00727,HUB_AURORA,washed,2942-03-27 00:00:00
JUG_00727,STR_0033,purchased,2942-04-16 00:00:00
JUG_00727,STR_0033,returned_to_store,2942-07-23 00:00:00
JUG_00727,HUB_AURORA,washed,2942-07-25 00:00:00
JUG_00727,STR_0030,purchased,2942-08-14 00:00:00
JUG_00727,UNKNOWN,lost_to_leakage,2942-11-01 00:00:00
JUG_00728,STR_0018,purchased,2942-11-13 00:00:00
JUG_00728,UNKNOWN,lost_to_leakage,2943-01-29 00:00:00
JUG_00729,STR_0048,purchased,2943-02-23 00:00:00
JUG_00729,STR_0048,returned_to_store,2943-05-10 00:00:00
JUG_00729,HUB_AURORA,washed,2943-05-14 00:00:00
JUG_00729,STR_0045,purchased,2943-06-08 00:00:00
JUG_00729,UNKNOWN,lost_to_leakage,2943-08-21 00:00:00
JUG_00730,STR_0031,purchased,2943-09-17 00:00:00
JUG_00730,STR_0031,returned_to_store,2943-12-19 00:00:00
JUG_00730,HUB_AURORA,washed,2943-12-24 00:00:00
JUG_00730,STR_0031,purchased,2944-01-09 00:00:00
JUG_00730,STR_0031,returned_to_store,2944-03-28 00:00:00
JUG_00730,HUB_AURORA,washed,2944-04-02 00:00:00
JUG_00730,STR_0046,purchased,2944-04-24 00:00:00
JUG_00730,STR_0046,returned_to_store,2944-06-15 00:00:00
JUG_00730,HUB_AURORA,washed,2944-06-18 00:00:00
JUG_00730,STR_0023,purchased,2944-07-02 00:00:00
JUG_00730,STR_0023,returned_to_store,2944-09-22 00:00:00
JUG_00730,HUB_AURORA,washed,2944-09-24 00:00:00
JUG_00730,STR_0028,purchased,2944-10-19 00:00:00
JUG_00730,STR_0028,returned_to_store,2944-12-23 00:00:00
JUG_00730,HUB_AURORA,washed,2944-12-27 00:00:00
JUG_00730,STR_0028,purchased,2945-01-13 00:00:00
JUG_00730,STR_0028,returned_to_store,2945-03-26 00:00:00
JUG_00730,HUB_AURORA,washed,2945-03-30 00:00:00
JUG_00730,STR_0022,purchased,2945-04-24 00:00:00
JUG_00730,STR_0022,returned_to_store,2945-07-24 00:00:00
JUG_00730,HUB_AURORA,washed,2945-07-27 00:00:00
JUG_00730,STR_0031,purchased,2945-08-09 00:00:00
JUG_00730,STR_0031,returned_to_store,2945-10-19 00:00:00
JUG_00730,HUB_AURORA,washed,2945-10-21 00:00:00
JUG_00730,STR_0024,purchased,2945-11-20 00:00:00
JUG_00730,STR_0024,returned_to_store,2946-01-23 00:00:00
JUG_00730,HUB_AURORA,washed,2946-01-26 00:00:00
JUG_00731,STR_0006,purchased,2946-02-20 00:00:00
JUG_00731,STR_0006,returned_to_store,2946-05-29 00:00:00
JUG_00731,HUB_AURORA,washed,2946-06-03 00:00:00
JUG_00731,STR_0024,purchased,2946-06-30 00:00:00
JUG_00731,STR_0024,returned_to_store,2946-10-04 00:00:00
JUG_00731,HUB_AURORA,washed,2946-10-08 00:00:00
JUG_00731,STR_0008,purchased,2946-10-31 00:00:00
JUG_00731,STR_0008,returned_to_store,2947-01-25 00:00:00
JUG_00731,HUB_AURORA,washed,2947-01-29 00:00:00
JUG_00731,STR_0000,purchased,2947-02-11 00:00:00
JUG_00731,UNKNOWN,lost_to_leakage,2947-05-08 00:00:00
JUG_00732,STR_0005,purchased,2947-05-21 00:00:00
JUG_00732,UNKNOWN,lost_to_leakage,2947-08-14 00:00:00
JUG_00733,STR_0046,purchased,2947-09-07 00:00:00
JUG_00733,STR_0046,returned_to_store,2947-11-12 00:00:00
JUG_00733,HUB_AURORA,washed,2947-11-15 00:00:00
JUG_00733,STR_0044,purchased,2947-11-25 00:00:00
JUG_00733,STR_0044,returned_to_store,2948-01-27 00:00:00
JUG_00733,HUB_AURORA,washed,2948-01-29 00:00:00
JUG_00733,STR_0000,purchased,2948-02-21 00:00:00
JUG_00733,STR_0000,returned_to_store,2948-04-21 00:00:00
JUG_00733,HUB_AURORA,washed,2948-04-25 00:00:00
JUG_00733,STR_0013,purchased,2948-05-23 00:00:00
JUG_00733,STR_0013,returned_to_store,2948-07-29 00:00:00
JUG_00733,HUB_AURORA,washed,2948-08-03 00:00:00
JUG_00733,STR_0031,purchased,2948-08-31 00:00:00
JUG_00733,STR_0031,returned_to_store,2948-11-11 00:00:00
JUG_00733,HUB_AURORA,washed,2948-11-14 00:00:00
JUG_00733,STR_0003,purchased,2948-12-08 00:00:00
JUG_00733,STR_0003,returned_to_store,2949-02-20 00:00:00
JUG_00733,HUB_AURORA,washed,2949-02-24 00:00:00
JUG_00733,STR_0025,purchased,2949-03-04 00:00:00
JUG_00733,STR_0025,returned_to_store,2949-05-13 00:00:00
JUG_00733,HUB_AURORA,washed,2949-05-15 00:00:00
JUG_00733,STR_0032,purchased,2949-06-01 00:00:00
JUG_00733,STR_0032,returned_to_store,2949-08-18 00:00:00
JUG_00733,HUB_AURORA,washed,2949-08-20 00:00:00
JUG_00733,STR_0031,purchased,2949-09-19 00:00:00
JUG_00733,STR_0031,returned_to_store,2949-11-27 00:00:00
JUG_00733,HUB_AURORA,washed,2949-12-02 00:00:00
JUG_00733,STR_0035,purchased,2949-12-22 00:00:00
JUG_00733,STR_0035,returned_to_store,2950-02-15 00:00:00
JUG_00733,HUB_AURORA,washed,2950-02-19 00:00:00
JUG_00734,STR_0018,purchased,2950-03-17 00:00:00
JUG_00734,STR_0018,returned_to_store,2950-06-20 00:00:00
JUG_00734,HUB_AURORA,washed,2950-06-25 00:00:00
JUG_00734,STR_0032,purchased,2950-07-10 00:00:00
JUG_00734,STR_0032,returned_to_store,2950-09-09 00:00:00
JUG_00734,HUB_AURORA,washed,2950-09-13 00:00:00
JUG_00734,STR_0012,purchased,2950-09-24 00:00:00
JUG_00734,STR_0012,returned_to_store,2950-12-20 00:00:00
JUG_00734,HUB_AURORA,washed,2950-12-23 00:00:00
JUG_00734,STR_0037,purchased,2951-01-09 00:00:00
JUG_00734,STR_0037,returned_to_store,2951-03-10 00:00:00
JUG_00734,HUB_AURORA,washed,2951-03-13 00:00:00
JUG_00734,STR_0021,purchased,2951-03-22 00:00:00
JUG_00734,STR_0021,returned_to_store,2951-06-06 00:00:00
JUG_00734,HUB_AURORA,washed,2951-06-10 00:00:00
JUG_00734,STR_0048,purchased,2951-06-30 00:00:00
JUG_00734,STR_0048,returned_to_store,2951-09-02 00:00:00
JUG_00734,HUB_AURORA,washed,2951-09-07 00:00:00
JUG_00734,STR_0002,purchased,2951-10-03 00:00:00
JUG_00734,STR_0002,returned_to_store,2951-12-16 00:00:00
JUG_00734,HUB_AURORA,washed,2951-12-21 00:00:00
JUG_00734,STR_0012,purchased,2952-01-08 00:00:00
JUG_00734,STR_0012,returned_to_store,2952-03-20 00:00:00
JUG_00734,HUB_AURORA,washed,2952-03-23 00:00:00
JUG_00735,STR_0013,purchased,2952-04-10 00:00:00
JUG_00735,STR_0013,returned_to_store,2952-07-04 00:00:00
JUG_00735,HUB_AURORA,washed,2952-07-08 00:00:00
JUG_00735,STR_0023,purchased,2952-07-26 00:00:00
JUG_00735,STR_0023,returned_to_store,2952-09-14 00:00:00
JUG_00735,HUB_AURORA,washed,2952-09-18 00:00:00
JUG_00735,STR_0028,purchased,2952-10-14 00:00:00
JUG_00735,STR_0028,returned_to_store,2952-12-30 00:00:00
JUG_00735,HUB_AURORA,washed,2953-01-04 00:00:00
JUG_00735,STR_0023,purchased,2953-01-19 00:00:00
JUG_00735,STR_0023,returned_to_store,2953-04-08 00:00:00
JUG_00735,HUB_AURORA,washed,2953-04-10 00:00:00
JUG_00735,STR_0032,purchased,2953-04-17 00:00:00
JUG_00735,STR_0032,returned_to_store,2953-07-16 00:00:00
JUG_00735,HUB_AURORA,washed,2953-07-18 00:00:00
JUG_00735,STR_0019,purchased,2953-08-12 00:00:00
JUG_00735,UNKNOWN,lost_to_leakage,2953-11-08 00:00:00
JUG_00736,STR_0038,purchased,2953-12-03 00:00:00
JUG_00736,STR_0038,returned_to_store,2954-03-11 00:00:00
JUG_00736,HUB_AURORA,washed,2954-03-14 00:00:00
JUG_00736,STR_0006,purchased,2954-03-27 00:00:00
JUG_00736,STR_0006,returned_to_store,2954-06-24 00:00:00
JUG_00736,HUB_AURORA,washed,2954-06-27 00:00:00
JUG_00736,STR_0011,purchased,2954-07-12 00:00:00
JUG_00736,STR_0011,returned_to_store,2954-09-05 00:00:00
JUG_00736,HUB_AURORA,washed,2954-09-09 00:00:00
JUG_00736,STR_0040,purchased,2954-09-27 00:00:00
JUG_00736,STR_0040,returned_to_store,2954-12-29 00:00:00
JUG_00736,HUB_AURORA,washed,2955-01-01 00:00:00
JUG_00736,STR_0000,purchased,2955-01-23 00:00:00
JUG_00736,STR_0000,returned_to_store,2955-04-11 00:00:00
JUG_00736,HUB_AURORA,washed,2955-04-14 00:00:00
JUG_00736,STR_0024,purchased,2955-05-04 00:00:00
JUG_00736,STR_0024,returned_to_store,2955-08-05 00:00:00
JUG_00736,HUB_AURORA,washed,2955-08-07 00:00:00
JUG_00737,STR_0015,purchased,2955-08-22 00:00:00
JUG_00737,STR_0015,returned_to_store,2955-10-28 00:00:00
JUG_00737,HUB_AURORA,washed,2955-10-31 00:00:00
JUG_00737,STR_0043,purchased,2955-11-12 00:00:00
JUG_00737,STR_0043,returned_to_store,2956-02-03 00:00:00
JUG_00737,HUB_AURORA,washed,2956-02-05 00:00:00
JUG_00737,STR_0046,purchased,2956-02-13 00:00:00
JUG_00737,STR_0046,returned_to_store,2956-05-13 00:00:00
JUG_00737,HUB_AURORA,washed,2956-05-16 00:00:00
JUG_00737,STR_0019,purchased,2956-06-03 00:00:00
JUG_00737,STR_0019,returned_to_store,2956-08-20 00:00:00
JUG_00737,HUB_AURORA,washed,2956-08-23 00:00:00
JUG_00737,STR_0017,purchased,2956-09-06 00:00:00
JUG_00737,STR_0017,returned_to_store,2956-12-16 00:00:00
JUG_00737,HUB_AURORA,washed,2956-12-21 00:00:00
JUG_00738,STR_0039,purchased,2956-12-31 00:00:00
JUG_00738,STR_0039,returned_to_store,2957-03-16 00:00:00
JUG_00738,HUB_AURORA,washed,2957-03-20 00:00:00
JUG_00738,STR_0005,purchased,2957-04-17 00:00:00
JUG_00738,STR_0005,returned_to_store,2957-07-17 00:00:00
JUG_00738,HUB_AURORA,washed,2957-07-20 00:00:00
JUG_00738,STR_0045,purchased,2957-08-19 00:00:00
JUG_00738,STR_0045,returned_to_store,2957-10-23 00:00:00
JUG_00738,HUB_AURORA,washed,2957-10-27 00:00:00
JUG_00738,STR_0000,purchased,2957-11-23 00:00:00
JUG_00738,STR_0000,returned_to_store,2958-01-14 00:00:00
JUG_00738,HUB_AURORA,washed,2958-01-16 00:00:00
JUG_00738,STR_0003,purchased,2958-02-14 00:00:00
JUG_00738,STR_0003,returned_to_store,2958-05-24 00:00:00
JUG_00738,HUB_AURORA,washed,2958-05-26 00:00:00
JUG_00738,STR_0036,purchased,2958-06-10 00:00:00
JUG_00738,STR_0036,returned_to_store,2958-08-21 00:00:00
JUG_00738,HUB_AURORA,washed,2958-08-25 00:00:00
JUG_00739,STR_0049,purchased,2958-09-23 00:00:00
JUG_00739,UNKNOWN,lost_to_leakage,2958-12-24 00:00:00
JUG_00740,STR_0037,purchased,2959-01-16 00:00:00
JUG_00740,STR_0037,returned_to_store,2959-04-09 00:00:00
JUG_00740,HUB_AURORA,washed,2959-04-13 00:00:00
JUG_00740,STR_0016,purchased,2959-05-13 00:00:00
JUG_00740,STR_0016,returned_to_store,2959-07-13 00:00:00
JUG_00740,HUB_AURORA,washed,2959-07-17 00:00:00
JUG_00740,STR_0003,purchased,2959-07-27 00:00:00
JUG_00740,STR_0003,returned_to_store,2959-10-27 00:00:00
JUG_00740,HUB_AURORA,washed,2959-10-31 00:00:00
JUG_00740,STR_0026,purchased,2959-11-24 00:00:00
JUG_00740,STR_0026,returned_to_store,2960-01-30 00:00:00
JUG_00740,HUB_AURORA,washed,2960-02-02 00:00:00
JUG_00741,STR_0005,purchased,2960-02-16 00:00:00
JUG_00741,STR_0005,returned_to_store,2960-05-20 00:00:00
JUG_00741,HUB_AURORA,washed,2960-05-23 00:00:00
JUG_00741,STR_0025,purchased,2960-06-05 00:00:00
JUG_00741,STR_0025,returned_to_store,2960-09-06 00:00:00
JUG_00741,HUB_AURORA,washed,2960-09-09 00:00:00
JUG_00741,STR_0024,purchased,2960-09-21 00:00:00
JUG_00741,STR_0024,returned_to_store,2960-12-13 00:00:00
JUG_00741,HUB_AURORA,washed,2960-12-16 00:00:00
JUG_00741,STR_0040,purchased,2961-01-10 00:00:00
JUG_00741,STR_0040,returned_to_store,2961-03-07 00:00:00
JUG_00741,HUB_AURORA,washed,2961-03-11 00:00:00
JUG_00741,STR_0002,purchased,2961-04-08 00:00:00
JUG_00741,STR_0002,returned_to_store,2961-07-02 00:00:00
JUG_00741,HUB_AURORA,washed,2961-07-04 00:00:00
JUG_00741,STR_0046,purchased,2961-07-30 00:00:00
JUG_00741,STR_0046,returned_to_store,2961-10-04 00:00:00
JUG_00741,HUB_AURORA,washed,2961-10-08 00:00:00
JUG_00742,STR_0000,purchased,2961-10-29 00:00:00
JUG_00742,STR_0000,returned_to_store,2962-01-09 00:00:00
JUG_00742,HUB_AURORA,washed,2962-01-14 00:00:00
JUG_00742,STR_0017,purchased,2962-02-12 00:00:00
JUG_00742,UNKNOWN,lost_to_leakage,2962-04-25 00:00:00
JUG_00743,STR_0006,purchased,2962-05-10 00:00:00
JUG_00743,STR_0006,returned_to_store,2962-06-29 00:00:00
JUG_00743,HUB_AURORA,washed,2962-07-02 00:00:00
JUG_00743,STR_0043,purchased,2962-07-13 00:00:00
JUG_00743,STR_0043,returned_to_store,2962-10-02 00:00:00
JUG_00743,HUB_AURORA,washed,2962-10-05 00:00:00
JUG_00743,STR_0032,purchased,2962-10-21 00:00:00
JUG_00743,STR_0032,returned_to_store,2962-12-18 00:00:00
JUG_00743,HUB_AURORA,washed,2962-12-20 00:00:00
JUG_00743,STR_0005,purchased,2963-01-18 00:00:00
JUG_00743,STR_0005,returned_to_store,2963-03-21 00:00:00
JUG_00743,HUB_AURORA,washed,2963-03-25 00:00:00
JUG_00744,STR_0031,purchased,2963-04-18 00:00:00
JUG_00744,STR_0031,returned_to_store,2963-07-16 00:00:00
JUG_00744,HUB_AURORA,washed,2963-07-21 00:00:00
JUG_00744,STR_0023,purchased,2963-08-15 00:00:00
JUG_00744,UNKNOWN,lost_to_leakage,2963-11-23 00:00:00
JUG_00745,STR_0024,purchased,2963-12-16 00:00:00
JUG_00745,STR_0024,returned_to_store,2964-03-24 00:00:00
JUG_00745,HUB_AURORA,washed,2964-03-27 00:00:00
JUG_00745,STR_0017,purchased,2964-04-20 00:00:00
JUG_00745,STR_0017,returned_to_store,2964-06-28 00:00:00
JUG_00745,HUB_AURORA,washed,2964-07-01 00:00:00
JUG_00745,STR_0018,purchased,2964-07-10 00:00:00
JUG_00745,STR_0018,returned_to_store,2964-09-29 00:00:00
JUG_00745,HUB_AURORA,washed,2964-10-01 00:00:00
JUG_00745,STR_0019,purchased,2964-10-19 00:00:00
JUG_00745,STR_0019,returned_to_store,2964-12-28 00:00:00
JUG_00745,HUB_AURORA,washed,2965-01-01 00:00:00
JUG_00745,STR_0005,purchased,2965-01-16 00:00:00
JUG_00745,STR_0005,returned_to_store,2965-03-26 00:00:00
JUG_00745,HUB_AURORA,washed,2965-03-28 00:00:00
JUG_00745,STR_0015,purchased,2965-04-15 00:00:00
JUG_00745,STR_0015,returned_to_store,2965-06-19 00:00:00
JUG_00745,HUB_AURORA,washed,2965-06-24 00:00:00
JUG_00745,STR_0020,purchased,2965-07-09 00:00:00
JUG_00745,STR_0020,returned_to_store,2965-09-19 00:00:00
JUG_00745,HUB_AURORA,washed,2965-09-22 00:00:00
JUG_00745,STR_0023,purchased,2965-10-09 00:00:00
JUG_00745,STR_0023,returned_to_store,2966-01-03 00:00:00
JUG_00745,HUB_AURORA,washed,2966-01-05 00:00:00
JUG_00745,STR_0022,purchased,2966-01-17 00:00:00
JUG_00745,UNKNOWN,lost_to_leakage,2966-04-08 00:00:00
JUG_00746,STR_0011,purchased,2966-04-16 00:00:00
JUG_00746,STR_0011,returned_to_store,2966-07-07 00:00:00
JUG_00746,HUB_AURORA,washed,2966-07-11 00:00:00
JUG_00746,STR_0038,purchased,2966-07-18 00:00:00
JUG_00746,STR_0038,returned_to_store,2966-09-23 00:00:00
JUG_00746,HUB_AURORA,washed,2966-09-28 00:00:00
JUG_00746,STR_0008,purchased,2966-10-06 00:00:00
JUG_00746,UNKNOWN,lost_to_leakage,2967-01-08 00:00:00
JUG_00747,STR_0026,purchased,2967-01-23 00:00:00
JUG_00747,STR_0026,returned_to_store,2967-04-04 00:00:00
JUG_00747,HUB_AURORA,washed,2967-04-07 00:00:00
JUG_00747,STR_0010,purchased,2967-04-24 00:00:00
JUG_00747,STR_0010,returned_to_store,2967-07-03 00:00:00
JUG_00747,HUB_AURORA,washed,2967-07-08 00:00:00
JUG_00747,STR_0037,purchased,2967-07-25 00:00:00
JUG_00747,STR_0037,returned_to_store,2967-09-18 00:00:00
JUG_00747,HUB_AURORA,washed,2967-09-22 00:00:00
JUG_00747,STR_0038,purchased,2967-10-13 00:00:00
JUG_00747,STR_0038,returned_to_store,2968-01-10 00:00:00
JUG_00747,HUB_AURORA,washed,2968-01-13 00:00:00
JUG_00747,STR_0044,purchased,2968-02-01 00:00:00
JUG_00747,STR_0044,returned_to_store,2968-04-20 00:00:00
JUG_00747,HUB_AURORA,washed,2968-04-24 00:00:00
JUG_00747,STR_0041,purchased,2968-05-21 00:00:00
JUG_00747,STR_0041,returned_to_store,2968-08-08 00:00:00
JUG_00747,HUB_AURORA,washed,2968-08-11 00:00:00
JUG_00747,STR_0044,purchased,2968-08-21 00:00:00
JUG_00747,STR_0044,returned_to_store,2968-10-22 00:00:00
JUG_00747,HUB_AURORA,washed,2968-10-24 00:00:00
JUG_00747,STR_0043,purchased,2968-11-10 00:00:00
JUG_00747,UNKNOWN,lost_to_leakage,2969-01-11 00:00:00
JUG_00748,STR_0009,purchased,2969-02-05 00:00:00
JUG_00748,STR_0009,returned_to_store,2969-04-23 00:00:00
JUG_00748,HUB_AURORA,washed,2969-04-26 00:00:00
JUG_00748,STR_0038,purchased,2969-05-21 00:00:00
JUG_00748,STR_0038,returned_to_store,2969-08-23 00:00:00
JUG_00748,HUB_AURORA,washed,2969-08-28 00:00:00
JUG_00748,STR_0003,purchased,2969-09-26 00:00:00
JUG_00748,STR_0003,returned_to_store,2970-01-06 00:00:00
JUG_00748,HUB_AURORA,washed,2970-01-09 00:00:00
JUG_00748,STR_0013,purchased,2970-01-19 00:00:00
JUG_00748,STR_0013,returned_to_store,2970-04-25 00:00:00
JUG_00748,HUB_AURORA,washed,2970-04-29 00:00:00
JUG_00748,STR_0007,purchased,2970-05-10 00:00:00
JUG_00748,STR_0007,returned_to_store,2970-08-06 00:00:00
JUG_00748,HUB_AURORA,washed,2970-08-11 00:00:00
JUG_00748,STR_0009,purchased,2970-08-20 00:00:00
JUG_00748,STR_0009,returned_to_store,2970-10-29 00:00:00
JUG_00748,HUB_AURORA,washed,2970-11-03 00:00:00
JUG_00748,STR_0025,purchased,2970-11-11 00:00:00
JUG_00748,STR_0025,returned_to_store,2971-01-19 00:00:00
JUG_00748,HUB_AURORA,washed,2971-01-21 00:00:00
JUG_00748,STR_0034,purchased,2971-02-16 00:00:00
JUG_00748,UNKNOWN,lost_to_leakage,2971-05-03 00:00:00
JUG_00749,STR_0028,purchased,2971-05-24 00:00:00
JUG_00749,STR_0028,returned_to_store,2971-08-15 00:00:00
JUG_00749,HUB_AURORA,washed,2971-08-18 00:00:00
JUG_00749,STR_0012,purchased,2971-08-25 00:00:00
JUG_00749,STR_0012,returned_to_store,2971-11-10 00:00:00
JUG_00749,HUB_AURORA,washed,2971-11-15 00:00:00
JUG_00749,STR_0004,purchased,2971-12-05 00:00:00
JUG_00749,STR_0004,returned_to_store,2972-02-21 00:00:00
JUG_00749,HUB_AURORA,washed,2972-02-23 00:00:00
JUG_00749,STR_0001,purchased,2972-03-17 00:00:00
JUG_00749,STR_0001,returned_to_store,2972-06-10 00:00:00
JUG_00749,HUB_AURORA,washed,2972-06-13 00:00:00
JUG_00749,STR_0043,purchased,2972-07-10 00:00:00
JUG_00749,STR_0043,returned_to_store,2972-09-14 00:00:00
JUG_00749,HUB_AURORA,washed,2972-09-16 00:00:00
JUG_00750,STR_0049,purchased,2972-10-13 00:00:00
JUG_00750,STR_0049,returned_to_store,2972-12-23 00:00:00
JUG_00750,HUB_AURORA,washed,2972-12-28 00:00:00
JUG_00750,STR_0037,purchased,2973-01-22 00:00:00
JUG_00750,STR_0037,returned_to_store,2973-03-29 00:00:00
JUG_00750,HUB_AURORA,washed,2973-04-03 00:00:00
JUG_00750,STR_0013,purchased,2973-04-21 00:00:00
JUG_00750,STR_0013,returned_to_store,2973-07-17 00:00:00
JUG_00750,HUB_AURORA,washed,2973-07-22 00:00:00
JUG_00751,STR_0036,purchased,2973-08-11 00:00:00
JUG_00751,STR_0036,returned_to_store,2973-11-19 00:00:00
JUG_00751,HUB_AURORA,washed,2973-11-21 00:00:00
JUG_00751,STR_0043,purchased,2973-12-16 00:00:00
JUG_00751,STR_0043,returned_to_store,2974-02-23 00:00:00
JUG_00751,HUB_AURORA,washed,2974-02-27 00:00:00
JUG_00751,STR_0023,purchased,2974-03-21 00:00:00
JUG_00751,STR_0023,returned_to_store,2974-06-28 00:00:00
JUG_00751,HUB_AURORA,washed,2974-07-01 00:00:00
JUG_00751,STR_0024,purchased,2974-07-30 00:00:00
JUG_00751,STR_0024,returned_to_store,2974-09-21 00:00:00
JUG_00751,HUB_AURORA,washed,2974-09-26 00:00:00
JUG_00751,STR_0024,purchased,2974-10-23 00:00:00
JUG_00751,UNKNOWN,lost_to_leakage,2975-01-12 00:00:00
JUG_00752,STR_0010,purchased,2975-02-07 00:00:00
JUG_00752,STR_0010,returned_to_store,2975-03-28 00:00:00
JUG_00752,HUB_AURORA,washed,2975-04-02 00:00:00
JUG_00752,STR_0013,purchased,2975-04-25 00:00:00
JUG_00752,STR_0013,returned_to_store,2975-06-27 00:00:00
JUG_00752,HUB_AURORA,washed,2975-07-02 00:00:00
JUG_00752,STR_0041,purchased,2975-07-22 00:00:00
JUG_00752,STR_0041,returned_to_store,2975-10-16 00:00:00
JUG_00752,HUB_AURORA,washed,2975-10-21 00:00:00
JUG_00752,STR_0037,purchased,2975-11-04 00:00:00
JUG_00752,STR_0037,returned_to_store,2976-01-23 00:00:00
JUG_00752,HUB_AURORA,washed,2976-01-26 00:00:00
JUG_00753,STR_0032,purchased,2976-02-24 00:00:00
JUG_00753,STR_0032,returned_to_store,2976-04-23 00:00:00
JUG_00753,HUB_AURORA,washed,2976-04-28 00:00:00
JUG_00753,STR_0007,purchased,2976-05-21 00:00:00
JUG_00753,STR_0007,returned_to_store,2976-08-20 00:00:00
JUG_00753,HUB_AURORA,washed,2976-08-23 00:00:00
JUG_00753,STR_0007,purchased,2976-09-03 00:00:00
JUG_00753,STR_0007,returned_to_store,2976-11-22 00:00:00
JUG_00753,HUB_AURORA,washed,2976-11-26 00:00:00
JUG_00753,STR_0007,purchased,2976-12-20 00:00:00
JUG_00753,STR_0007,returned_to_store,2977-03-20 00:00:00
JUG_00753,HUB_AURORA,washed,2977-03-24 00:00:00
JUG_00753,STR_0041,purchased,2977-04-22 00:00:00
JUG_00753,STR_0041,returned_to_store,2977-07-16 00:00:00
JUG_00753,HUB_AURORA,washed,2977-07-18 00:00:00
JUG_00753,STR_0008,purchased,2977-08-10 00:00:00
JUG_00753,STR_0008,returned_to_store,2977-10-09 00:00:00
JUG_00753,HUB_AURORA,washed,2977-10-14 00:00:00
JUG_00753,STR_0042,purchased,2977-11-11 00:00:00
JUG_00753,STR_0042,returned_to_store,2978-01-30 00:00:00
JUG_00753,HUB_AURORA,washed,2978-02-04 00:00:00
JUG_00753,STR_0023,purchased,2978-03-04 00:00:00
JUG_00753,STR_0023,returned_to_store,2978-06-08 00:00:00
JUG_00753,HUB_AURORA,washed,2978-06-12 00:00:00
JUG_00754,STR_0006,purchased,2978-07-06 00:00:00
JUG_00754,STR_0006,returned_to_store,2978-10-09 00:00:00
JUG_00754,HUB_AURORA,washed,2978-10-13 00:00:00
JUG_00754,STR_0039,purchased,2978-11-07 00:00:00
JUG_00754,STR_0039,returned_to_store,2979-01-07 00:00:00
JUG_00754,HUB_AURORA,washed,2979-01-12 00:00:00
JUG_00754,STR_0039,purchased,2979-02-03 00:00:00
JUG_00754,UNKNOWN,lost_to_leakage,2979-04-10 00:00:00
JUG_00755,STR_0011,purchased,2979-05-10 00:00:00
JUG_00755,STR_0011,returned_to_store,2979-07-17 00:00:00
JUG_00755,HUB_AURORA,washed,2979-07-19 00:00:00
JUG_00755,STR_0031,purchased,2979-08-03 00:00:00
JUG_00755,STR_0031,returned_to_store,2979-10-29 00:00:00
JUG_00755,HUB_AURORA,washed,2979-11-02 00:00:00
JUG_00755,STR_0008,purchased,2979-11-12 00:00:00
JUG_00755,STR_0008,returned_to_store,2980-02-21 00:00:00
JUG_00755,HUB_AURORA,washed,2980-02-23 00:00:00
JUG_00755,STR_0033,purchased,2980-03-16 00:00:00
JUG_00755,STR_0033,returned_to_store,2980-05-21 00:00:00
JUG_00755,HUB_AURORA,washed,2980-05-25 00:00:00
JUG_00756,STR_0002,purchased,2980-06-01 00:00:00
JUG_00756,STR_0002,returned_to_store,2980-08-04 00:00:00
JUG_00756,HUB_AURORA,washed,2980-08-08 00:00:00
JUG_00756,STR_0022,purchased,2980-08-27 00:00:00
JUG_00756,STR_0022,returned_to_store,2980-11-02 00:00:00
JUG_00756,HUB_AURORA,washed,2980-11-04 00:00:00
JUG_00756,STR_0041,purchased,2980-12-04 00:00:00
JUG_00756,UNKNOWN,lost_to_leakage,2981-03-01 00:00:00
JUG_00757,STR_0033,purchased,2981-03-18 00:00:00
JUG_00757,STR_0033,returned_to_store,2981-06-02 00:00:00
JUG_00757,HUB_AURORA,washed,2981-06-04 00:00:00
JUG_00757,STR_0010,purchased,2981-07-01 00:00:00
JUG_00757,STR_0010,returned_to_store,2981-09-03 00:00:00
JUG_00757,HUB_AURORA,washed,2981-09-06 00:00:00
JUG_00757,STR_0049,purchased,2981-10-03 00:00:00
JUG_00757,STR_0049,returned_to_store,2982-01-02 00:00:00
JUG_00757,HUB_AURORA,washed,2982-01-04 00:00:00
JUG_00757,STR_0023,purchased,2982-01-14 00:00:00
JUG_00757,STR_0023,returned_to_store,2982-03-25 00:00:00
JUG_00757,HUB_AURORA,washed,2982-03-27 00:00:00
JUG_00758,STR_0001,purchased,2982-04-17 00:00:00
JUG_00758,STR_0001,returned_to_store,2982-07-01 00:00:00
JUG_00758,HUB_AURORA,washed,2982-07-06 00:00:00
JUG_00758,STR_0031,purchased,2982-07-20 00:00:00
JUG_00758,STR_0031,returned_to_store,2982-10-05 00:00:00
JUG_00758,HUB_AURORA,washed,2982-10-09 00:00:00
JUG_00758,STR_0041,purchased,2982-11-07 00:00:00
JUG_00758,STR_0041,returned_to_store,2983-01-10 00:00:00
JUG_00758,HUB_AURORA,washed,2983-01-12 00:00:00
JUG_00758,STR_0022,purchased,2983-02-04 00:00:00
JUG_00758,STR_0022,returned_to_store,2983-04-12 00:00:00
JUG_00758,HUB_AURORA,washed,2983-04-17 00:00:00
JUG_00758,STR_0049,purchased,2983-05-10 00:00:00
JUG_00758,STR_0049,returned_to_store,2983-07-19 00:00:00
JUG_00758,HUB_AURORA,washed,2983-07-22 00:00:00
JUG_00758,STR_0038,purchased,2983-08-10 00:00:00
JUG_00758,UNKNOWN,lost_to_leakage,2983-10-26 00:00:00
JUG_00759,STR_0001,purchased,2983-11-07 00:00:00
JUG_00759,UNKNOWN,lost_to_leakage,2983-12-30 00:00:00
JUG_00760,STR_0025,purchased,2984-01-25 00:00:00
JUG_00760,STR_0025,returned_to_store,2984-04-01 00:00:00
JUG_00760,HUB_AURORA,washed,2984-04-05 00:00:00
JUG_00760,STR_0049,purchased,2984-05-01 00:00:00
JUG_00760,STR_0049,returned_to_store,2984-07-28 00:00:00
JUG_00760,HUB_AURORA,washed,2984-08-01 00:00:00
JUG_00760,STR_0024,purchased,2984-08-26 00:00:00
JUG_00760,UNKNOWN,lost_to_leakage,2984-11-24 00:00:00
JUG_00761,STR_0049,purchased,2984-12-12 00:00:00
JUG_00761,UNKNOWN,lost_to_leakage,2985-03-19 00:00:00
JUG_00762,STR_0043,purchased,2985-04-12 00:00:00
JUG_00762,STR_0043,returned_to_store,2985-06-21 00:00:00
JUG_00762,HUB_AURORA,washed,2985-06-25 00:00:00
JUG_00762,STR_0033,purchased,2985-07-06 00:00:00
JUG_00762,STR_0033,returned_to_store,2985-10-11 00:00:00
JUG_00762,HUB_AURORA,washed,2985-10-14 00:00:00
JUG_00762,STR_0030,purchased,2985-10-24 00:00:00
JUG_00762,STR_0030,returned_to_store,2986-01-17 00:00:00
JUG_00762,HUB_AURORA,washed,2986-01-22 00:00:00
JUG_00763,STR_0040,purchased,2986-02-16 00:00:00
JUG_00763,STR_0040,returned_to_store,2986-05-25 00:00:00
JUG_00763,HUB_AURORA,washed,2986-05-30 00:00:00
JUG_00763,STR_0010,purchased,2986-06-18 00:00:00
JUG_00763,STR_0010,returned_to_store,2986-09-16 00:00:00
JUG_00763,HUB_AURORA,washed,2986-09-21 00:00:00
JUG_00763,STR_0039,purchased,2986-10-11 00:00:00
JUG_00763,STR_0039,returned_to_store,2987-01-04 00:00:00
JUG_00763,HUB_AURORA,washed,2987-01-08 00:00:00
JUG_00763,STR_0007,purchased,2987-02-02 00:00:00
JUG_00763,STR_0007,returned_to_store,2987-04-19 00:00:00
JUG_00763,HUB_AURORA,washed,2987-04-24 00:00:00
JUG_00763,STR_0040,purchased,2987-05-18 00:00:00
JUG_00763,STR_0040,returned_to_store,2987-08-04 00:00:00
JUG_00763,HUB_AURORA,washed,2987-08-07 00:00:00
JUG_00763,STR_0042,purchased,2987-08-19 00:00:00
JUG_00763,STR_0042,returned_to_store,2987-10-23 00:00:00
JUG_00763,HUB_AURORA,washed,2987-10-25 00:00:00
JUG_00763,STR_0021,purchased,2987-11-05 00:00:00
JUG_00763,STR_0021,returned_to_store,2988-01-01 00:00:00
JUG_00763,HUB_AURORA,washed,2988-01-04 00:00:00
JUG_00763,STR_0035,purchased,2988-01-24 00:00:00
JUG_00763,STR_0035,returned_to_store,2988-03-12 00:00:00
JUG_00763,HUB_AURORA,washed,2988-03-14 00:00:00
JUG_00763,STR_0005,purchased,2988-04-04 00:00:00
JUG_00763,STR_0005,returned_to_store,2988-06-12 00:00:00
JUG_00763,HUB_AURORA,washed,2988-06-14 00:00:00
JUG_00764,STR_0019,purchased,2988-07-09 00:00:00
JUG_00764,STR_0019,returned_to_store,2988-09-26 00:00:00
JUG_00764,HUB_AURORA,washed,2988-10-01 00:00:00
JUG_00764,STR_0048,purchased,2988-10-14 00:00:00
JUG_00764,STR_0048,returned_to_store,2989-01-14 00:00:00
JUG_00764,HUB_AURORA,washed,2989-01-16 00:00:00
JUG_00764,STR_0037,purchased,2989-02-10 00:00:00
JUG_00764,UNKNOWN,lost_to_leakage,2989-05-21 00:00:00
JUG_00765,STR_0049,purchased,2989-06-14 00:00:00
JUG_00765,STR_0049,returned_to_store,2989-08-07 00:00:00
JUG_00765,HUB_AURORA,washed,2989-08-12 00:00:00
JUG_00765,STR_0037,purchased,2989-08-29 00:00:00
JUG_00765,STR_0037,returned_to_store,2989-12-03 00:00:00
JUG_00765,HUB_AURORA,washed,2989-12-08 00:00:00
JUG_00765,STR_0014,purchased,2989-12-17 00:00:00
JUG_00765,STR_0014,returned_to_store,2990-02-26 00:00:00
JUG_00765,HUB_AURORA,washed,2990-02-28 00:00:00
JUG_00766,STR_0044,purchased,2990-03-14 00:00:00
JUG_00766,STR_0044,returned_to_store,2990-05-26 00:00:00
JUG_00766,HUB_AURORA,washed,2990-05-30 00:00:00
JUG_00766,STR_0035,purchased,2990-06-08 00:00:00
JUG_00766,STR_0035,returned_to_store,2990-09-11 00:00:00
JUG_00766,HUB_AURORA,washed,2990-09-15 00:00:00
JUG_00766,STR_0008,purchased,2990-09-25 00:00:00
JUG_00766,UNKNOWN,lost_to_leakage,2990-12-25 00:00:00
JUG_00767,STR_0032,purchased,2991-01-02 00:00:00
JUG_00767,UNKNOWN,lost_to_leakage,2991-04-01 00:00:00
JUG_00768,STR_0016,purchased,2991-04-24 00:00:00
JUG_00768,STR_0016,returned_to_store,2991-06-21 00:00:00
JUG_00768,HUB_AURORA,washed,2991-06-26 00:00:00
JUG_00768,STR_0018,purchased,2991-07-22 00:00:00
JUG_00768,STR_0018,returned_to_store,2991-09-19 00:00:00
JUG_00768,HUB_AURORA,washed,2991-09-21 00:00:00
JUG_00768,STR_0005,purchased,2991-10-08 00:00:00
JUG_00768,STR_0005,returned_to_store,2991-12-08 00:00:00
JUG_00768,HUB_AURORA,washed,2991-12-12 00:00:00
JUG_00768,STR_0009,purchased,2991-12-22 00:00:00
JUG_00768,STR_0009,returned_to_store,2992-03-21 00:00:00
JUG_00768,HUB_AURORA,washed,2992-03-25 00:00:00
JUG_00769,STR_0043,purchased,2992-04-23 00:00:00
JUG_00769,STR_0043,returned_to_store,2992-07-25 00:00:00
JUG_00769,HUB_AURORA,washed,2992-07-28 00:00:00
JUG_00769,STR_0046,purchased,2992-08-25 00:00:00
JUG_00769,STR_0046,returned_to_store,2992-11-22 00:00:00
JUG_00769,HUB_AURORA,washed,2992-11-24 00:00:00
JUG_00769,STR_0022,purchased,2992-12-05 00:00:00
JUG_00769,STR_0022,returned_to_store,2993-02-15 00:00:00
JUG_00769,HUB_AURORA,washed,2993-02-17 00:00:00
JUG_00769,STR_0000,purchased,2993-02-25 00:00:00
JUG_00769,UNKNOWN,lost_to_leakage,2993-04-26 00:00:00
JUG_00770,STR_0034,purchased,2993-05-05 00:00:00
JUG_00770,UNKNOWN,lost_to_leakage,2993-07-10 00:00:00
JUG_00771,STR_0034,purchased,2993-07-27 00:00:00
JUG_00771,STR_0034,returned_to_store,2993-10-05 00:00:00
JUG_00771,HUB_AURORA,washed,2993-10-09 00:00:00
JUG_00771,STR_0016,purchased,2993-11-03 00:00:00
JUG_00771,UNKNOWN,lost_to_leakage,2994-01-13 00:00:00
JUG_00772,STR_0001,purchased,2994-01-27 00:00:00
JUG_00772,STR_0001,returned_to_store,2994-04-19 00:00:00
JUG_00772,HUB_AURORA,washed,2994-04-24 00:00:00
JUG_00772,STR_0022,purchased,2994-05-07 00:00:00
JUG_00772,STR_0022,returned_to_store,2994-08-05 00:00:00
JUG_00772,HUB_AURORA,washed,2994-08-08 00:00:00
JUG_00772,STR_0007,purchased,2994-08-27 00:00:00
JUG_00772,STR_0007,returned_to_store,2994-12-01 00:00:00
JUG_00772,HUB_AURORA,washed,2994-12-03 00:00:00
JUG_00772,STR_0019,purchased,2994-12-26 00:00:00
JUG_00772,STR_0019,returned_to_store,2995-03-21 00:00:00
JUG_00772,HUB_AURORA,washed,2995-03-24 00:00:00
JUG_00772,STR_0001,purchased,2995-04-21 00:00:00
JUG_00772,STR_0001,returned_to_store,2995-06-15 00:00:00
JUG_00772,HUB_AURORA,washed,2995-06-17 00:00:00
JUG_00772,STR_0020,purchased,2995-07-12 00:00:00
JUG_00772,STR_0020,returned_to_store,2995-09-22 00:00:00
JUG_00772,HUB_AURORA,washed,2995-09-27 00:00:00
JUG_00772,STR_0013,purchased,2995-10-22 00:00:00
JUG_00772,UNKNOWN,lost_to_leakage,2996-01-10 00:00:00
JUG_00773,STR_0017,purchased,2996-02-02 00:00:00
JUG_00773,STR_0017,returned_to_store,2996-05-10 00:00:00
JUG_00773,HUB_AURORA,washed,2996-05-12 00:00:00
JUG_00773,STR_0043,purchased,2996-06-09 00:00:00
JUG_00773,STR_0043,returned_to_store,2996-08-29 00:00:00
JUG_00773,HUB_AURORA,washed,2996-09-02 00:00:00
JUG_00773,STR_0037,purchased,2996-09-09 00:00:00
JUG_00773,STR_0037,returned_to_store,2996-10-31 00:00:00
JUG_00773,HUB_AURORA,washed,2996-11-03 00:00:00
JUG_00773,STR_0012,purchased,2996-11-30 00:00:00
JUG_00773,STR_0012,returned_to_store,2997-02-06 00:00:00
JUG_00773,HUB_AURORA,washed,2997-02-09 00:00:00
JUG_00773,STR_0029,purchased,2997-02-26 00:00:00
JUG_00773,STR_0029,returned_to_store,2997-04-29 00:00:00
JUG_00773,HUB_AURORA,washed,2997-05-02 00:00:00
JUG_00773,STR_0014,purchased,2997-05-28 00:00:00
JUG_00773,STR_0014,returned_to_store,2997-08-01 00:00:00
JUG_00773,HUB_AURORA,washed,2997-08-05 00:00:00
JUG_00774,STR_0003,purchased,2997-08-31 00:00:00
JUG_00774,STR_0003,returned_to_store,2997-11-22 00:00:00
JUG_00774,HUB_AURORA,washed,2997-11-24 00:00:00
JUG_00774,STR_0024,purchased,2997-12-02 00:00:00
JUG_00774,STR_0024,returned_to_store,2998-03-03 00:00:00
JUG_00774,HUB_AURORA,washed,2998-03-06 00:00:00
JUG_00774,STR_0007,purchased,2998-03-15 00:00:00
JUG_00774,STR_0007,returned_to_store,2998-05-20 00:00:00
JUG_00774,HUB_AURORA,washed,2998-05-23 00:00:00
JUG_00774,STR_0035,purchased,2998-06-04 00:00:00
JUG_00774,STR_0035,returned_to_store,2998-08-24 00:00:00
JUG_00774,HUB_AURORA,washed,2998-08-29 00:00:00
JUG_00774,STR_0002,purchased,2998-09-23 00:00:00
JUG_00774,UNKNOWN,lost_to_leakage,2998-12-21 00:00:00
JUG_00775,STR_0015,purchased,2998-12-28 00:00:00
JUG_00775,STR_0015,returned_to_store,2999-03-25 00:00:00
JUG_00775,HUB_AURORA,washed,2999-03-28 00:00:00
JUG_00775,STR_0024,purchased,2999-04-16 00:00:00
JUG_00775,STR_0024,returned_to_store,2999-07-21 00:00:00
JUG_00775,HUB_AURORA,washed,2999-07-26 00:00:00
JUG_00775,STR_0008,purchased,2999-08-03 00:00:00
JUG_00775,STR_0008,returned_to_store,2999-10-09 00:00:00
JUG_00775,HUB_AURORA,washed,2999-10-14 00:00:00
JUG_00775,STR_0043,purchased,2999-10-28 00:00:00
JUG_00775,STR_0043,returned_to_store,3000-01-21 00:00:00
JUG_00775,HUB_AURORA,washed,3000-01-24 00:00:00
JUG_00775,STR_0025,purchased,3000-02-01 00:00:00
JUG_00775,STR_0025,returned_to_store,3000-04-07 00:00:00
JUG_00775,HUB_AURORA,washed,3000-04-10 00:00:00
JUG_00775,STR_0025,purchased,3000-04-30 00:00:00
JUG_00775,STR_0025,returned_to_store,3000-08-09 00:00:00
JUG_00775,HUB_AURORA,washed,3000-08-13 00:00:00
JUG_00776,STR_0044,purchased,3000-09-11 00:00:00
JUG_00776,STR_0044,returned_to_store,3000-12-13 00:00:00
JUG_00776,HUB_AURORA,washed,3000-12-15 00:00:00
JUG_00776,STR_0000,purchased,3001-01-03 00:00:00
JUG_00776,STR_0000,returned_to_store,3001-02-22 00:00:00
JUG_00776,HUB_AURORA,washed,3001-02-25 00:00:00
JUG_00776,STR_0003,purchased,3001-03-17 00:00:00
JUG_00776,STR_0003,returned_to_store,3001-05-19 00:00:00
JUG_00776,HUB_AURORA,washed,3001-05-22 00:00:00
JUG_00776,STR_0019,purchased,3001-05-29 00:00:00
JUG_00776,STR_0019,returned_to_store,3001-08-11 00:00:00
JUG_00776,HUB_AURORA,washed,3001-08-16 00:00:00
JUG_00776,STR_0042,purchased,3001-08-24 00:00:00
JUG_00776,STR_0042,returned_to_store,3001-10-18 00:00:00
JUG_00776,HUB_AURORA,washed,3001-10-20 00:00:00
JUG_00777,STR_0019,purchased,3001-11-06 00:00:00
JUG_00777,STR_0019,returned_to_store,3002-01-29 00:00:00
JUG_00777,HUB_AURORA,washed,3002-01-31 00:00:00
JUG_00777,STR_0009,purchased,3002-02-26 00:00:00
JUG_00777,STR_0009,returned_to_store,3002-05-10 00:00:00
JUG_00777,HUB_AURORA,washed,3002-05-15 00:00:00
JUG_00777,STR_0044,purchased,3002-06-06 00:00:00
JUG_00777,UNKNOWN,lost_to_leakage,3002-09-05 00:00:00
JUG_00778,STR_0041,purchased,3002-09-19 00:00:00
JUG_00778,UNKNOWN,lost_to_leakage,3002-12-19 00:00:00
JUG_00779,STR_0043,purchased,3003-01-01 00:00:00
JUG_00779,STR_0043,returned_to_store,3003-04-02 00:00:00
JUG_00779,HUB_AURORA,washed,3003-04-05 00:00:00
JUG_00779,STR_0000,purchased,3003-04-21 00:00:00
JUG_00779,STR_0000,returned_to_store,3003-07-13 00:00:00
JUG_00779,HUB_AURORA,washed,3003-07-18 00:00:00
JUG_00779,STR_0004,purchased,3003-07-31 00:00:00
JUG_00779,STR_0004,returned_to_store,3003-09-25 00:00:00
JUG_00779,HUB_AURORA,washed,3003-09-28 00:00:00
JUG_00780,STR_0023,purchased,3003-10-08 00:00:00
JUG_00780,UNKNOWN,lost_to_leakage,3004-01-15 00:00:00
JUG_00781,STR_0019,purchased,3004-01-22 00:00:00
JUG_00781,STR_0019,returned_to_store,3004-03-31 00:00:00
JUG_00781,HUB_AURORA,washed,3004-04-05 00:00:00
JUG_00781,STR_0023,purchased,3004-05-04 00:00:00
JUG_00781,STR_0023,returned_to_store,3004-07-21 00:00:00
JUG_00781,HUB_AURORA,washed,3004-07-24 00:00:00
JUG_00781,STR_0045,purchased,3004-08-01 00:00:00
JUG_00781,STR_0045,returned_to_store,3004-10-11 00:00:00
JUG_00781,HUB_AURORA,washed,3004-10-13 00:00:00
JUG_00781,STR_0010,purchased,3004-11-05 00:00:00
JUG_00781,STR_0010,returned_to_store,3005-02-06 00:00:00
JUG_00781,HUB_AURORA,washed,3005-02-10 00:00:00
JUG_00781,STR_0049,purchased,3005-02-22 00:00:00
JUG_00781,STR_0049,returned_to_store,3005-05-03 00:00:00
JUG_00781,HUB_AURORA,washed,3005-05-06 00:00:00
JUG_00781,STR_0023,purchased,3005-06-01 00:00:00
JUG_00781,STR_0023,returned_to_store,3005-08-15 00:00:00
JUG_00781,HUB_AURORA,washed,3005-08-20 00:00:00
JUG_00781,STR_0002,purchased,3005-09-11 00:00:00
JUG_00781,STR_0002,returned_to_store,3005-12-02 00:00:00
JUG_00781,HUB_AURORA,washed,3005-12-06 00:00:00
JUG_00781,STR_0004,purchased,3006-01-03 00:00:00
JUG_00781,STR_0004,returned_to_store,3006-03-04 00:00:00
JUG_00781,HUB_AURORA,washed,3006-03-08 00:00:00
JUG_00782,STR_0047,purchased,3006-03-27 00:00:00
JUG_00782,STR_0047,returned_to_store,3006-05-18 00:00:00
JUG_00782,HUB_AURORA,washed,3006-05-23 00:00:00
JUG_00782,STR_0016,purchased,3006-06-22 00:00:00
JUG_00782,STR_0016,returned_to_store,3006-09-22 00:00:00
JUG_00782,HUB_AURORA,washed,3006-09-24 00:00:00
JUG_00782,STR_0043,purchased,3006-10-10 00:00:00
JUG_00782,STR_0043,returned_to_store,3006-12-07 00:00:00
JUG_00782,HUB_AURORA,washed,3006-12-12 00:00:00
JUG_00783,STR_0045,purchased,3006-12-27 00:00:00
JUG_00783,STR_0045,returned_to_store,3007-04-04 00:00:00
JUG_00783,HUB_AURORA,washed,3007-04-09 00:00:00
JUG_00783,STR_0047,purchased,3007-04-17 00:00:00
JUG_00783,UNKNOWN,lost_to_leakage,3007-07-08 00:00:00
JUG_00784,STR_0016,purchased,3007-07-17 00:00:00
JUG_00784,STR_0016,returned_to_store,3007-09-28 00:00:00
JUG_00784,HUB_AURORA,washed,3007-10-01 00:00:00
JUG_00784,STR_0031,purchased,3007-10-18 00:00:00
JUG_00784,STR_0031,returned_to_store,3007-12-13 00:00:00
JUG_00784,HUB_AURORA,washed,3007-12-16 00:00:00
JUG_00784,STR_0025,purchased,3008-01-05 00:00:00
JUG_00784,STR_0025,returned_to_store,3008-03-01 00:00:00
JUG_00784,HUB_AURORA,washed,3008-03-05 00:00:00
JUG_00785,STR_0040,purchased,3008-03-12 00:00:00
JUG_00785,STR_0040,returned_to_store,3008-05-31 00:00:00
JUG_00785,HUB_AURORA,washed,3008-06-04 00:00:00
JUG_00785,STR_0041,purchased,3008-06-29 00:00:00
JUG_00785,STR_0041,returned_to_store,3008-09-05 00:00:00
JUG_00785,HUB_AURORA,washed,3008-09-10 00:00:00
JUG_00785,STR_0005,purchased,3008-09-19 00:00:00
JUG_00785,STR_0005,returned_to_store,3008-12-07 00:00:00
JUG_00785,HUB_AURORA,washed,3008-12-10 00:00:00
JUG_00785,STR_0013,purchased,3009-01-08 00:00:00
JUG_00785,UNKNOWN,lost_to_leakage,3009-03-15 00:00:00
JUG_00786,STR_0038,purchased,3009-03-25 00:00:00
JUG_00786,UNKNOWN,lost_to_leakage,3009-06-06 00:00:00
JUG_00787,STR_0041,purchased,3009-07-05 00:00:00
JUG_00787,STR_0041,returned_to_store,3009-08-30 00:00:00
JUG_00787,HUB_AURORA,washed,3009-09-01 00:00:00
JUG_00787,STR_0003,purchased,3009-09-14 00:00:00
JUG_00787,STR_0003,returned_to_store,3009-11-17 00:00:00
JUG_00787,HUB_AURORA,washed,3009-11-21 00:00:00
JUG_00787,STR_0005,purchased,3009-12-01 00:00:00
JUG_00787,STR_0005,returned_to_store,3010-02-20 00:00:00
JUG_00787,HUB_AURORA,washed,3010-02-24 00:00:00
JUG_00787,STR_0034,purchased,3010-03-15 00:00:00
JUG_00787,STR_0034,returned_to_store,3010-05-10 00:00:00
JUG_00787,HUB_AURORA,washed,3010-05-15 00:00:00
JUG_00787,STR_0026,purchased,3010-05-24 00:00:00
JUG_00787,STR_0026,returned_to_store,3010-08-21 00:00:00
JUG_00787,HUB_AURORA,washed,3010-08-25 00:00:00
JUG_00787,STR_0020,purchased,3010-09-12 00:00:00
JUG_00787,STR_0020,returned_to_store,3010-11-08 00:00:00
JUG_00787,HUB_AURORA,washed,3010-11-11 00:00:00
JUG_00787,STR_0041,purchased,3010-11-29 00:00:00
JUG_00787,STR_0041,returned_to_store,3011-01-24 00:00:00
JUG_00787,HUB_AURORA,washed,3011-01-28 00:00:00
JUG_00787,STR_0027,purchased,3011-02-07 00:00:00
JUG_00787,STR_0027,returned_to_store,3011-04-02 00:00:00
JUG_00787,HUB_AURORA,washed,3011-04-06 00:00:00
JUG_00788,STR_0013,purchased,3011-04-16 00:00:00
JUG_00788,STR_0013,returned_to_store,3011-06-11 00:00:00
JUG_00788,HUB_AURORA,washed,3011-06-13 00:00:00
JUG_00788,STR_0040,purchased,3011-06-24 00:00:00
JUG_00788,STR_0040,returned_to_store,3011-08-21 00:00:00
JUG_00788,HUB_AURORA,washed,3011-08-23 00:00:00
JUG_00788,STR_0009,purchased,3011-09-14 00:00:00
JUG_00788,STR_0009,returned_to_store,3011-11-27 00:00:00
JUG_00788,HUB_AURORA,washed,3011-12-01 00:00:00
JUG_00788,STR_0009,purchased,3011-12-23 00:00:00
JUG_00788,STR_0009,returned_to_store,3012-03-20 00:00:00
JUG_00788,HUB_AURORA,washed,3012-03-25 00:00:00
JUG_00788,STR_0035,purchased,3012-04-05 00:00:00
JUG_00788,STR_0035,returned_to_store,3012-06-09 00:00:00
JUG_00788,HUB_AURORA,washed,3012-06-12 00:00:00
JUG_00788,STR_0043,purchased,3012-07-12 00:00:00
JUG_00788,STR_0043,returned_to_store,3012-10-03 00:00:00
JUG_00788,HUB_AURORA,washed,3012-10-07 00:00:00
JUG_00788,STR_0013,purchased,3012-10-19 00:00:00
JUG_00788,STR_0013,returned_to_store,3012-12-15 00:00:00
JUG_00788,HUB_AURORA,washed,3012-12-19 00:00:00
JUG_00788,STR_0014,purchased,3013-01-06 00:00:00
JUG_00788,STR_0014,returned_to_store,3013-02-28 00:00:00
JUG_00788,HUB_AURORA,washed,3013-03-04 00:00:00
JUG_00788,STR_0032,purchased,3013-03-18 00:00:00
JUG_00788,STR_0032,returned_to_store,3013-06-14 00:00:00
JUG_00788,HUB_AURORA,washed,3013-06-17 00:00:00
JUG_00788,STR_0026,purchased,3013-06-28 00:00:00
JUG_00788,STR_0026,returned_to_store,3013-09-07 00:00:00
JUG_00788,HUB_AURORA,washed,3013-09-10 00:00:00
JUG_00789,STR_0024,purchased,3013-09-23 00:00:00
JUG_00789,STR_0024,returned_to_store,3013-12-23 00:00:00
JUG_00789,HUB_AURORA,washed,3013-12-25 00:00:00
JUG_00789,STR_0003,purchased,3014-01-15 00:00:00
JUG_00789,UNKNOWN,lost_to_leakage,3014-04-15 00:00:00
JUG_00790,STR_0033,purchased,3014-05-15 00:00:00
JUG_00790,STR_0033,returned_to_store,3014-07-11 00:00:00
JUG_00790,HUB_AURORA,washed,3014-07-13 00:00:00
JUG_00790,STR_0039,purchased,3014-08-08 00:00:00
JUG_00790,STR_0039,returned_to_store,3014-10-22 00:00:00
JUG_00790,HUB_AURORA,washed,3014-10-26 00:00:00
JUG_00790,STR_0025,purchased,3014-11-08 00:00:00
JUG_00790,UNKNOWN,lost_to_leakage,3015-01-07 00:00:00
JUG_00791,STR_0036,purchased,3015-01-26 00:00:00
JUG_00791,STR_0036,returned_to_store,3015-04-23 00:00:00
JUG_00791,HUB_AURORA,washed,3015-04-26 00:00:00
JUG_00791,STR_0011,purchased,3015-05-19 00:00:00
JUG_00791,STR_0011,returned_to_store,3015-07-16 00:00:00
JUG_00791,HUB_AURORA,washed,3015-07-21 00:00:00
JUG_00791,STR_0003,purchased,3015-07-29 00:00:00
JUG_00791,UNKNOWN,lost_to_leakage,3015-10-08 00:00:00
JUG_00792,STR_0021,purchased,3015-11-07 00:00:00
JUG_00792,STR_0021,returned_to_store,3016-01-29 00:00:00
JUG_00792,HUB_AURORA,washed,3016-01-31 00:00:00
JUG_00792,STR_0035,purchased,3016-02-11 00:00:00
JUG_00792,STR_0035,returned_to_store,3016-04-16 00:00:00
JUG_00792,HUB_AURORA,washed,3016-04-20 00:00:00
JUG_00792,STR_0014,purchased,3016-05-14 00:00:00
JUG_00792,STR_0014,returned_to_store,3016-08-11 00:00:00
JUG_00792,HUB_AURORA,washed,3016-08-13 00:00:00
JUG_00792,STR_0022,purchased,3016-08-23 00:00:00
JUG_00792,STR_0022,returned_to_store,3016-11-24 00:00:00
JUG_00792,HUB_AURORA,washed,3016-11-27 00:00:00
JUG_00792,STR_0037,purchased,3016-12-20 00:00:00
JUG_00792,UNKNOWN,lost_to_leakage,3017-03-09 00:00:00
JUG_00793,STR_0014,purchased,3017-03-16 00:00:00
JUG_00793,UNKNOWN,lost_to_leakage,3017-06-22 00:00:00
JUG_00794,STR_0021,purchased,3017-07-14 00:00:00
JUG_00794,STR_0021,returned_to_store,3017-09-13 00:00:00
JUG_00794,HUB_AURORA,washed,3017-09-15 00:00:00
JUG_00794,STR_0047,purchased,3017-09-23 00:00:00
JUG_00794,STR_0047,returned_to_store,3017-11-22 00:00:00
JUG_00794,HUB_AURORA,washed,3017-11-25 00:00:00
JUG_00794,STR_0022,purchased,3017-12-12 00:00:00
JUG_00794,UNKNOWN,lost_to_leakage,3018-03-16 00:00:00
JUG_00795,STR_0019,purchased,3018-04-14 00:00:00
JUG_00795,STR_0019,returned_to_store,3018-06-17 00:00:00
JUG_00795,HUB_AURORA,washed,3018-06-20 00:00:00
JUG_00795,STR_0014,purchased,3018-07-13 00:00:00
JUG_00795,STR_0014,returned_to_store,3018-10-16 00:00:00
JUG_00795,HUB_AURORA,washed,3018-10-19 00:00:00
JUG_00795,STR_0019,purchased,3018-11-15 00:00:00
JUG_00795,STR_0019,returned_to_store,3019-02-14 00:00:00
JUG_00795,HUB_AURORA,washed,3019-02-17 00:00:00
JUG_00796,STR_0012,purchased,3019-03-13 00:00:00
JUG_00796,STR_0012,returned_to_store,3019-05-08 00:00:00
JUG_00796,HUB_AURORA,washed,3019-05-13 00:00:00
JUG_00796,STR_0044,purchased,3019-06-10 00:00:00
JUG_00796,STR_0044,returned_to_store,3019-09-04 00:00:00
JUG_00796,HUB_AURORA,washed,3019-09-07 00:00:00
JUG_00796,STR_0012,purchased,3019-09-14 00:00:00
JUG_00796,STR_0012,returned_to_store,3019-12-25 00:00:00
JUG_00796,HUB_AURORA,washed,3019-12-29 00:00:00
JUG_00796,STR_0014,purchased,3020-01-26 00:00:00
JUG_00796,UNKNOWN,lost_to_leakage,3020-03-24 00:00:00
JUG_00797,STR_0025,purchased,3020-04-18 00:00:00
JUG_00797,STR_0025,returned_to_store,3020-06-30 00:00:00
JUG_00797,HUB_AURORA,washed,3020-07-05 00:00:00
JUG_00797,STR_0027,purchased,3020-07-19 00:00:00
JUG_00797,STR_0027,returned_to_store,3020-09-25 00:00:00
JUG_00797,HUB_AURORA,washed,3020-09-28 00:00:00
JUG_00797,STR_0005,purchased,3020-10-20 00:00:00
JUG_00797,UNKNOWN,lost_to_leakage,3021-01-23 00:00:00
JUG_00798,STR_0028,purchased,3021-02-10 00:00:00
JUG_00798,STR_0028,returned_to_store,3021-04-13 00:00:00
JUG_00798,HUB_AURORA,washed,3021-04-17 00:00:00
JUG_00798,STR_0046,purchased,3021-05-08 00:00:00
JUG_00798,STR_0046,returned_to_store,3021-07-09 00:00:00
JUG_00798,HUB_AURORA,washed,3021-07-11 00:00:00
JUG_00798,STR_0010,purchased,3021-07-27 00:00:00
JUG_00798,STR_0010,returned_to_store,3021-10-31 00:00:00
JUG_00798,HUB_AURORA,washed,3021-11-03 00:00:00
JUG_00798,STR_0021,purchased,3021-11-26 00:00:00
JUG_00798,UNKNOWN,lost_to_leakage,3022-02-11 00:00:00
JUG_00799,STR_0036,purchased,3022-02-21 00:00:00
JUG_00799,STR_0036,returned_to_store,3022-05-24 00:00:00
JUG_00799,HUB_AURORA,washed,3022-05-29 00:00:00
JUG_00799,STR_0012,purchased,3022-06-24 00:00:00
JUG_00799,STR_0012,returned_to_store,3022-09-24 00:00:00
JUG_00799,HUB_AURORA,washed,3022-09-26 00:00:00
JUG_00799,STR_0043,purchased,3022-10-23 00:00:00
JUG_00799,UNKNOWN,lost_to_leakage,3023-01-15 00:00:00
JUG_00800,STR_0013,purchased,3023-02-05 00:00:00
JUG_00800,UNKNOWN,lost_to_leakage,3023-05-08 00:00:00
JUG_00801,STR_0015,purchased,3023-05-26 00:00:00
JUG_00801,STR_0015,returned_to_store,3023-08-17 00:00:00
JUG_00801,HUB_AURORA,washed,3023-08-20 00:00:00
JUG_00801,STR_0044,purchased,3023-09-17 00:00:00
JUG_00801,STR_0044,returned_to_store,3023-12-12 00:00:00
JUG_00801,HUB_AURORA,washed,3023-12-17 00:00:00
JUG_00801,STR_0014,purchased,3024-01-06 00:00:00
JUG_00801,STR_0014,returned_to_store,3024-04-12 00:00:00
JUG_00801,HUB_AURORA,washed,3024-04-15 00:00:00
JUG_00801,STR_0045,purchased,3024-04-25 00:00:00
JUG_00801,STR_0045,returned_to_store,3024-07-05 00:00:00
JUG_00801,HUB_AURORA,washed,3024-07-08 00:00:00
JUG_00801,STR_0024,purchased,3024-07-16 00:00:00
JUG_00801,STR_0024,returned_to_store,3024-09-25 00:00:00
JUG_00801,HUB_AURORA,washed,3024-09-29 00:00:00
JUG_00801,STR_0016,purchased,3024-10-07 00:00:00
JUG_00801,STR_0016,returned_to_store,3024-12-31 00:00:00
JUG_00801,HUB_AURORA,washed,3025-01-02 00:00:00
JUG_00801,STR_0036,purchased,3025-01-21 00:00:00
JUG_00801,UNKNOWN,lost_to_leakage,3025-04-07 00:00:00
JUG_00802,STR_0048,purchased,3025-04-21 00:00:00
JUG_00802,STR_0048,returned_to_store,3025-06-20 00:00:00
JUG_00802,HUB_AURORA,washed,3025-06-24 00:00:00
JUG_00802,STR_0022,purchased,3025-07-12 00:00:00
JUG_00802,STR_0022,returned_to_store,3025-09-21 00:00:00
JUG_00802,HUB_AURORA,washed,3025-09-25 00:00:00
JUG_00802,STR_0048,purchased,3025-10-06 00:00:00
JUG_00802,STR_0048,returned_to_store,3026-01-07 00:00:00
JUG_00802,HUB_AURORA,washed,3026-01-11 00:00:00
JUG_00802,STR_0044,purchased,3026-02-03 00:00:00
JUG_00802,STR_0044,returned_to_store,3026-05-05 00:00:00
JUG_00802,HUB_AURORA,washed,3026-05-07 00:00:00
JUG_00802,STR_0010,purchased,3026-06-06 00:00:00
JUG_00802,STR_0010,returned_to_store,3026-08-16 00:00:00
JUG_00802,HUB_AURORA,washed,3026-08-18 00:00:00
JUG_00802,STR_0007,purchased,3026-09-10 00:00:00
JUG_00802,STR_0007,returned_to_store,3026-11-06 00:00:00
JUG_00802,HUB_AURORA,washed,3026-11-10 00:00:00
JUG_00802,STR_0030,purchased,3026-12-09 00:00:00
JUG_00802,STR_0030,returned_to_store,3027-03-10 00:00:00
JUG_00802,HUB_AURORA,washed,3027-03-13 00:00:00
JUG_00803,STR_0011,purchased,3027-04-07 00:00:00
JUG_00803,UNKNOWN,lost_to_leakage,3027-06-30 00:00:00
JUG_00804,STR_0013,purchased,3027-07-15 00:00:00
JUG_00804,STR_0013,returned_to_store,3027-10-06 00:00:00
JUG_00804,HUB_AURORA,washed,3027-10-08 00:00:00
JUG_00804,STR_0020,purchased,3027-10-24 00:00:00
JUG_00804,STR_0020,returned_to_store,3027-12-20 00:00:00
JUG_00804,HUB_AURORA,washed,3027-12-22 00:00:00
JUG_00804,STR_0003,purchased,3028-01-09 00:00:00
JUG_00804,UNKNOWN,lost_to_leakage,3028-03-15 00:00:00
JUG_00805,STR_0036,purchased,3028-03-28 00:00:00
JUG_00805,STR_0036,returned_to_store,3028-06-11 00:00:00
JUG_00805,HUB_AURORA,washed,3028-06-16 00:00:00
JUG_00805,STR_0016,purchased,3028-07-03 00:00:00
JUG_00805,STR_0016,returned_to_store,3028-10-04 00:00:00
JUG_00805,HUB_AURORA,washed,3028-10-09 00:00:00
JUG_00805,STR_0042,purchased,3028-10-28 00:00:00
JUG_00805,UNKNOWN,lost_to_leakage,3029-01-30 00:00:00
JUG_00806,STR_0008,purchased,3029-02-23 00:00:00
JUG_00806,STR_0008,returned_to_store,3029-05-12 00:00:00
JUG_00806,HUB_AURORA,washed,3029-05-14 00:00:00
JUG_00806,STR_0018,purchased,3029-06-02 00:00:00
JUG_00806,STR_0018,returned_to_store,3029-08-03 00:00:00
JUG_00806,HUB_AURORA,washed,3029-08-07 00:00:00
JUG_00806,STR_0035,purchased,3029-08-24 00:00:00
JUG_00806,UNKNOWN,lost_to_leakage,3029-10-25 00:00:00
JUG_00807,STR_0000,purchased,3029-11-10 00:00:00
JUG_00807,STR_0000,returned_to_store,3030-02-05 00:00:00
JUG_00807,HUB_AURORA,washed,3030-02-10 00:00:00
JUG_00807,STR_0026,purchased,3030-03-12 00:00:00
JUG_00807,STR_0026,returned_to_store,3030-05-15 00:00:00
JUG_00807,HUB_AURORA,washed,3030-05-17 00:00:00
JUG_00807,STR_0010,purchased,3030-06-01 00:00:00
JUG_00807,UNKNOWN,lost_to_leakage,3030-07-28 00:00:00
JUG_00808,STR_0045,purchased,3030-08-18 00:00:00
JUG_00808,STR_0045,returned_to_store,3030-11-21 00:00:00
JUG_00808,HUB_AURORA,washed,3030-11-26 00:00:00
JUG_00808,STR_0035,purchased,3030-12-11 00:00:00
JUG_00808,STR_0035,returned_to_store,3031-03-17 00:00:00
JUG_00808,HUB_AURORA,washed,3031-03-21 00:00:00
JUG_00808,STR_0045,purchased,3031-04-03 00:00:00
JUG_00808,STR_0045,returned_to_store,3031-05-27 00:00:00
JUG_00808,HUB_AURORA,washed,3031-06-01 00:00:00
JUG_00808,STR_0030,purchased,3031-06-16 00:00:00
JUG_00808,STR_0030,returned_to_store,3031-08-31 00:00:00
JUG_00808,HUB_AURORA,washed,3031-09-05 00:00:00
JUG_00808,STR_0017,purchased,3031-10-01 00:00:00
JUG_00808,STR_0017,returned_to_store,3031-12-01 00:00:00
JUG_00808,HUB_AURORA,washed,3031-12-06 00:00:00
JUG_00808,STR_0004,purchased,3031-12-15 00:00:00
JUG_00808,UNKNOWN,lost_to_leakage,3032-03-08 00:00:00
JUG_00809,STR_0007,purchased,3032-03-25 00:00:00
JUG_00809,STR_0007,returned_to_store,3032-06-06 00:00:00
JUG_00809,HUB_AURORA,washed,3032-06-09 00:00:00
JUG_00809,STR_0033,purchased,3032-07-09 00:00:00
JUG_00809,STR_0033,returned_to_store,3032-09-18 00:00:00
JUG_00809,HUB_AURORA,washed,3032-09-22 00:00:00
JUG_00809,STR_0016,purchased,3032-10-12 00:00:00
JUG_00809,UNKNOWN,lost_to_leakage,3032-12-10 00:00:00
JUG_00810,STR_0022,purchased,3033-01-01 00:00:00
JUG_00810,STR_0022,returned_to_store,3033-04-04 00:00:00
JUG_00810,HUB_AURORA,washed,3033-04-06 00:00:00
JUG_00810,STR_0009,purchased,3033-04-13 00:00:00
JUG_00810,STR_0009,returned_to_store,3033-06-21 00:00:00
JUG_00810,HUB_AURORA,washed,3033-06-23 00:00:00
JUG_00810,STR_0017,purchased,3033-07-04 00:00:00
JUG_00810,UNKNOWN,lost_to_leakage,3033-09-15 00:00:00
JUG_00811,STR_0001,purchased,3033-09-23 00:00:00
JUG_00811,STR_0001,returned_to_store,3033-12-15 00:00:00
JUG_00811,HUB_AURORA,washed,3033-12-20 00:00:00
JUG_00811,STR_0002,purchased,3034-01-12 00:00:00
JUG_00811,STR_0002,returned_to_store,3034-04-11 00:00:00
JUG_00811,HUB_AURORA,washed,3034-04-15 00:00:00
JUG_00811,STR_0024,purchased,3034-05-03 00:00:00
JUG_00811,STR_0024,returned_to_store,3034-08-13 00:00:00
JUG_00811,HUB_AURORA,washed,3034-08-16 00:00:00
JUG_00811,STR_0021,purchased,3034-09-12 00:00:00
JUG_00811,STR_0021,returned_to_store,3034-11-09 00:00:00
JUG_00811,HUB_AURORA,washed,3034-11-14 00:00:00
JUG_00811,STR_0027,purchased,3034-12-10 00:00:00
JUG_00811,STR_0027,returned_to_store,3035-02-23 00:00:00
JUG_00811,HUB_AURORA,washed,3035-02-25 00:00:00
JUG_00811,STR_0026,purchased,3035-03-26 00:00:00
JUG_00811,STR_0026,returned_to_store,3035-06-13 00:00:00
JUG_00811,HUB_AURORA,washed,3035-06-17 00:00:00
JUG_00811,STR_0007,purchased,3035-07-05 00:00:00
JUG_00811,STR_0007,returned_to_store,3035-09-05 00:00:00
JUG_00811,HUB_AURORA,washed,3035-09-07 00:00:00
JUG_00811,STR_0014,purchased,3035-10-04 00:00:00
JUG_00811,STR_0014,returned_to_store,3035-12-07 00:00:00
JUG_00811,HUB_AURORA,washed,3035-12-10 00:00:00
JUG_00812,STR_0001,purchased,3036-01-08 00:00:00
JUG_00812,STR_0001,returned_to_store,3036-03-15 00:00:00
JUG_00812,HUB_AURORA,washed,3036-03-19 00:00:00
JUG_00812,STR_0028,purchased,3036-03-31 00:00:00
JUG_00812,STR_0028,returned_to_store,3036-07-03 00:00:00
JUG_00812,HUB_AURORA,washed,3036-07-06 00:00:00
JUG_00812,STR_0011,purchased,3036-08-01 00:00:00
JUG_00812,STR_0011,returned_to_store,3036-10-26 00:00:00
JUG_00812,HUB_AURORA,washed,3036-10-28 00:00:00
JUG_00812,STR_0013,purchased,3036-11-08 00:00:00
JUG_00812,STR_0013,returned_to_store,3037-01-18 00:00:00
JUG_00812,HUB_AURORA,washed,3037-01-21 00:00:00
JUG_00812,STR_0019,purchased,3037-02-18 00:00:00
JUG_00812,STR_0019,returned_to_store,3037-05-05 00:00:00
JUG_00812,HUB_AURORA,washed,3037-05-09 00:00:00
JUG_00812,STR_0023,purchased,3037-05-29 00:00:00
JUG_00812,UNKNOWN,lost_to_leakage,3037-08-24 00:00:00
JUG_00813,STR_0035,purchased,3037-09-23 00:00:00
JUG_00813,STR_0035,returned_to_store,3037-12-18 00:00:00
JUG_00813,HUB_AURORA,washed,3037-12-21 00:00:00
JUG_00813,STR_0027,purchased,3038-01-13 00:00:00
JUG_00813,STR_0027,returned_to_store,3038-03-10 00:00:00
JUG_00813,HUB_AURORA,washed,3038-03-15 00:00:00
JUG_00813,STR_0039,purchased,3038-03-25 00:00:00
JUG_00813,STR_0039,returned_to_store,3038-06-02 00:00:00
JUG_00813,HUB_AURORA,washed,3038-06-06 00:00:00
JUG_00813,STR_0016,purchased,3038-06-29 00:00:00
JUG_00813,STR_0016,returned_to_store,3038-08-28 00:00:00
JUG_00813,HUB_AURORA,washed,3038-09-02 00:00:00
JUG_00813,STR_0028,purchased,3038-09-18 00:00:00
JUG_00813,STR_0028,returned_to_store,3038-12-14 00:00:00
JUG_00813,HUB_AURORA,washed,3038-12-18 00:00:00
JUG_00813,STR_0048,purchased,3039-01-09 00:00:00
JUG_00813,STR_0048,returned_to_store,3039-03-26 00:00:00
JUG_00813,HUB_AURORA,washed,3039-03-28 00:00:00
JUG_00813,STR_0029,purchased,3039-04-16 00:00:00
JUG_00813,STR_0029,returned_to_store,3039-07-24 00:00:00
JUG_00813,HUB_AURORA,washed,3039-07-29 00:00:00
JUG_00813,STR_0039,purchased,3039-08-19 00:00:00
JUG_00813,STR_0039,returned_to_store,3039-11-12 00:00:00
JUG_00813,HUB_AURORA,washed,3039-11-16 00:00:00
JUG_00813,STR_0038,purchased,3039-12-07 00:00:00
JUG_00813,UNKNOWN,lost_to_leakage,3040-02-27 00:00:00
JUG_00814,STR_0025,purchased,3040-03-19 00:00:00
JUG_00814,STR_0025,returned_to_store,3040-06-25 00:00:00
JUG_00814,HUB_AURORA,washed,3040-06-30 00:00:00
JUG_00814,STR_0046,purchased,3040-07-10 00:00:00
JUG_00814,STR_0046,returned_to_store,3040-09-30 00:00:00
JUG_00814,HUB_AURORA,washed,3040-10-04 00:00:00
JUG_00814,STR_0011,purchased,3040-10-30 00:00:00
JUG_00814,UNKNOWN,lost_to_leakage,3040-12-26 00:00:00
JUG_00815,STR_0036,purchased,3041-01-14 00:00:00
JUG_00815,STR_0036,returned_to_store,3041-03-23 00:00:00
JUG_00815,HUB_AURORA,washed,3041-03-28 00:00:00
JUG_00815,STR_0046,purchased,3041-04-23 00:00:00
JUG_00815,STR_0046,returned_to_store,3041-06-19 00:00:00
JUG_00815,HUB_AURORA,washed,3041-06-22 00:00:00
JUG_00815,STR_0026,purchased,3041-06-29 00:00:00
JUG_00815,STR_0026,returned_to_store,3041-09-02 00:00:00
JUG_00815,HUB_AURORA,washed,3041-09-04 00:00:00
JUG_00815,STR_0037,purchased,3041-10-04 00:00:00
JUG_00815,STR_0037,returned_to_store,3041-12-29 00:00:00
JUG_00815,HUB_AURORA,washed,3042-01-01 00:00:00
JUG_00815,STR_0031,purchased,3042-01-19 00:00:00
JUG_00815,STR_0031,returned_to_store,3042-04-13 00:00:00
JUG_00815,HUB_AURORA,washed,3042-04-16 00:00:00
JUG_00816,STR_0001,purchased,3042-05-08 00:00:00
JUG_00816,STR_0001,returned_to_store,3042-08-02 00:00:00
JUG_00816,HUB_AURORA,washed,3042-08-07 00:00:00
JUG_00816,STR_0039,purchased,3042-08-23 00:00:00
JUG_00816,STR_0039,returned_to_store,3042-11-13 00:00:00
JUG_00816,HUB_AURORA,washed,3042-11-18 00:00:00
JUG_00816,STR_0041,purchased,3042-12-04 00:00:00
JUG_00816,STR_0041,returned_to_store,3043-02-10 00:00:00
JUG_00816,HUB_AURORA,washed,3043-02-12 00:00:00
JUG_00816,STR_0044,purchased,3043-03-03 00:00:00
JUG_00816,STR_0044,returned_to_store,3043-05-16 00:00:00
JUG_00816,HUB_AURORA,washed,3043-05-19 00:00:00
JUG_00817,STR_0049,purchased,3043-06-12 00:00:00
JUG_00817,STR_0049,returned_to_store,3043-08-24 00:00:00
JUG_00817,HUB_AURORA,washed,3043-08-28 00:00:00
JUG_00817,STR_0048,purchased,3043-09-27 00:00:00
JUG_00817,STR_0048,returned_to_store,3043-12-19 00:00:00
JUG_00817,HUB_AURORA,washed,3043-12-21 00:00:00
JUG_00817,STR_0012,purchased,3044-01-12 00:00:00
JUG_00817,UNKNOWN,lost_to_leakage,3044-03-14 00:00:00
JUG_00818,STR_0007,purchased,3044-03-27 00:00:00
JUG_00818,STR_0007,returned_to_store,3044-05-31 00:00:00
JUG_00818,HUB_AURORA,washed,3044-06-03 00:00:00
JUG_00818,STR_0009,purchased,3044-07-02 00:00:00
JUG_00818,STR_0009,returned_to_store,3044-09-07 00:00:00
JUG_00818,HUB_AURORA,washed,3044-09-11 00:00:00
JUG_00818,STR_0009,purchased,3044-09-24 00:00:00
JUG_00818,STR_0009,returned_to_store,3044-12-20 00:00:00
JUG_00818,HUB_AURORA,washed,3044-12-23 00:00:00
JUG_00819,STR_0005,purchased,3045-01-08 00:00:00
JUG_00819,STR_0005,returned_to_store,3045-03-14 00:00:00
JUG_00819,HUB_AURORA,washed,3045-03-17 00:00:00
JUG_00819,STR_0041,purchased,3045-04-01 00:00:00
JUG_00819,STR_0041,returned_to_store,3045-06-04 00:00:00
JUG_00819,HUB_AURORA,washed,3045-06-08 00:00:00
JUG_00819,STR_0048,purchased,3045-07-04 00:00:00
JUG_00819,STR_0048,returned_to_store,3045-09-12 00:00:00
JUG_00819,HUB_AURORA,washed,3045-09-15 00:00:00
JUG_00819,STR_0022,purchased,3045-10-12 00:00:00
JUG_00819,STR_0022,returned_to_store,3045-12-22 00:00:00
JUG_00819,HUB_AURORA,washed,3045-12-27 00:00:00
JUG_00819,STR_0030,purchased,3046-01-25 00:00:00
JUG_00819,STR_0030,returned_to_store,3046-03-23 00:00:00
JUG_00819,HUB_AURORA,washed,3046-03-25 00:00:00
JUG_00819,STR_0039,purchased,3046-04-17 00:00:00
JUG_00819,STR_0039,returned_to_store,3046-07-19 00:00:00
JUG_00819,HUB_AURORA,washed,3046-07-22 00:00:00
JUG_00819,STR_0040,purchased,3046-08-11 00:00:00
JUG_00819,STR_0040,returned_to_store,3046-10-23 00:00:00
JUG_00819,HUB_AURORA,washed,3046-10-27 00:00:00
JUG_00819,STR_0041,purchased,3046-11-15 00:00:00
JUG_00819,STR_0041,returned_to_store,3047-02-15 00:00:00
JUG_00819,HUB_AURORA,washed,3047-02-20 00:00:00
JUG_00819,STR_0044,purchased,3047-03-05 00:00:00
JUG_00819,STR_0044,returned_to_store,3047-05-06 00:00:00
JUG_00819,HUB_AURORA,washed,3047-05-08 00:00:00
JUG_00819,STR_0020,purchased,3047-05-25 00:00:00
JUG_00819,STR_0020,returned_to_store,3047-07-26 00:00:00
JUG_00819,HUB_AURORA,washed,3047-07-30 00:00:00
JUG_00820,STR_0004,purchased,3047-08-21 00:00:00
JUG_00820,STR_0004,returned_to_store,3047-12-02 00:00:00
JUG_00820,HUB_AURORA,washed,3047-12-05 00:00:00
JUG_00820,STR_0021,purchased,3047-12-29 00:00:00
JUG_00820,STR_0021,returned_to_store,3048-02-27 00:00:00
JUG_00820,HUB_AURORA,washed,3048-03-01 00:00:00
JUG_00820,STR_0028,purchased,3048-03-18 00:00:00
JUG_00820,STR_0028,returned_to_store,3048-06-13 00:00:00
JUG_00820,HUB_AURORA,washed,3048-06-16 00:00:00
JUG_00820,STR_0002,purchased,3048-07-03 00:00:00
JUG_00820,UNKNOWN,lost_to_leakage,3048-09-29 00:00:00
JUG_00821,STR_0025,purchased,3048-10-10 00:00:00
JUG_00821,STR_0025,returned_to_store,3048-12-28 00:00:00
JUG_00821,HUB_AURORA,washed,3049-01-02 00:00:00
JUG_00821,STR_0034,purchased,3049-01-22 00:00:00
JUG_00821,STR_0034,returned_to_store,3049-04-06 00:00:00
JUG_00821,HUB_AURORA,washed,3049-04-09 00:00:00
JUG_00821,STR_0010,purchased,3049-04-20 00:00:00
JUG_00821,STR_0010,returned_to_store,3049-07-13 00:00:00
JUG_00821,HUB_AURORA,washed,3049-07-18 00:00:00
JUG_00821,STR_0012,purchased,3049-07-31 00:00:00
JUG_00821,STR_0012,returned_to_store,3049-10-04 00:00:00
JUG_00821,HUB_AURORA,washed,3049-10-06 00:00:00
JUG_00821,STR_0016,purchased,3049-10-13 00:00:00
JUG_00821,STR_0016,returned_to_store,3049-12-19 00:00:00
JUG_00821,HUB_AURORA,washed,3049-12-21 00:00:00
JUG_00821,STR_0002,purchased,3050-01-05 00:00:00
JUG_00821,STR_0002,returned_to_store,3050-02-25 00:00:00
JUG_00821,HUB_AURORA,washed,3050-03-02 00:00:00
JUG_00821,STR_0035,purchased,3050-03-23 00:00:00
JUG_00821,STR_0035,returned_to_store,3050-05-23 00:00:00
JUG_00821,HUB_AURORA,washed,3050-05-28 00:00:00
JUG_00822,STR_0012,purchased,3050-06-19 00:00:00
JUG_00822,STR_0012,returned_to_store,3050-08-13 00:00:00
JUG_00822,HUB_AURORA,washed,3050-08-16 00:00:00
JUG_00822,STR_0049,purchased,3050-09-04 00:00:00
JUG_00822,UNKNOWN,lost_to_leakage,3050-11-01 00:00:00
JUG_00823,STR_0004,purchased,3050-11-11 00:00:00
JUG_00823,STR_0004,returned_to_store,3051-01-22 00:00:00
JUG_00823,HUB_AURORA,washed,3051-01-26 00:00:00
JUG_00823,STR_0019,purchased,3051-02-04 00:00:00
JUG_00823,UNKNOWN,lost_to_leakage,3051-05-10 00:00:00
JUG_00824,STR_0001,purchased,3051-05-18 00:00:00
JUG_00824,STR_0001,returned_to_store,3051-08-03 00:00:00
JUG_00824,HUB_AURORA,washed,3051-08-06 00:00:00
JUG_00824,STR_0044,purchased,3051-08-31 00:00:00
JUG_00824,STR_0044,returned_to_store,3051-11-29 00:00:00
JUG_00824,HUB_AURORA,washed,3051-12-02 00:00:00
JUG_00824,STR_0035,purchased,3051-12-17 00:00:00
JUG_00824,STR_0035,returned_to_store,3052-02-18 00:00:00
JUG_00824,HUB_AURORA,washed,3052-02-23 00:00:00
JUG_00824,STR_0001,purchased,3052-03-21 00:00:00
JUG_00824,STR_0001,returned_to_store,3052-07-01 00:00:00
JUG_00824,HUB_AURORA,washed,3052-07-04 00:00:00
JUG_00824,STR_0021,purchased,3052-07-31 00:00:00
JUG_00824,UNKNOWN,lost_to_leakage,3052-10-19 00:00:00
JUG_00825,STR_0044,purchased,3052-11-04 00:00:00
JUG_00825,STR_0044,returned_to_store,3052-12-22 00:00:00
JUG_00825,HUB_AURORA,washed,3052-12-25 00:00:00
JUG_00825,STR_0008,purchased,3053-01-01 00:00:00
JUG_00825,STR_0008,returned_to_store,3053-03-17 00:00:00
JUG_00825,HUB_AURORA,washed,3053-03-19 00:00:00
JUG_00825,STR_0044,purchased,3053-04-16 00:00:00
JUG_00825,STR_0044,returned_to_store,3053-06-21 00:00:00
JUG_00825,HUB_AURORA,washed,3053-06-25 00:00:00
JUG_00825,STR_0007,purchased,3053-07-16 00:00:00
JUG_00825,STR_0007,returned_to_store,3053-10-12 00:00:00
JUG_00825,HUB_AURORA,washed,3053-10-17 00:00:00
JUG_00825,STR_0005,purchased,3053-10-27 00:00:00
JUG_00825,STR_0005,returned_to_store,3054-01-03 00:00:00
JUG_00825,HUB_AURORA,washed,3054-01-08 00:00:00
JUG_00825,STR_0045,purchased,3054-02-04 00:00:00
JUG_00825,UNKNOWN,lost_to_leakage,3054-04-09 00:00:00
JUG_00826,STR_0031,purchased,3054-04-19 00:00:00
JUG_00826,UNKNOWN,lost_to_leakage,3054-07-04 00:00:00
JUG_00827,STR_0004,purchased,3054-07-17 00:00:00
JUG_00827,STR_0004,returned_to_store,3054-10-18 00:00:00
JUG_00827,HUB_AURORA,washed,3054-10-21 00:00:00
JUG_00827,STR_0009,purchased,3054-11-08 00:00:00
JUG_00827,STR_0009,returned_to_store,3055-01-15 00:00:00
JUG_00827,HUB_AURORA,washed,3055-01-17 00:00:00
JUG_00827,STR_0031,purchased,3055-01-25 00:00:00
JUG_00827,STR_0031,returned_to_store,3055-04-25 00:00:00
JUG_00827,HUB_AURORA,washed,3055-04-27 00:00:00
JUG_00827,STR_0039,purchased,3055-05-22 00:00:00
JUG_00827,STR_0039,returned_to_store,3055-07-30 00:00:00
JUG_00827,HUB_AURORA,washed,3055-08-04 00:00:00
JUG_00827,STR_0040,purchased,3055-08-27 00:00:00
JUG_00827,STR_0040,returned_to_store,3055-11-22 00:00:00
JUG_00827,HUB_AURORA,washed,3055-11-24 00:00:00
JUG_00827,STR_0034,purchased,3055-12-18 00:00:00
JUG_00827,STR_0034,returned_to_store,3056-02-15 00:00:00
JUG_00827,HUB_AURORA,washed,3056-02-19 00:00:00
JUG_00827,STR_0012,purchased,3056-03-11 00:00:00
JUG_00827,UNKNOWN,lost_to_leakage,3056-06-03 00:00:00
JUG_00828,STR_0005,purchased,3056-06-30 00:00:00
JUG_00828,STR_0005,returned_to_store,3056-09-28 00:00:00
JUG_00828,HUB_AURORA,washed,3056-10-01 00:00:00
JUG_00828,STR_0042,purchased,3056-10-16 00:00:00
JUG_00828,STR_0042,returned_to_store,3056-12-12 00:00:00
JUG_00828,HUB_AURORA,washed,3056-12-15 00:00:00
JUG_00828,STR_0047,purchased,3056-12-22 00:00:00
JUG_00828,STR_0047,returned_to_store,3057-02-08 00:00:00
JUG_00828,HUB_AURORA,washed,3057-02-12 00:00:00
JUG_00828,STR_0000,purchased,3057-02-27 00:00:00
JUG_00828,STR_0000,returned_to_store,3057-06-07 00:00:00
JUG_00828,HUB_AURORA,washed,3057-06-09 00:00:00
JUG_00828,STR_0045,purchased,3057-07-09 00:00:00
JUG_00828,STR_0045,returned_to_store,3057-10-05 00:00:00
JUG_00828,HUB_AURORA,washed,3057-10-10 00:00:00
JUG_00828,STR_0006,purchased,3057-10-25 00:00:00
JUG_00828,STR_0006,returned_to_store,3058-01-24 00:00:00
JUG_00828,HUB_AURORA,washed,3058-01-27 00:00:00
JUG_00828,STR_0039,purchased,3058-02-15 00:00:00
JUG_00828,STR_0039,returned_to_store,3058-05-20 00:00:00
JUG_00828,HUB_AURORA,washed,3058-05-23 00:00:00
JUG_00828,STR_0038,purchased,3058-06-20 00:00:00
JUG_00828,STR_0038,returned_to_store,3058-08-22 00:00:00
JUG_00828,HUB_AURORA,washed,3058-08-25 00:00:00
JUG_00828,STR_0035,purchased,3058-09-03 00:00:00
JUG_00828,STR_0035,returned_to_store,3058-11-24 00:00:00
JUG_00828,HUB_AURORA,washed,3058-11-28 00:00:00
JUG_00828,STR_0014,purchased,3058-12-20 00:00:00
JUG_00828,STR_0014,returned_to_store,3059-03-07 00:00:00
JUG_00828,HUB_AURORA,washed,3059-03-12 00:00:00
JUG_00829,STR_0003,purchased,3059-03-19 00:00:00
JUG_00829,STR_0003,returned_to_store,3059-06-25 00:00:00
JUG_00829,HUB_AURORA,washed,3059-06-30 00:00:00
JUG_00829,STR_0012,purchased,3059-07-22 00:00:00
JUG_00829,STR_0012,returned_to_store,3059-11-01 00:00:00
JUG_00829,HUB_AURORA,washed,3059-11-04 00:00:00
JUG_00829,STR_0007,purchased,3059-11-27 00:00:00
JUG_00829,UNKNOWN,lost_to_leakage,3060-01-31 00:00:00
JUG_00830,STR_0036,purchased,3060-02-12 00:00:00
JUG_00830,STR_0036,returned_to_store,3060-05-18 00:00:00
JUG_00830,HUB_AURORA,washed,3060-05-21 00:00:00
JUG_00830,STR_0006,purchased,3060-05-29 00:00:00
JUG_00830,STR_0006,returned_to_store,3060-08-13 00:00:00
JUG_00830,HUB_AURORA,washed,3060-08-16 00:00:00
JUG_00830,STR_0002,purchased,3060-08-29 00:00:00
JUG_00830,STR_0002,returned_to_store,3060-11-09 00:00:00
JUG_00830,HUB_AURORA,washed,3060-11-13 00:00:00
JUG_00830,STR_0013,purchased,3060-12-04 00:00:00
JUG_00830,STR_0013,returned_to_store,3061-02-14 00:00:00
JUG_00830,HUB_AURORA,washed,3061-02-19 00:00:00
JUG_00831,STR_0026,purchased,3061-03-15 00:00:00
JUG_00831,STR_0026,returned_to_store,3061-06-09 00:00:00
JUG_00831,HUB_AURORA,washed,3061-06-12 00:00:00
JUG_00831,STR_0034,purchased,3061-06-22 00:00:00
JUG_00831,STR_0034,returned_to_store,3061-09-09 00:00:00
JUG_00831,HUB_AURORA,washed,3061-09-11 00:00:00
JUG_00831,STR_0011,purchased,3061-10-06 00:00:00
JUG_00831,STR_0011,returned_to_store,3062-01-05 00:00:00
JUG_00831,HUB_AURORA,washed,3062-01-07 00:00:00
JUG_00831,STR_0004,purchased,3062-02-05 00:00:00
JUG_00831,STR_0004,returned_to_store,3062-05-15 00:00:00
JUG_00831,HUB_AURORA,washed,3062-05-20 00:00:00
JUG_00831,STR_0019,purchased,3062-05-31 00:00:00
JUG_00831,STR_0019,returned_to_store,3062-08-31 00:00:00
JUG_00831,HUB_AURORA,washed,3062-09-04 00:00:00
JUG_00831,STR_0013,purchased,3062-09-19 00:00:00
JUG_00831,STR_0013,returned_to_store,3062-11-25 00:00:00
JUG_00831,HUB_AURORA,washed,3062-11-28 00:00:00
JUG_00831,STR_0024,purchased,3062-12-15 00:00:00
JUG_00831,STR_0024,returned_to_store,3063-03-19 00:00:00
JUG_00831,HUB_AURORA,washed,3063-03-22 00:00:00
JUG_00831,STR_0041,purchased,3063-04-10 00:00:00
JUG_00831,STR_0041,returned_to_store,3063-07-12 00:00:00
JUG_00831,HUB_AURORA,washed,3063-07-17 00:00:00
JUG_00831,STR_0000,purchased,3063-08-04 00:00:00
JUG_00831,STR_0000,returned_to_store,3063-10-24 00:00:00
JUG_00831,HUB_AURORA,washed,3063-10-28 00:00:00
JUG_00832,STR_0023,purchased,3063-11-07 00:00:00
JUG_00832,STR_0023,returned_to_store,3064-01-22 00:00:00
JUG_00832,HUB_AURORA,washed,3064-01-25 00:00:00
JUG_00832,STR_0025,purchased,3064-02-04 00:00:00
JUG_00832,STR_0025,returned_to_store,3064-05-11 00:00:00
JUG_00832,HUB_AURORA,washed,3064-05-16 00:00:00
JUG_00832,STR_0013,purchased,3064-06-01 00:00:00
JUG_00832,STR_0013,returned_to_store,3064-09-08 00:00:00
JUG_00832,HUB_AURORA,washed,3064-09-12 00:00:00
JUG_00832,STR_0045,purchased,3064-10-05 00:00:00
JUG_00832,STR_0045,returned_to_store,3065-01-10 00:00:00
JUG_00832,HUB_AURORA,washed,3065-01-14 00:00:00
JUG_00832,STR_0008,purchased,3065-01-28 00:00:00
JUG_00832,STR_0008,returned_to_store,3065-04-21 00:00:00
JUG_00832,HUB_AURORA,washed,3065-04-24 00:00:00
JUG_00832,STR_0023,purchased,3065-05-15 00:00:00
JUG_00832,STR_0023,returned_to_store,3065-08-17 00:00:00
JUG_00832,HUB_AURORA,washed,3065-08-20 00:00:00
JUG_00832,STR_0039,purchased,3065-09-15 00:00:00
JUG_00832,STR_0039,returned_to_store,3065-12-12 00:00:00
JUG_00832,HUB_AURORA,washed,3065-12-15 00:00:00
JUG_00833,STR_0038,purchased,3066-01-03 00:00:00
JUG_00833,STR_0038,returned_to_store,3066-04-05 00:00:00
JUG_00833,HUB_AURORA,washed,3066-04-08 00:00:00
JUG_00833,STR_0014,purchased,3066-04-24 00:00:00
JUG_00833,STR_0014,returned_to_store,3066-07-07 00:00:00
JUG_00833,HUB_AURORA,washed,3066-07-09 00:00:00
JUG_00833,STR_0035,purchased,3066-08-04 00:00:00
JUG_00833,STR_0035,returned_to_store,3066-11-08 00:00:00
JUG_00833,HUB_AURORA,washed,3066-11-11 00:00:00
JUG_00833,STR_0011,purchased,3066-11-19 00:00:00
JUG_00833,UNKNOWN,lost_to_leakage,3067-01-28 00:00:00
JUG_00834,STR_0044,purchased,3067-02-21 00:00:00
JUG_00834,STR_0044,returned_to_store,3067-04-25 00:00:00
JUG_00834,HUB_AURORA,washed,3067-04-27 00:00:00
JUG_00834,STR_0006,purchased,3067-05-24 00:00:00
JUG_00834,STR_0006,returned_to_store,3067-07-30 00:00:00
JUG_00834,HUB_AURORA,washed,3067-08-01 00:00:00
JUG_00834,STR_0005,purchased,3067-08-20 00:00:00
JUG_00834,STR_0005,returned_to_store,3067-10-19 00:00:00
JUG_00834,HUB_AURORA,washed,3067-10-23 00:00:00
JUG_00834,STR_0016,purchased,3067-11-18 00:00:00
JUG_00834,STR_0016,returned_to_store,3068-02-17 00:00:00
JUG_00834,HUB_AURORA,washed,3068-02-20 00:00:00
JUG_00834,STR_0012,purchased,3068-02-28 00:00:00
JUG_00834,STR_0012,returned_to_store,3068-05-05 00:00:00
JUG_00834,HUB_AURORA,washed,3068-05-09 00:00:00
JUG_00834,STR_0013,purchased,3068-05-23 00:00:00
JUG_00834,STR_0013,returned_to_store,3068-08-16 00:00:00
JUG_00834,HUB_AURORA,washed,3068-08-21 00:00:00
JUG_00835,STR_0002,purchased,3068-09-16 00:00:00
JUG_00835,UNKNOWN,lost_to_leakage,3068-11-17 00:00:00
JUG_00836,STR_0035,purchased,3068-12-07 00:00:00
JUG_00836,STR_0035,returned_to_store,3069-02-06 00:00:00
JUG_00836,HUB_AURORA,washed,3069-02-08 00:00:00
JUG_00836,STR_0000,purchased,3069-03-06 00:00:00
JUG_00836,STR_0000,returned_to_store,3069-06-09 00:00:00
JUG_00836,HUB_AURORA,washed,3069-06-14 00:00:00
JUG_00836,STR_0018,purchased,3069-06-23 00:00:00
JUG_00836,STR_0018,returned_to_store,3069-08-26 00:00:00
JUG_00836,HUB_AURORA,washed,3069-08-28 00:00:00
JUG_00836,STR_0037,purchased,3069-09-15 00:00:00
JUG_00836,STR_0037,returned_to_store,3069-12-09 00:00:00
JUG_00836,HUB_AURORA,washed,3069-12-14 00:00:00
JUG_00836,STR_0045,purchased,3070-01-03 00:00:00
JUG_00836,STR_0045,returned_to_store,3070-03-31 00:00:00
JUG_00836,HUB_AURORA,washed,3070-04-04 00:00:00
JUG_00836,STR_0019,purchased,3070-04-12 00:00:00
JUG_00836,STR_0019,returned_to_store,3070-07-09 00:00:00
JUG_00836,HUB_AURORA,washed,3070-07-12 00:00:00
JUG_00837,STR_0043,purchased,3070-07-20 00:00:00
JUG_00837,STR_0043,returned_to_store,3070-10-26 00:00:00
JUG_00837,HUB_AURORA,washed,3070-10-31 00:00:00
JUG_00837,STR_0039,purchased,3070-11-16 00:00:00
JUG_00837,STR_0039,returned_to_store,3071-01-30 00:00:00
JUG_00837,HUB_AURORA,washed,3071-02-02 00:00:00
JUG_00837,STR_0034,purchased,3071-02-10 00:00:00
JUG_00837,STR_0034,returned_to_store,3071-05-11 00:00:00
JUG_00837,HUB_AURORA,washed,3071-05-13 00:00:00
JUG_00837,STR_0011,purchased,3071-06-10 00:00:00
JUG_00837,STR_0011,returned_to_store,3071-08-14 00:00:00
JUG_00837,HUB_AURORA,washed,3071-08-18 00:00:00
JUG_00837,STR_0046,purchased,3071-08-25 00:00:00
JUG_00837,STR_0046,returned_to_store,3071-11-23 00:00:00
JUG_00837,HUB_AURORA,washed,3071-11-27 00:00:00
JUG_00837,STR_0047,purchased,3071-12-13 00:00:00
JUG_00837,STR_0047,returned_to_store,3072-03-03 00:00:00
JUG_00837,HUB_AURORA,washed,3072-03-06 00:00:00
JUG_00837,STR_0015,purchased,3072-03-23 00:00:00
JUG_00837,STR_0015,returned_to_store,3072-06-15 00:00:00
JUG_00837,HUB_AURORA,washed,3072-06-17 00:00:00
JUG_00837,STR_0008,purchased,3072-07-16 00:00:00
JUG_00837,STR_0008,returned_to_store,3072-10-16 00:00:00
JUG_00837,HUB_AURORA,washed,3072-10-20 00:00:00
JUG_00837,STR_0006,purchased,3072-10-29 00:00:00
JUG_00837,STR_0006,returned_to_store,3072-12-23 00:00:00
JUG_00837,HUB_AURORA,washed,3072-12-26 00:00:00
JUG_00838,STR_0008,purchased,3073-01-02 00:00:00
JUG_00838,STR_0008,returned_to_store,3073-02-24 00:00:00
JUG_00838,HUB_AURORA,washed,3073-02-26 00:00:00
JUG_00838,STR_0035,purchased,3073-03-17 00:00:00
JUG_00838,STR_0035,returned_to_store,3073-06-13 00:00:00
JUG_00838,HUB_AURORA,washed,3073-06-16 00:00:00
JUG_00838,STR_0049,purchased,3073-06-25 00:00:00
JUG_00838,STR_0049,returned_to_store,3073-09-27 00:00:00
JUG_00838,HUB_AURORA,washed,3073-10-01 00:00:00
JUG_00838,STR_0014,purchased,3073-10-27 00:00:00
JUG_00838,STR_0014,returned_to_store,3074-01-11 00:00:00
JUG_00838,HUB_AURORA,washed,3074-01-14 00:00:00
JUG_00838,STR_0020,purchased,3074-01-24 00:00:00
JUG_00838,STR_0020,returned_to_store,3074-05-02 00:00:00
JUG_00838,HUB_AURORA,washed,3074-05-04 00:00:00
JUG_00838,STR_0004,purchased,3074-05-24 00:00:00
JUG_00838,STR_0004,returned_to_store,3074-08-27 00:00:00
JUG_00838,HUB_AURORA,washed,3074-08-31 00:00:00
JUG_00839,STR_0047,purchased,3074-09-24 00:00:00
JUG_00839,STR_0047,returned_to_store,3074-11-28 00:00:00
JUG_00839,HUB_AURORA,washed,3074-11-30 00:00:00
JUG_00839,STR_0015,purchased,3074-12-28 00:00:00
JUG_00839,STR_0015,returned_to_store,3075-03-28 00:00:00
JUG_00839,HUB_AURORA,washed,3075-04-01 00:00:00
JUG_00839,STR_0025,purchased,3075-04-29 00:00:00
JUG_00839,STR_0025,returned_to_store,3075-07-12 00:00:00
JUG_00839,HUB_AURORA,washed,3075-07-14 00:00:00
JUG_00839,STR_0035,purchased,3075-07-31 00:00:00
JUG_00839,STR_0035,returned_to_store,3075-10-23 00:00:00
JUG_00839,HUB_AURORA,washed,3075-10-25 00:00:00
JUG_00839,STR_0004,purchased,3075-11-15 00:00:00
JUG_00839,STR_0004,returned_to_store,3076-02-11 00:00:00
JUG_00839,HUB_AURORA,washed,3076-02-14 00:00:00
JUG_00839,STR_0043,purchased,3076-03-04 00:00:00
JUG_00839,STR_0043,returned_to_store,3076-05-17 00:00:00
JUG_00839,HUB_AURORA,washed,3076-05-20 00:00:00
JUG_00839,STR_0020,purchased,3076-06-13 00:00:00
JUG_00839,STR_0020,returned_to_store,3076-09-11 00:00:00
JUG_00839,HUB_AURORA,washed,3076-09-14 00:00:00
JUG_00839,STR_0048,purchased,3076-10-10 00:00:00
JUG_00839,STR_0048,returned_to_store,3076-12-06 00:00:00
JUG_00839,HUB_AURORA,washed,3076-12-10 00:00:00
JUG_00840,STR_0006,purchased,3076-12-24 00:00:00
JUG_00840,STR_0006,returned_to_store,3077-03-10 00:00:00
JUG_00840,HUB_AURORA,washed,3077-03-13 00:00:00
JUG_00840,STR_0012,purchased,3077-03-21 00:00:00
JUG_00840,UNKNOWN,lost_to_leakage,3077-07-03 00:00:00
JUG_00841,STR_0038,purchased,3077-07-13 00:00:00
JUG_00841,STR_0038,returned_to_store,3077-09-14 00:00:00
JUG_00841,HUB_AURORA,washed,3077-09-18 00:00:00
JUG_00841,STR_0022,purchased,3077-10-15 00:00:00
JUG_00841,STR_0022,returned_to_store,3078-01-16 00:00:00
JUG_00841,HUB_AURORA,washed,3078-01-18 00:00:00
JUG_00841,STR_0012,purchased,3078-02-14 00:00:00
JUG_00841,STR_0012,returned_to_store,3078-04-16 00:00:00
JUG_00841,HUB_AURORA,washed,3078-04-18 00:00:00
JUG_00841,STR_0022,purchased,3078-05-03 00:00:00
JUG_00841,STR_0022,returned_to_store,3078-07-12 00:00:00
JUG_00841,HUB_AURORA,washed,3078-07-14 00:00:00
JUG_00841,STR_0025,purchased,3078-08-07 00:00:00
JUG_00841,STR_0025,returned_to_store,3078-10-27 00:00:00
JUG_00841,HUB_AURORA,washed,3078-11-01 00:00:00
JUG_00841,STR_0046,purchased,3078-11-27 00:00:00
JUG_00841,STR_0046,returned_to_store,3079-02-06 00:00:00
JUG_00841,HUB_AURORA,washed,3079-02-08 00:00:00
JUG_00841,STR_0019,purchased,3079-02-21 00:00:00
JUG_00841,STR_0019,returned_to_store,3079-05-18 00:00:00
JUG_00841,HUB_AURORA,washed,3079-05-23 00:00:00
JUG_00841,STR_0028,purchased,3079-06-20 00:00:00
JUG_00841,STR_0028,returned_to_store,3079-09-16 00:00:00
JUG_00841,HUB_AURORA,washed,3079-09-20 00:00:00
JUG_00841,STR_0020,purchased,3079-10-09 00:00:00
JUG_00841,STR_0020,returned_to_store,3079-12-07 00:00:00
JUG_00841,HUB_AURORA,washed,3079-12-11 00:00:00
JUG_00842,STR_0017,purchased,3079-12-27 00:00:00
JUG_00842,UNKNOWN,lost_to_leakage,3080-02-28 00:00:00
JUG_00843,STR_0030,purchased,3080-03-09 00:00:00
JUG_00843,STR_0030,returned_to_store,3080-06-01 00:00:00
JUG_00843,HUB_AURORA,washed,3080-06-03 00:00:00
JUG_00843,STR_0016,purchased,3080-07-01 00:00:00
JUG_00843,STR_0016,returned_to_store,3080-09-15 00:00:00
JUG_00843,HUB_AURORA,washed,3080-09-20 00:00:00
JUG_00843,STR_0021,purchased,3080-10-05 00:00:00
JUG_00843,STR_0021,returned_to_store,3080-12-06 00:00:00
JUG_00843,HUB_AURORA,washed,3080-12-10 00:00:00
JUG_00843,STR_0036,purchased,3080-12-28 00:00:00
JUG_00843,STR_0036,returned_to_store,3081-02-23 00:00:00
JUG_00843,HUB_AURORA,washed,3081-02-27 00:00:00
JUG_00843,STR_0041,purchased,3081-03-06 00:00:00
JUG_00843,STR_0041,returned_to_store,3081-05-27 00:00:00
JUG_00843,HUB_AURORA,washed,3081-05-31 00:00:00
JUG_00843,STR_0021,purchased,3081-06-13 00:00:00
JUG_00843,STR_0021,returned_to_store,3081-08-18 00:00:00
JUG_00843,HUB_AURORA,washed,3081-08-21 00:00:00
JUG_00844,STR_0024,purchased,3081-09-08 00:00:00
JUG_00844,STR_0024,returned_to_store,3081-11-11 00:00:00
JUG_00844,HUB_AURORA,washed,3081-11-14 00:00:00
JUG_00844,STR_0030,purchased,3081-11-25 00:00:00
JUG_00844,STR_0030,returned_to_store,3082-02-07 00:00:00
JUG_00844,HUB_AURORA,washed,3082-02-11 00:00:00
JUG_00844,STR_0048,purchased,3082-03-07 00:00:00
JUG_00844,STR_0048,returned_to_store,3082-06-01 00:00:00
JUG_00844,HUB_AURORA,washed,3082-06-04 00:00:00
JUG_00844,STR_0008,purchased,3082-06-18 00:00:00
JUG_00844,STR_0008,returned_to_store,3082-09-24 00:00:00
JUG_00844,HUB_AURORA,washed,3082-09-29 00:00:00
JUG_00844,STR_0040,purchased,3082-10-12 00:00:00
JUG_00844,STR_0040,returned_to_store,3083-01-05 00:00:00
JUG_00844,HUB_AURORA,washed,3083-01-09 00:00:00
JUG_00844,STR_0022,purchased,3083-01-27 00:00:00
JUG_00844,STR_0022,returned_to_store,3083-03-28 00:00:00
JUG_00844,HUB_AURORA,washed,3083-03-31 00:00:00
JUG_00845,STR_0021,purchased,3083-04-20 00:00:00
JUG_00845,STR_0021,returned_to_store,3083-06-10 00:00:00
JUG_00845,HUB_AURORA,washed,3083-06-12 00:00:00
JUG_00845,STR_0032,purchased,3083-07-12 00:00:00
JUG_00845,UNKNOWN,lost_to_leakage,3083-09-25 00:00:00
JUG_00846,STR_0039,purchased,3083-10-09 00:00:00
JUG_00846,STR_0039,returned_to_store,3084-01-14 00:00:00
JUG_00846,HUB_AURORA,washed,3084-01-19 00:00:00
JUG_00846,STR_0038,purchased,3084-02-07 00:00:00
JUG_00846,STR_0038,returned_to_store,3084-04-15 00:00:00
JUG_00846,HUB_AURORA,washed,3084-04-17 00:00:00
JUG_00846,STR_0033,purchased,3084-05-06 00:00:00
JUG_00846,STR_0033,returned_to_store,3084-07-15 00:00:00
JUG_00846,HUB_AURORA,washed,3084-07-20 00:00:00
JUG_00846,STR_0029,purchased,3084-08-01 00:00:00
JUG_00846,STR_0029,returned_to_store,3084-11-05 00:00:00
JUG_00846,HUB_AURORA,washed,3084-11-10 00:00:00
JUG_00846,STR_0009,purchased,3084-11-21 00:00:00
JUG_00846,STR_0009,returned_to_store,3085-02-23 00:00:00
JUG_00846,HUB_AURORA,washed,3085-02-27 00:00:00
JUG_00846,STR_0017,purchased,3085-03-12 00:00:00
JUG_00846,STR_0017,returned_to_store,3085-06-10 00:00:00
JUG_00846,HUB_AURORA,washed,3085-06-12 00:00:00
JUG_00846,STR_0011,purchased,3085-07-11 00:00:00
JUG_00846,STR_0011,returned_to_store,3085-09-19 00:00:00
JUG_00846,HUB_AURORA,washed,3085-09-23 00:00:00
JUG_00847,STR_0037,purchased,3085-10-17 00:00:00
JUG_00847,STR_0037,returned_to_store,3085-12-13 00:00:00
JUG_00847,HUB_AURORA,washed,3085-12-17 00:00:00
JUG_00847,STR_0027,purchased,3086-01-03 00:00:00
JUG_00847,STR_0027,returned_to_store,3086-03-25 00:00:00
JUG_00847,HUB_AURORA,washed,3086-03-30 00:00:00
JUG_00847,STR_0012,purchased,3086-04-10 00:00:00
JUG_00847,STR_0012,returned_to_store,3086-06-09 00:00:00
JUG_00847,HUB_AURORA,washed,3086-06-12 00:00:00
JUG_00847,STR_0000,purchased,3086-07-02 00:00:00
JUG_00847,STR_0000,returned_to_store,3086-10-12 00:00:00
JUG_00847,HUB_AURORA,washed,3086-10-15 00:00:00
JUG_00847,STR_0021,purchased,3086-10-30 00:00:00
JUG_00847,STR_0021,returned_to_store,3087-01-22 00:00:00
JUG_00847,HUB_AURORA,washed,3087-01-25 00:00:00
JUG_00847,STR_0006,purchased,3087-02-21 00:00:00
JUG_00847,STR_0006,returned_to_store,3087-04-12 00:00:00
JUG_00847,HUB_AURORA,washed,3087-04-14 00:00:00
JUG_00847,STR_0021,purchased,3087-04-23 00:00:00
JUG_00847,UNKNOWN,lost_to_leakage,3087-07-19 00:00:00
JUG_00848,STR_0010,purchased,3087-08-04 00:00:00
JUG_00848,STR_0010,returned_to_store,3087-11-06 00:00:00
JUG_00848,HUB_AURORA,washed,3087-11-11 00:00:00
JUG_00848,STR_0023,purchased,3087-11-18 00:00:00
JUG_00848,STR_0023,returned_to_store,3088-02-09 00:00:00
JUG_00848,HUB_AURORA,washed,3088-02-12 00:00:00
JUG_00848,STR_0038,purchased,3088-02-19 00:00:00
JUG_00848,STR_0038,returned_to_store,3088-05-11 00:00:00
JUG_00848,HUB_AURORA,washed,3088-05-13 00:00:00
JUG_00848,STR_0045,purchased,3088-06-03 00:00:00
JUG_00848,STR_0045,returned_to_store,3088-08-19 00:00:00
JUG_00848,HUB_AURORA,washed,3088-08-22 00:00:00
JUG_00849,STR_0025,purchased,3088-09-13 00:00:00
JUG_00849,UNKNOWN,lost_to_leakage,3088-11-08 00:00:00
JUG_00850,STR_0012,purchased,3088-11-23 00:00:00
JUG_00850,STR_0012,returned_to_store,3089-01-23 00:00:00
JUG_00850,HUB_AURORA,washed,3089-01-28 00:00:00
JUG_00850,STR_0040,purchased,3089-02-17 00:00:00
JUG_00850,STR_0040,returned_to_store,3089-05-15 00:00:00
JUG_00850,HUB_AURORA,washed,3089-05-19 00:00:00
JUG_00850,STR_0041,purchased,3089-06-04 00:00:00
JUG_00850,STR_0041,returned_to_store,3089-07-28 00:00:00
JUG_00850,HUB_AURORA,washed,3089-07-30 00:00:00
JUG_00850,STR_0030,purchased,3089-08-22 00:00:00
JUG_00850,STR_0030,returned_to_store,3089-10-16 00:00:00
JUG_00850,HUB_AURORA,washed,3089-10-21 00:00:00
JUG_00850,STR_0041,purchased,3089-11-19 00:00:00
JUG_00850,STR_0041,returned_to_store,3090-01-25 00:00:00
JUG_00850,HUB_AURORA,washed,3090-01-27 00:00:00
JUG_00851,STR_0017,purchased,3090-02-26 00:00:00
JUG_00851,STR_0017,returned_to_store,3090-05-04 00:00:00
JUG_00851,HUB_AURORA,washed,3090-05-08 00:00:00
JUG_00851,STR_0047,purchased,3090-05-21 00:00:00
JUG_00851,STR_0047,returned_to_store,3090-08-07 00:00:00
JUG_00851,HUB_AURORA,washed,3090-08-10 00:00:00
JUG_00851,STR_0004,purchased,3090-08-25 00:00:00
JUG_00851,STR_0004,returned_to_store,3090-10-23 00:00:00
JUG_00851,HUB_AURORA,washed,3090-10-26 00:00:00
JUG_00851,STR_0002,purchased,3090-11-12 00:00:00
JUG_00851,STR_0002,returned_to_store,3091-01-17 00:00:00
JUG_00851,HUB_AURORA,washed,3091-01-20 00:00:00
JUG_00851,STR_0020,purchased,3091-02-14 00:00:00
JUG_00851,STR_0020,returned_to_store,3091-05-11 00:00:00
JUG_00851,HUB_AURORA,washed,3091-05-16 00:00:00
JUG_00851,STR_0016,purchased,3091-06-01 00:00:00
JUG_00851,STR_0016,returned_to_store,3091-08-20 00:00:00
JUG_00851,HUB_AURORA,washed,3091-08-25 00:00:00
JUG_00852,STR_0027,purchased,3091-09-04 00:00:00
JUG_00852,STR_0027,returned_to_store,3091-11-23 00:00:00
JUG_00852,HUB_AURORA,washed,3091-11-26 00:00:00
JUG_00852,STR_0017,purchased,3091-12-06 00:00:00
JUG_00852,STR_0017,returned_to_store,3092-02-09 00:00:00
JUG_00852,HUB_AURORA,washed,3092-02-14 00:00:00
JUG_00852,STR_0047,purchased,3092-03-08 00:00:00
JUG_00852,STR_0047,returned_to_store,3092-05-22 00:00:00
JUG_00852,HUB_AURORA,washed,3092-05-25 00:00:00
JUG_00853,STR_0002,purchased,3092-06-20 00:00:00
JUG_00853,STR_0002,returned_to_store,3092-09-08 00:00:00
JUG_00853,HUB_AURORA,washed,3092-09-11 00:00:00
JUG_00853,STR_0013,purchased,3092-10-05 00:00:00
JUG_00853,STR_0013,returned_to_store,3092-12-14 00:00:00
JUG_00853,HUB_AURORA,washed,3092-12-17 00:00:00
JUG_00853,STR_0038,purchased,3092-12-31 00:00:00
JUG_00853,STR_0038,returned_to_store,3093-03-04 00:00:00
JUG_00853,HUB_AURORA,washed,3093-03-07 00:00:00
JUG_00853,STR_0028,purchased,3093-04-05 00:00:00
JUG_00853,STR_0028,returned_to_store,3093-06-12 00:00:00
JUG_00853,HUB_AURORA,washed,3093-06-15 00:00:00
JUG_00853,STR_0044,purchased,3093-06-26 00:00:00
JUG_00853,STR_0044,returned_to_store,3093-09-02 00:00:00
JUG_00853,HUB_AURORA,washed,3093-09-05 00:00:00
JUG_00853,STR_0021,purchased,3093-09-21 00:00:00
JUG_00853,UNKNOWN,lost_to_leakage,3093-12-28 00:00:00
JUG_00854,STR_0025,purchased,3094-01-23 00:00:00
JUG_00854,STR_0025,returned_to_store,3094-03-26 00:00:00
JUG_00854,HUB_AURORA,washed,3094-03-30 00:00:00
JUG_00854,STR_0012,purchased,3094-04-13 00:00:00
JUG_00854,STR_0012,returned_to_store,3094-07-16 00:00:00
JUG_00854,HUB_AURORA,washed,3094-07-21 00:00:00
JUG_00854,STR_0028,purchased,3094-08-06 00:00:00
JUG_00854,STR_0028,returned_to_store,3094-10-25 00:00:00
JUG_00854,HUB_AURORA,washed,3094-10-28 00:00:00
JUG_00854,STR_0042,purchased,3094-11-27 00:00:00
JUG_00854,STR_0042,returned_to_store,3095-02-13 00:00:00
JUG_00854,HUB_AURORA,washed,3095-02-18 00:00:00
JUG_00854,STR_0035,purchased,3095-03-14 00:00:00
JUG_00854,STR_0035,returned_to_store,3095-06-17 00:00:00
JUG_00854,HUB_AURORA,washed,3095-06-22 00:00:00
JUG_00855,STR_0028,purchased,3095-07-19 00:00:00
JUG_00855,UNKNOWN,lost_to_leakage,3095-10-21 00:00:00
JUG_00856,STR_0014,purchased,3095-11-04 00:00:00
JUG_00856,STR_0014,returned_to_store,3096-02-05 00:00:00
JUG_00856,HUB_AURORA,washed,3096-02-08 00:00:00
JUG_00856,STR_0005,purchased,3096-02-21 00:00:00
JUG_00856,STR_0005,returned_to_store,3096-04-30 00:00:00
JUG_00856,HUB_AURORA,washed,3096-05-03 00:00:00
JUG_00856,STR_0013,purchased,3096-06-02 00:00:00
JUG_00856,STR_0013,returned_to_store,3096-08-08 00:00:00
JUG_00856,HUB_AURORA,washed,3096-08-10 00:00:00
JUG_00856,STR_0035,purchased,3096-08-31 00:00:00
JUG_00856,STR_0035,returned_to_store,3096-11-28 00:00:00
JUG_00856,HUB_AURORA,washed,3096-12-03 00:00:00
JUG_00856,STR_0039,purchased,3096-12-10 00:00:00
JUG_00856,STR_0039,returned_to_store,3097-02-14 00:00:00
JUG_00856,HUB_AURORA,washed,3097-02-18 00:00:00
JUG_00856,STR_0032,purchased,3097-03-09 00:00:00
JUG_00856,STR_0032,returned_to_store,3097-05-27 00:00:00
JUG_00856,HUB_AURORA,washed,3097-05-30 00:00:00
JUG_00856,STR_0007,purchased,3097-06-27 00:00:00
JUG_00856,STR_0007,returned_to_store,3097-08-31 00:00:00
JUG_00856,HUB_AURORA,washed,3097-09-04 00:00:00
JUG_00856,STR_0011,purchased,3097-09-12 00:00:00
JUG_00856,STR_0011,returned_to_store,3097-11-27 00:00:00
JUG_00856,HUB_AURORA,washed,3097-12-02 00:00:00
JUG_00857,STR_0018,purchased,3097-12-27 00:00:00
JUG_00857,STR_0018,returned_to_store,3098-03-17 00:00:00
JUG_00857,HUB_AURORA,washed,3098-03-22 00:00:00
JUG_00857,STR_0027,purchased,3098-04-20 00:00:00
JUG_00857,STR_0027,returned_to_store,3098-06-20 00:00:00
JUG_00857,HUB_AURORA,washed,3098-06-22 00:00:00
JUG_00857,STR_0004,purchased,3098-07-08 00:00:00
JUG_00857,STR_0004,returned_to_store,3098-10-05 00:00:00
JUG_00857,HUB_AURORA,washed,3098-10-09 00:00:00
JUG_00857,STR_0003,purchased,3098-11-04 00:00:00
JUG_00857,STR_0003,returned_to_store,3099-01-15 00:00:00
JUG_00857,HUB_AURORA,washed,3099-01-19 00:00:00
JUG_00857,STR_0039,purchased,3099-02-08 00:00:00
JUG_00857,UNKNOWN,lost_to_leakage,3099-04-09 00:00:00
JUG_00858,STR_0009,purchased,3099-04-24 00:00:00
JUG_00858,STR_0009,returned_to_store,3099-07-02 00:00:00
JUG_00858,HUB_AURORA,washed,3099-07-04 00:00:00
JUG_00858,STR_0012,purchased,3099-07-25 00:00:00
JUG_00858,UNKNOWN,lost_to_leakage,3099-09-25 00:00:00
JUG_00859,STR_0026,purchased,3099-10-09 00:00:00
JUG_00859,STR_0026,returned_to_store,3099-12-11 00:00:00
JUG_00859,HUB_AURORA,washed,3099-12-13 00:00:00
JUG_00859,STR_0023,purchased,3099-12-31 00:00:00
JUG_00859,STR_0023,returned_to_store,3100-03-15 00:00:00
JUG_00859,HUB_AURORA,washed,3100-03-19 00:00:00
JUG_00859,STR_0037,purchased,3100-04-18 00:00:00
JUG_00859,STR_0037,returned_to_store,3100-07-07 00:00:00
JUG_00859,HUB_AURORA,washed,3100-07-10 00:00:00
JUG_00859,STR_0023,purchased,3100-07-22 00:00:00
JUG_00859,STR_0023,returned_to_store,3100-10-09 00:00:00
JUG_00859,HUB_AURORA,washed,3100-10-11 00:00:00
JUG_00859,STR_0045,purchased,3100-10-22 00:00:00
JUG_00859,STR_0045,returned_to_store,3100-12-20 00:00:00
JUG_00859,HUB_AURORA,washed,3100-12-24 00:00:00
JUG_00860,STR_0048,purchased,3101-01-22 00:00:00
JUG_00860,STR_0048,returned_to_store,3101-04-27 00:00:00
JUG_00860,HUB_AURORA,washed,3101-05-01 00:00:00
JUG_00860,STR_0046,purchased,3101-05-19 00:00:00
JUG_00860,UNKNOWN,lost_to_leakage,3101-07-19 00:00:00
JUG_00861,STR_0017,purchased,3101-08-14 00:00:00
JUG_00861,STR_0017,returned_to_store,3101-11-13 00:00:00
JUG_00861,HUB_AURORA,washed,3101-11-16 00:00:00
JUG_00861,STR_0019,purchased,3101-11-28 00:00:00
JUG_00861,STR_0019,returned_to_store,3102-01-31 00:00:00
JUG_00861,HUB_AURORA,washed,3102-02-04 00:00:00
JUG_00861,STR_0014,purchased,3102-02-13 00:00:00
JUG_00861,STR_0014,returned_to_store,3102-05-09 00:00:00
JUG_00861,HUB_AURORA,washed,3102-05-14 00:00:00
JUG_00861,STR_0033,purchased,3102-05-24 00:00:00
JUG_00861,STR_0033,returned_to_store,3102-08-20 00:00:00
JUG_00861,HUB_AURORA,washed,3102-08-22 00:00:00
JUG_00861,STR_0040,purchased,3102-09-09 00:00:00
JUG_00861,STR_0040,returned_to_store,3102-12-05 00:00:00
JUG_00861,HUB_AURORA,washed,3102-12-09 00:00:00
JUG_00861,STR_0024,purchased,3103-01-08 00:00:00
JUG_00861,STR_0024,returned_to_store,3103-04-04 00:00:00
JUG_00861,HUB_AURORA,washed,3103-04-08 00:00:00
JUG_00861,STR_0043,purchased,3103-04-22 00:00:00
JUG_00861,STR_0043,returned_to_store,3103-07-06 00:00:00
JUG_00861,HUB_AURORA,washed,3103-07-09 00:00:00
JUG_00862,STR_0027,purchased,3103-07-24 00:00:00
JUG_00862,STR_0027,returned_to_store,3103-09-23 00:00:00
JUG_00862,HUB_AURORA,washed,3103-09-25 00:00:00
JUG_00862,STR_0022,purchased,3103-10-21 00:00:00
JUG_00862,STR_0022,returned_to_store,3104-01-18 00:00:00
JUG_00862,HUB_AURORA,washed,3104-01-21 00:00:00
JUG_00862,STR_0036,purchased,3104-02-09 00:00:00
JUG_00862,UNKNOWN,lost_to_leakage,3104-05-05 00:00:00
JUG_00863,STR_0010,purchased,3104-05-28 00:00:00
JUG_00863,STR_0010,returned_to_store,3104-08-13 00:00:00
JUG_00863,HUB_AURORA,washed,3104-08-15 00:00:00
JUG_00863,STR_0045,purchased,3104-09-07 00:00:00
JUG_00863,STR_0045,returned_to_store,3104-11-20 00:00:00
JUG_00863,HUB_AURORA,washed,3104-11-25 00:00:00
JUG_00863,STR_0026,purchased,3104-12-20 00:00:00
JUG_00863,STR_0026,returned_to_store,3105-03-26 00:00:00
JUG_00863,HUB_AURORA,washed,3105-03-28 00:00:00
JUG_00863,STR_0037,purchased,3105-04-12 00:00:00
JUG_00863,STR_0037,returned_to_store,3105-06-11 00:00:00
JUG_00863,HUB_AURORA,washed,3105-06-14 00:00:00
JUG_00863,STR_0019,purchased,3105-07-01 00:00:00
JUG_00863,STR_0019,returned_to_store,3105-09-21 00:00:00
JUG_00863,HUB_AURORA,washed,3105-09-25 00:00:00
JUG_00863,STR_0010,purchased,3105-10-18 00:00:00
JUG_00863,STR_0010,returned_to_store,3106-01-01 00:00:00
JUG_00863,HUB_AURORA,washed,3106-01-06 00:00:00
JUG_00864,STR_0044,purchased,3106-02-05 00:00:00
JUG_00864,STR_0044,returned_to_store,3106-04-19 00:00:00
JUG_00864,HUB_AURORA,washed,3106-04-22 00:00:00
JUG_00864,STR_0040,purchased,3106-05-04 00:00:00
JUG_00864,STR_0040,returned_to_store,3106-07-27 00:00:00
JUG_00864,HUB_AURORA,washed,3106-07-31 00:00:00
JUG_00864,STR_0030,purchased,3106-08-21 00:00:00
JUG_00864,STR_0030,returned_to_store,3106-10-24 00:00:00
JUG_00864,HUB_AURORA,washed,3106-10-27 00:00:00
JUG_00864,STR_0004,purchased,3106-11-21 00:00:00
JUG_00864,STR_0004,returned_to_store,3107-01-18 00:00:00
JUG_00864,HUB_AURORA,washed,3107-01-22 00:00:00
JUG_00864,STR_0002,purchased,3107-02-18 00:00:00
JUG_00864,STR_0002,returned_to_store,3107-05-03 00:00:00
JUG_00864,HUB_AURORA,washed,3107-05-06 00:00:00
JUG_00864,STR_0041,purchased,3107-05-26 00:00:00
JUG_00864,STR_0041,returned_to_store,3107-07-25 00:00:00
JUG_00864,HUB_AURORA,washed,3107-07-30 00:00:00
JUG_00864,STR_0010,purchased,3107-08-28 00:00:00
JUG_00864,STR_0010,returned_to_store,3107-11-07 00:00:00
JUG_00864,HUB_AURORA,washed,3107-11-12 00:00:00
JUG_00864,STR_0040,purchased,3107-11-25 00:00:00
JUG_00864,STR_0040,returned_to_store,3108-02-16 00:00:00
JUG_00864,HUB_AURORA,washed,3108-02-21 00:00:00
JUG_00864,STR_0032,purchased,3108-03-17 00:00:00
JUG_00864,STR_0032,returned_to_store,3108-06-10 00:00:00
JUG_00864,HUB_AURORA,washed,3108-06-15 00:00:00
JUG_00865,STR_0045,purchased,3108-07-06 00:00:00
JUG_00865,STR_0045,returned_to_store,3108-09-25 00:00:00
JUG_00865,HUB_AURORA,washed,3108-09-30 00:00:00
JUG_00865,STR_0006,purchased,3108-10-19 00:00:00
JUG_00865,STR_0006,returned_to_store,3108-12-10 00:00:00
JUG_00865,HUB_AURORA,washed,3108-12-13 00:00:00
JUG_00865,STR_0038,purchased,3108-12-22 00:00:00
JUG_00865,STR_0038,returned_to_store,3109-03-07 00:00:00
JUG_00865,HUB_AURORA,washed,3109-03-11 00:00:00
JUG_00865,STR_0027,purchased,3109-03-28 00:00:00
JUG_00865,STR_0027,returned_to_store,3109-06-23 00:00:00
JUG_00865,HUB_AURORA,washed,3109-06-26 00:00:00
JUG_00865,STR_0040,purchased,3109-07-11 00:00:00
JUG_00865,STR_0040,returned_to_store,3109-09-11 00:00:00
JUG_00865,HUB_AURORA,washed,3109-09-16 00:00:00
JUG_00865,STR_0021,purchased,3109-10-10 00:00:00
JUG_00865,STR_0021,returned_to_store,3109-12-05 00:00:00
JUG_00865,HUB_AURORA,washed,3109-12-07 00:00:00
JUG_00865,STR_0020,purchased,3109-12-21 00:00:00
JUG_00865,UNKNOWN,lost_to_leakage,3110-02-10 00:00:00
JUG_00866,STR_0002,purchased,3110-02-27 00:00:00
JUG_00866,STR_0002,returned_to_store,3110-04-30 00:00:00
JUG_00866,HUB_AURORA,washed,3110-05-03 00:00:00
JUG_00866,STR_0007,purchased,3110-05-30 00:00:00
JUG_00866,STR_0007,returned_to_store,3110-09-01 00:00:00
JUG_00866,HUB_AURORA,washed,3110-09-03 00:00:00
JUG_00866,STR_0028,purchased,3110-09-19 00:00:00
JUG_00866,UNKNOWN,lost_to_leakage,3110-12-15 00:00:00
JUG_00867,STR_0025,purchased,3111-01-08 00:00:00
JUG_00867,STR_0025,returned_to_store,3111-03-16 00:00:00
JUG_00867,HUB_AURORA,washed,3111-03-18 00:00:00
JUG_00867,STR_0040,purchased,3111-03-31 00:00:00
JUG_00867,STR_0040,returned_to_store,3111-06-28 00:00:00
JUG_00867,HUB_AURORA,washed,3111-07-02 00:00:00
JUG_00867,STR_0018,purchased,3111-07-09 00:00:00
JUG_00867,STR_0018,returned_to_store,3111-10-09 00:00:00
JUG_00867,HUB_AURORA,washed,3111-10-12 00:00:00
JUG_00867,STR_0047,purchased,3111-11-11 00:00:00
JUG_00867,STR_0047,returned_to_store,3112-02-04 00:00:00
JUG_00867,HUB_AURORA,washed,3112-02-06 00:00:00
JUG_00867,STR_0048,purchased,3112-02-22 00:00:00
JUG_00867,STR_0048,returned_to_store,3112-05-26 00:00:00
JUG_00867,HUB_AURORA,washed,3112-05-28 00:00:00
JUG_00867,STR_0001,purchased,3112-06-19 00:00:00
JUG_00867,STR_0001,returned_to_store,3112-08-19 00:00:00
JUG_00867,HUB_AURORA,washed,3112-08-24 00:00:00
JUG_00868,STR_0044,purchased,3112-09-15 00:00:00
JUG_00868,STR_0044,returned_to_store,3112-11-29 00:00:00
JUG_00868,HUB_AURORA,washed,3112-12-04 00:00:00
JUG_00868,STR_0014,purchased,3112-12-29 00:00:00
JUG_00868,STR_0014,returned_to_store,3113-03-18 00:00:00
JUG_00868,HUB_AURORA,washed,3113-03-21 00:00:00
JUG_00868,STR_0025,purchased,3113-04-09 00:00:00
JUG_00868,STR_0025,returned_to_store,3113-06-22 00:00:00
JUG_00868,HUB_AURORA,washed,3113-06-27 00:00:00
JUG_00868,STR_0040,purchased,3113-07-14 00:00:00
JUG_00868,STR_0040,returned_to_store,3113-09-21 00:00:00
JUG_00868,HUB_AURORA,washed,3113-09-25 00:00:00
JUG_00868,STR_0048,purchased,3113-10-08 00:00:00
JUG_00868,STR_0048,returned_to_store,3113-12-05 00:00:00
JUG_00868,HUB_AURORA,washed,3113-12-07 00:00:00
JUG_00868,STR_0042,purchased,3114-01-06 00:00:00
JUG_00868,UNKNOWN,lost_to_leakage,3114-03-22 00:00:00
JUG_00869,STR_0045,purchased,3114-04-07 00:00:00
JUG_00869,STR_0045,returned_to_store,3114-07-02 00:00:00
JUG_00869,HUB_AURORA,washed,3114-07-05 00:00:00
JUG_00869,STR_0001,purchased,3114-08-01 00:00:00
JUG_00869,STR_0001,returned_to_store,3114-10-23 00:00:00
JUG_00869,HUB_AURORA,washed,3114-10-27 00:00:00
JUG_00869,STR_0013,purchased,3114-11-20 00:00:00
JUG_00869,STR_0013,returned_to_store,3115-02-05 00:00:00
JUG_00869,HUB_AURORA,washed,3115-02-10 00:00:00
JUG_00869,STR_0027,purchased,3115-02-26 00:00:00
JUG_00869,STR_0027,returned_to_store,3115-04-26 00:00:00
JUG_00869,HUB_AURORA,washed,3115-04-30 00:00:00
JUG_00869,STR_0001,purchased,3115-05-07 00:00:00
JUG_00869,STR_0001,returned_to_store,3115-08-01 00:00:00
JUG_00869,HUB_AURORA,washed,3115-08-04 00:00:00
JUG_00869,STR_0045,purchased,3115-08-20 00:00:00
JUG_00869,STR_0045,returned_to_store,3115-10-22 00:00:00
JUG_00869,HUB_AURORA,washed,3115-10-27 00:00:00
JUG_00869,STR_0038,purchased,3115-11-26 00:00:00
JUG_00869,STR_0038,returned_to_store,3116-02-11 00:00:00
JUG_00869,HUB_AURORA,washed,3116-02-16 00:00:00
JUG_00869,STR_0038,purchased,3116-02-28 00:00:00
JUG_00869,STR_0038,returned_to_store,3116-05-02 00:00:00
JUG_00869,HUB_AURORA,washed,3116-05-05 00:00:00
JUG_00869,STR_0004,purchased,3116-05-31 00:00:00
JUG_00869,STR_0004,returned_to_store,3116-08-06 00:00:00
JUG_00869,HUB_AURORA,washed,3116-08-08 00:00:00
JUG_00869,STR_0024,purchased,3116-09-02 00:00:00
JUG_00869,STR_0024,returned_to_store,3116-10-26 00:00:00
JUG_00869,HUB_AURORA,washed,3116-10-31 00:00:00
JUG_00870,STR_0023,purchased,3116-11-08 00:00:00
JUG_00870,STR_0023,returned_to_store,3117-02-06 00:00:00
JUG_00870,HUB_AURORA,washed,3117-02-08 00:00:00
JUG_00870,STR_0049,purchased,3117-03-09 00:00:00
JUG_00870,STR_0049,returned_to_store,3117-05-28 00:00:00
JUG_00870,HUB_AURORA,washed,3117-05-31 00:00:00
JUG_00870,STR_0041,purchased,3117-06-17 00:00:00
JUG_00870,STR_0041,returned_to_store,3117-08-07 00:00:00
JUG_00870,HUB_AURORA,washed,3117-08-10 00:00:00
JUG_00870,STR_0023,purchased,3117-09-07 00:00:00
JUG_00870,STR_0023,returned_to_store,3117-11-30 00:00:00
JUG_00870,HUB_AURORA,washed,3117-12-04 00:00:00
JUG_00870,STR_0022,purchased,3117-12-22 00:00:00
JUG_00870,STR_0022,returned_to_store,3118-03-15 00:00:00
JUG_00870,HUB_AURORA,washed,3118-03-18 00:00:00
JUG_00870,STR_0033,purchased,3118-04-01 00:00:00
JUG_00870,STR_0033,returned_to_store,3118-05-31 00:00:00
JUG_00870,HUB_AURORA,washed,3118-06-04 00:00:00
JUG_00870,STR_0033,purchased,3118-07-04 00:00:00
JUG_00870,STR_0033,returned_to_store,3118-09-01 00:00:00
JUG_00870,HUB_AURORA,washed,3118-09-04 00:00:00
JUG_00871,STR_0047,purchased,3118-09-25 00:00:00
JUG_00871,STR_0047,returned_to_store,3118-11-29 00:00:00
JUG_00871,HUB_AURORA,washed,3118-12-01 00:00:00
JUG_00871,STR_0006,purchased,3118-12-13 00:00:00
JUG_00871,STR_0006,returned_to_store,3119-02-08 00:00:00
JUG_00871,HUB_AURORA,washed,3119-02-11 00:00:00
JUG_00871,STR_0012,purchased,3119-02-21 00:00:00
JUG_00871,STR_0012,returned_to_store,3119-05-06 00:00:00
JUG_00871,HUB_AURORA,washed,3119-05-08 00:00:00
JUG_00871,STR_0044,purchased,3119-05-29 00:00:00
JUG_00871,STR_0044,returned_to_store,3119-08-04 00:00:00
JUG_00871,HUB_AURORA,washed,3119-08-07 00:00:00
JUG_00871,STR_0008,purchased,3119-08-21 00:00:00
JUG_00871,UNKNOWN,lost_to_leakage,3119-11-07 00:00:00
JUG_00872,STR_0046,purchased,3119-11-14 00:00:00
JUG_00872,STR_0046,returned_to_store,3120-01-11 00:00:00
JUG_00872,HUB_AURORA,washed,3120-01-15 00:00:00
JUG_00872,STR_0002,purchased,3120-02-07 00:00:00
JUG_00872,STR_0002,returned_to_store,3120-04-20 00:00:00
JUG_00872,HUB_AURORA,washed,3120-04-25 00:00:00
JUG_00872,STR_0037,purchased,3120-05-13 00:00:00
JUG_00872,STR_0037,returned_to_store,3120-08-22 00:00:00
JUG_00872,HUB_AURORA,washed,3120-08-26 00:00:00
JUG_00872,STR_0020,purchased,3120-09-18 00:00:00
JUG_00872,STR_0020,returned_to_store,3120-12-19 00:00:00
JUG_00872,HUB_AURORA,washed,3120-12-22 00:00:00
JUG_00872,STR_0027,purchased,3120-12-30 00:00:00
JUG_00872,STR_0027,returned_to_store,3121-03-19 00:00:00
JUG_00872,HUB_AURORA,washed,3121-03-21 00:00:00
JUG_00872,STR_0042,purchased,3121-04-19 00:00:00
JUG_00872,STR_0042,returned_to_store,3121-06-13 00:00:00
JUG_00872,HUB_AURORA,washed,3121-06-18 00:00:00
JUG_00873,STR_0033,purchased,3121-06-26 00:00:00
JUG_00873,STR_0033,returned_to_store,3121-09-13 00:00:00
JUG_00873,HUB_AURORA,washed,3121-09-17 00:00:00
JUG_00873,STR_0042,purchased,3121-09-30 00:00:00
JUG_00873,STR_0042,returned_to_store,3121-12-10 00:00:00
JUG_00873,HUB_AURORA,washed,3121-12-14 00:00:00
JUG_00873,STR_0001,purchased,3121-12-26 00:00:00
JUG_00873,STR_0001,returned_to_store,3122-03-10 00:00:00
JUG_00873,HUB_AURORA,washed,3122-03-14 00:00:00
JUG_00873,STR_0025,purchased,3122-04-10 00:00:00
JUG_00873,STR_0025,returned_to_store,3122-06-24 00:00:00
JUG_00873,HUB_AURORA,washed,3122-06-28 00:00:00
JUG_00873,STR_0037,purchased,3122-07-13 00:00:00
JUG_00873,STR_0037,returned_to_store,3122-10-21 00:00:00
JUG_00873,HUB_AURORA,washed,3122-10-24 00:00:00
JUG_00873,STR_0035,purchased,3122-11-20 00:00:00
JUG_00873,STR_0035,returned_to_store,3123-02-05 00:00:00
JUG_00873,HUB_AURORA,washed,3123-02-10 00:00:00
JUG_00874,STR_0010,purchased,3123-02-28 00:00:00
JUG_00874,STR_0010,returned_to_store,3123-05-16 00:00:00
JUG_00874,HUB_AURORA,washed,3123-05-20 00:00:00
JUG_00874,STR_0004,purchased,3123-05-27 00:00:00
JUG_00874,STR_0004,returned_to_store,3123-08-20 00:00:00
JUG_00874,HUB_AURORA,washed,3123-08-23 00:00:00
JUG_00874,STR_0002,purchased,3123-09-14 00:00:00
JUG_00874,STR_0002,returned_to_store,3123-12-18 00:00:00
JUG_00874,HUB_AURORA,washed,3123-12-21 00:00:00
JUG_00874,STR_0025,purchased,3124-01-05 00:00:00
JUG_00874,STR_0025,returned_to_store,3124-02-24 00:00:00
JUG_00874,HUB_AURORA,washed,3124-02-26 00:00:00
JUG_00875,STR_0042,purchased,3124-03-04 00:00:00
JUG_00875,STR_0042,returned_to_store,3124-05-04 00:00:00
JUG_00875,HUB_AURORA,washed,3124-05-08 00:00:00
JUG_00875,STR_0014,purchased,3124-05-19 00:00:00
JUG_00875,STR_0014,returned_to_store,3124-07-20 00:00:00
JUG_00875,HUB_AURORA,washed,3124-07-22 00:00:00
JUG_00875,STR_0013,purchased,3124-07-29 00:00:00
JUG_00875,UNKNOWN,lost_to_leakage,3124-10-29 00:00:00
JUG_00876,STR_0026,purchased,3124-11-20 00:00:00
JUG_00876,STR_0026,returned_to_store,3125-02-18 00:00:00
JUG_00876,HUB_AURORA,washed,3125-02-21 00:00:00
JUG_00876,STR_0039,purchased,3125-03-18 00:00:00
JUG_00876,STR_0039,returned_to_store,3125-06-24 00:00:00
JUG_00876,HUB_AURORA,washed,3125-06-26 00:00:00
JUG_00876,STR_0023,purchased,3125-07-22 00:00:00
JUG_00876,STR_0023,returned_to_store,3125-10-22 00:00:00
JUG_00876,HUB_AURORA,washed,3125-10-26 00:00:00
JUG_00876,STR_0002,purchased,3125-11-02 00:00:00
JUG_00876,STR_0002,returned_to_store,3126-01-10 00:00:00
JUG_00876,HUB_AURORA,washed,3126-01-13 00:00:00
JUG_00876,STR_0043,purchased,3126-02-12 00:00:00
JUG_00876,STR_0043,returned_to_store,3126-04-22 00:00:00
JUG_00876,HUB_AURORA,washed,3126-04-26 00:00:00
JUG_00876,STR_0010,purchased,3126-05-21 00:00:00
JUG_00876,STR_0010,returned_to_store,3126-08-21 00:00:00
JUG_00876,HUB_AURORA,washed,3126-08-24 00:00:00
JUG_00876,STR_0048,purchased,3126-09-13 00:00:00
JUG_00876,UNKNOWN,lost_to_leakage,3126-11-13 00:00:00
JUG_00877,STR_0037,purchased,3126-11-28 00:00:00
JUG_00877,UNKNOWN,lost_to_leakage,3127-01-30 00:00:00
JUG_00878,STR_0040,purchased,3127-02-27 00:00:00
JUG_00878,STR_0040,returned_to_store,3127-05-09 00:00:00
JUG_00878,HUB_AURORA,washed,3127-05-14 00:00:00
JUG_00878,STR_0031,purchased,3127-06-07 00:00:00
JUG_00878,STR_0031,returned_to_store,3127-08-02 00:00:00
JUG_00878,HUB_AURORA,washed,3127-08-05 00:00:00
JUG_00878,STR_0010,purchased,3127-09-02 00:00:00
JUG_00878,STR_0010,returned_to_store,3127-11-22 00:00:00
JUG_00878,HUB_AURORA,washed,3127-11-26 00:00:00
JUG_00878,STR_0047,purchased,3127-12-18 00:00:00
JUG_00878,STR_0047,returned_to_store,3128-03-23 00:00:00
JUG_00878,HUB_AURORA,washed,3128-03-28 00:00:00
JUG_00878,STR_0045,purchased,3128-04-21 00:00:00
JUG_00878,STR_0045,returned_to_store,3128-06-25 00:00:00
JUG_00878,HUB_AURORA,washed,3128-06-28 00:00:00
JUG_00878,STR_0011,purchased,3128-07-24 00:00:00
JUG_00878,STR_0011,returned_to_store,3128-10-17 00:00:00
JUG_00878,HUB_AURORA,washed,3128-10-22 00:00:00
JUG_00879,STR_0048,purchased,3128-11-02 00:00:00
JUG_00879,STR_0048,returned_to_store,3128-12-30 00:00:00
JUG_00879,HUB_AURORA,washed,3129-01-02 00:00:00
JUG_00879,STR_0010,purchased,3129-01-09 00:00:00
JUG_00879,STR_0010,returned_to_store,3129-04-04 00:00:00
JUG_00879,HUB_AURORA,washed,3129-04-09 00:00:00
JUG_00879,STR_0010,purchased,3129-05-05 00:00:00
JUG_00879,STR_0010,returned_to_store,3129-07-09 00:00:00
JUG_00879,HUB_AURORA,washed,3129-07-12 00:00:00
JUG_00879,STR_0048,purchased,3129-07-31 00:00:00
JUG_00879,STR_0048,returned_to_store,3129-10-19 00:00:00
JUG_00879,HUB_AURORA,washed,3129-10-24 00:00:00
JUG_00879,STR_0049,purchased,3129-11-13 00:00:00
JUG_00879,STR_0049,returned_to_store,3130-02-20 00:00:00
JUG_00879,HUB_AURORA,washed,3130-02-23 00:00:00
JUG_00879,STR_0018,purchased,3130-03-22 00:00:00
JUG_00879,STR_0018,returned_to_store,3130-05-26 00:00:00
JUG_00879,HUB_AURORA,washed,3130-05-29 00:00:00
JUG_00879,STR_0011,purchased,3130-06-23 00:00:00
JUG_00879,STR_0011,returned_to_store,3130-08-23 00:00:00
JUG_00879,HUB_AURORA,washed,3130-08-28 00:00:00
JUG_00879,STR_0008,purchased,3130-09-04 00:00:00
JUG_00879,STR_0008,returned_to_store,3130-11-13 00:00:00
JUG_00879,HUB_AURORA,washed,3130-11-18 00:00:00
JUG_00880,STR_0045,purchased,3130-12-15 00:00:00
JUG_00880,STR_0045,returned_to_store,3131-02-11 00:00:00
JUG_00880,HUB_AURORA,washed,3131-02-14 00:00:00
JUG_00880,STR_0009,purchased,3131-03-01 00:00:00
JUG_00880,STR_0009,returned_to_store,3131-05-03 00:00:00
JUG_00880,HUB_AURORA,washed,3131-05-06 00:00:00
JUG_00880,STR_0006,purchased,3131-05-16 00:00:00
JUG_00880,STR_0006,returned_to_store,3131-07-10 00:00:00
JUG_00880,HUB_AURORA,washed,3131-07-15 00:00:00
JUG_00880,STR_0007,purchased,3131-07-31 00:00:00
JUG_00880,UNKNOWN,lost_to_leakage,3131-10-14 00:00:00
JUG_00881,STR_0030,purchased,3131-11-06 00:00:00
JUG_00881,STR_0030,returned_to_store,3132-02-08 00:00:00
JUG_00881,HUB_AURORA,washed,3132-02-13 00:00:00
JUG_00881,STR_0040,purchased,3132-02-23 00:00:00
JUG_00881,STR_0040,returned_to_store,3132-05-21 00:00:00
JUG_00881,HUB_AURORA,washed,3132-05-23 00:00:00
JUG_00881,STR_0015,purchased,3132-06-05 00:00:00
JUG_00881,STR_0015,returned_to_store,3132-08-20 00:00:00
JUG_00881,HUB_AURORA,washed,3132-08-24 00:00:00
JUG_00882,STR_0023,purchased,3132-09-04 00:00:00
JUG_00882,STR_0023,returned_to_store,3132-12-05 00:00:00
JUG_00882,HUB_AURORA,washed,3132-12-09 00:00:00
JUG_00882,STR_0031,purchased,3132-12-29 00:00:00
JUG_00882,STR_0031,returned_to_store,3133-03-08 00:00:00
JUG_00882,HUB_AURORA,washed,3133-03-13 00:00:00
JUG_00882,STR_0017,purchased,3133-03-21 00:00:00
JUG_00882,STR_0017,returned_to_store,3133-06-12 00:00:00
JUG_00882,HUB_AURORA,washed,3133-06-14 00:00:00
JUG_00882,STR_0037,purchased,3133-06-23 00:00:00
JUG_00882,STR_0037,returned_to_store,3133-09-06 00:00:00
JUG_00882,HUB_AURORA,washed,3133-09-10 00:00:00
JUG_00882,STR_0035,purchased,3133-10-08 00:00:00
JUG_00882,STR_0035,returned_to_store,3133-12-23 00:00:00
JUG_00882,HUB_AURORA,washed,3133-12-25 00:00:00
JUG_00882,STR_0008,purchased,3134-01-07 00:00:00
JUG_00882,UNKNOWN,lost_to_leakage,3134-03-31 00:00:00
JUG_00883,STR_0038,purchased,3134-04-21 00:00:00
JUG_00883,STR_0038,returned_to_store,3134-07-17 00:00:00
JUG_00883,HUB_AURORA,washed,3134-07-22 00:00:00
JUG_00883,STR_0007,purchased,3134-08-08 00:00:00
JUG_00883,STR_0007,returned_to_store,3134-10-18 00:00:00
JUG_00883,HUB_AURORA,washed,3134-10-21 00:00:00
JUG_00883,STR_0022,purchased,3134-11-19 00:00:00
JUG_00883,STR_0022,returned_to_store,3135-01-31 00:00:00
JUG_00883,HUB_AURORA,washed,3135-02-02 00:00:00
JUG_00883,STR_0048,purchased,3135-02-19 00:00:00
JUG_00883,UNKNOWN,lost_to_leakage,3135-05-03 00:00:00
JUG_00884,STR_0000,purchased,3135-05-17 00:00:00
JUG_00884,STR_0000,returned_to_store,3135-07-17 00:00:00
JUG_00884,HUB_AURORA,washed,3135-07-22 00:00:00
JUG_00884,STR_0024,purchased,3135-08-04 00:00:00
JUG_00884,STR_0024,returned_to_store,3135-10-26 00:00:00
JUG_00884,HUB_AURORA,washed,3135-10-31 00:00:00
JUG_00884,STR_0028,purchased,3135-11-10 00:00:00
JUG_00884,STR_0028,returned_to_store,3136-02-20 00:00:00
JUG_00884,HUB_AURORA,washed,3136-02-24 00:00:00
JUG_00884,STR_0021,purchased,3136-03-12 00:00:00
JUG_00884,STR_0021,returned_to_store,3136-05-23 00:00:00
JUG_00884,HUB_AURORA,washed,3136-05-25 00:00:00
JUG_00884,STR_0039,purchased,3136-06-15 00:00:00
JUG_00884,STR_0039,returned_to_store,3136-08-18 00:00:00
JUG_00884,HUB_AURORA,washed,3136-08-23 00:00:00
JUG_00884,STR_0037,purchased,3136-09-15 00:00:00
JUG_00884,STR_0037,returned_to_store,3136-11-25 00:00:00
JUG_00884,HUB_AURORA,washed,3136-11-27 00:00:00
JUG_00885,STR_0047,purchased,3136-12-08 00:00:00
JUG_00885,STR_0047,returned_to_store,3137-03-08 00:00:00
JUG_00885,HUB_AURORA,washed,3137-03-11 00:00:00
JUG_00885,STR_0015,purchased,3137-04-04 00:00:00
JUG_00885,STR_0015,returned_to_store,3137-07-01 00:00:00
JUG_00885,HUB_AURORA,washed,3137-07-04 00:00:00
JUG_00885,STR_0011,purchased,3137-08-03 00:00:00
JUG_00885,STR_0011,returned_to_store,3137-10-19 00:00:00
JUG_00885,HUB_AURORA,washed,3137-10-24 00:00:00
JUG_00885,STR_0044,purchased,3137-11-01 00:00:00
JUG_00885,STR_0044,returned_to_store,3137-12-29 00:00:00
JUG_00885,HUB_AURORA,washed,3138-01-02 00:00:00
JUG_00885,STR_0019,purchased,3138-01-30 00:00:00
JUG_00885,STR_0019,returned_to_store,3138-04-22 00:00:00
JUG_00885,HUB_AURORA,washed,3138-04-27 00:00:00
JUG_00885,STR_0042,purchased,3138-05-21 00:00:00
JUG_00885,STR_0042,returned_to_store,3138-08-31 00:00:00
JUG_00885,HUB_AURORA,washed,3138-09-02 00:00:00
JUG_00885,STR_0001,purchased,3138-09-27 00:00:00
JUG_00885,STR_0001,returned_to_store,3138-11-24 00:00:00
JUG_00885,HUB_AURORA,washed,3138-11-28 00:00:00
JUG_00885,STR_0039,purchased,3138-12-08 00:00:00
JUG_00885,STR_0039,returned_to_store,3139-03-07 00:00:00
JUG_00885,HUB_AURORA,washed,3139-03-11 00:00:00
JUG_00885,STR_0035,purchased,3139-03-31 00:00:00
JUG_00885,STR_0035,returned_to_store,3139-06-26 00:00:00
JUG_00885,HUB_AURORA,washed,3139-06-29 00:00:00
JUG_00885,STR_0039,purchased,3139-07-14 00:00:00
JUG_00885,UNKNOWN,lost_to_leakage,3139-09-12 00:00:00
JUG_00886,STR_0017,purchased,3139-09-23 00:00:00
JUG_00886,STR_0017,returned_to_store,3139-12-07 00:00:00
JUG_00886,HUB_AURORA,washed,3139-12-11 00:00:00
JUG_00886,STR_0011,purchased,3139-12-29 00:00:00
JUG_00886,STR_0011,returned_to_store,3140-03-31 00:00:00
JUG_00886,HUB_AURORA,washed,3140-04-02 00:00:00
JUG_00886,STR_0007,purchased,3140-04-21 00:00:00
JUG_00886,STR_0007,returned_to_store,3140-07-27 00:00:00
JUG_00886,HUB_AURORA,washed,3140-07-31 00:00:00
JUG_00886,STR_0029,purchased,3140-08-23 00:00:00
JUG_00886,STR_0029,returned_to_store,3140-10-22 00:00:00
JUG_00886,HUB_AURORA,washed,3140-10-26 00:00:00
JUG_00887,STR_0024,purchased,3140-11-03 00:00:00
JUG_00887,STR_0024,returned_to_store,3141-01-10 00:00:00
JUG_00887,HUB_AURORA,washed,3141-01-13 00:00:00
JUG_00887,STR_0049,purchased,3141-02-04 00:00:00
JUG_00887,UNKNOWN,lost_to_leakage,3141-05-01 00:00:00
JUG_00888,STR_0044,purchased,3141-05-15 00:00:00
JUG_00888,STR_0044,returned_to_store,3141-07-19 00:00:00
JUG_00888,HUB_AURORA,washed,3141-07-22 00:00:00
JUG_00888,STR_0003,purchased,3141-08-08 00:00:00
JUG_00888,STR_0003,returned_to_store,3141-11-13 00:00:00
JUG_00888,HUB_AURORA,washed,3141-11-17 00:00:00
JUG_00888,STR_0013,purchased,3141-11-30 00:00:00
JUG_00888,STR_0013,returned_to_store,3142-02-20 00:00:00
JUG_00888,HUB_AURORA,washed,3142-02-24 00:00:00
JUG_00888,STR_0032,purchased,3142-03-19 00:00:00
JUG_00888,STR_0032,returned_to_store,3142-06-05 00:00:00
JUG_00888,HUB_AURORA,washed,3142-06-07 00:00:00
JUG_00888,STR_0030,purchased,3142-07-07 00:00:00
JUG_00888,STR_0030,returned_to_store,3142-09-26 00:00:00
JUG_00888,HUB_AURORA,washed,3142-09-30 00:00:00
JUG_00889,STR_0025,purchased,3142-10-13 00:00:00
JUG_00889,STR_0025,returned_to_store,3143-01-08 00:00:00
JUG_00889,HUB_AURORA,washed,3143-01-13 00:00:00
JUG_00889,STR_0041,purchased,3143-02-08 00:00:00
JUG_00889,STR_0041,returned_to_store,3143-04-23 00:00:00
JUG_00889,HUB_AURORA,washed,3143-04-27 00:00:00
JUG_00889,STR_0033,purchased,3143-05-11 00:00:00
JUG_00889,STR_0033,returned_to_store,3143-08-16 00:00:00
JUG_00889,HUB_AURORA,washed,3143-08-18 00:00:00
JUG_00889,STR_0039,purchased,3143-09-15 00:00:00
JUG_00889,STR_0039,returned_to_store,3143-11-30 00:00:00
JUG_00889,HUB_AURORA,washed,3143-12-03 00:00:00
JUG_00889,STR_0028,purchased,3143-12-30 00:00:00
JUG_00889,UNKNOWN,lost_to_leakage,3144-03-24 00:00:00
JUG_00890,STR_0027,purchased,3144-04-10 00:00:00
JUG_00890,STR_0027,returned_to_store,3144-06-21 00:00:00
JUG_00890,HUB_AURORA,washed,3144-06-25 00:00:00
JUG_00890,STR_0034,purchased,3144-07-09 00:00:00
JUG_00890,STR_0034,returned_to_store,3144-10-09 00:00:00
JUG_00890,HUB_AURORA,washed,3144-10-14 00:00:00
JUG_00890,STR_0017,purchased,3144-11-03 00:00:00
JUG_00890,STR_0017,returned_to_store,3145-01-24 00:00:00
JUG_00890,HUB_AURORA,washed,3145-01-26 00:00:00
JUG_00890,STR_0038,purchased,3145-02-15 00:00:00
JUG_00890,STR_0038,returned_to_store,3145-04-19 00:00:00
JUG_00890,HUB_AURORA,washed,3145-04-21 00:00:00
JUG_00890,STR_0000,purchased,3145-05-15 00:00:00
JUG_00890,STR_0000,returned_to_store,3145-07-07 00:00:00
JUG_00890,HUB_AURORA,washed,3145-07-11 00:00:00
JUG_00890,STR_0007,purchased,3145-07-29 00:00:00
JUG_00890,UNKNOWN,lost_to_leakage,3145-11-01 00:00:00
JUG_00891,STR_0044,purchased,3145-11-23 00:00:00
JUG_00891,STR_0044,returned_to_store,3146-02-20 00:00:00
JUG_00891,HUB_AURORA,washed,3146-02-22 00:00:00
JUG_00891,STR_0006,purchased,3146-03-09 00:00:00
JUG_00891,UNKNOWN,lost_to_leakage,3146-05-24 00:00:00
JUG_00892,STR_0034,purchased,3146-06-12 00:00:00
JUG_00892,STR_0034,returned_to_store,3146-08-12 00:00:00
JUG_00892,HUB_AURORA,washed,3146-08-15 00:00:00
JUG_00892,STR_0036,purchased,3146-08-31 00:00:00
JUG_00892,STR_0036,returned_to_store,3146-11-08 00:00:00
JUG_00892,HUB_AURORA,washed,3146-11-10 00:00:00
JUG_00892,STR_0036,purchased,3146-12-04 00:00:00
JUG_00892,STR_0036,returned_to_store,3147-02-25 00:00:00
JUG_00892,HUB_AURORA,washed,3147-03-01 00:00:00
JUG_00892,STR_0003,purchased,3147-03-17 00:00:00
JUG_00892,STR_0003,returned_to_store,3147-06-27 00:00:00
JUG_00892,HUB_AURORA,washed,3147-06-30 00:00:00
JUG_00892,STR_0013,purchased,3147-07-24 00:00:00
JUG_00892,STR_0013,returned_to_store,3147-10-07 00:00:00
JUG_00892,HUB_AURORA,washed,3147-10-11 00:00:00
JUG_00892,STR_0026,purchased,3147-10-26 00:00:00
JUG_00892,STR_0026,returned_to_store,3147-12-28 00:00:00
JUG_00892,HUB_AURORA,washed,3148-01-02 00:00:00
JUG_00893,STR_0016,purchased,3148-01-19 00:00:00
JUG_00893,STR_0016,returned_to_store,3148-04-25 00:00:00
JUG_00893,HUB_AURORA,washed,3148-04-28 00:00:00
JUG_00893,STR_0033,purchased,3148-05-16 00:00:00
JUG_00893,STR_0033,returned_to_store,3148-07-12 00:00:00
JUG_00893,HUB_AURORA,washed,3148-07-15 00:00:00
JUG_00893,STR_0028,purchased,3148-08-08 00:00:00
JUG_00893,STR_0028,returned_to_store,3148-10-24 00:00:00
JUG_00893,HUB_AURORA,washed,3148-10-28 00:00:00
JUG_00894,STR_0019,purchased,3148-11-13 00:00:00
JUG_00894,STR_0019,returned_to_store,3149-02-18 00:00:00
JUG_00894,HUB_AURORA,washed,3149-02-21 00:00:00
JUG_00894,STR_0014,purchased,3149-03-04 00:00:00
JUG_00894,STR_0014,returned_to_store,3149-05-06 00:00:00
JUG_00894,HUB_AURORA,washed,3149-05-09 00:00:00
JUG_00894,STR_0009,purchased,3149-06-06 00:00:00
JUG_00894,STR_0009,returned_to_store,3149-09-06 00:00:00
JUG_00894,HUB_AURORA,washed,3149-09-11 00:00:00
JUG_00894,STR_0043,purchased,3149-09-21 00:00:00
JUG_00894,STR_0043,returned_to_store,3149-12-25 00:00:00
JUG_00894,HUB_AURORA,washed,3149-12-28 00:00:00
JUG_00895,STR_0023,purchased,3150-01-14 00:00:00
JUG_00895,STR_0023,returned_to_store,3150-03-30 00:00:00
JUG_00895,HUB_AURORA,washed,3150-04-01 00:00:00
JUG_00895,STR_0049,purchased,3150-04-27 00:00:00
JUG_00895,STR_0049,returned_to_store,3150-07-02 00:00:00
JUG_00895,HUB_AURORA,washed,3150-07-04 00:00:00
JUG_00895,STR_0024,purchased,3150-07-23 00:00:00
JUG_00895,UNKNOWN,lost_to_leakage,3150-09-23 00:00:00
JUG_00896,STR_0025,purchased,3150-10-16 00:00:00
JUG_00896,UNKNOWN,lost_to_leakage,3151-01-04 00:00:00
JUG_00897,STR_0032,purchased,3151-01-25 00:00:00
JUG_00897,STR_0032,returned_to_store,3151-04-01 00:00:00
JUG_00897,HUB_AURORA,washed,3151-04-04 00:00:00
JUG_00897,STR_0041,purchased,3151-04-12 00:00:00
JUG_00897,STR_0041,returned_to_store,3151-07-11 00:00:00
JUG_00897,HUB_AURORA,washed,3151-07-14 00:00:00
JUG_00897,STR_0006,purchased,3151-08-04 00:00:00
JUG_00897,UNKNOWN,lost_to_leakage,3151-09-30 00:00:00
JUG_00898,STR_0024,purchased,3151-10-30 00:00:00
JUG_00898,STR_0024,returned_to_store,3151-12-30 00:00:00
JUG_00898,HUB_AURORA,washed,3152-01-02 00:00:00
JUG_00898,STR_0003,purchased,3152-01-23 00:00:00
JUG_00898,STR_0003,returned_to_store,3152-03-26 00:00:00
JUG_00898,HUB_AURORA,washed,3152-03-31 00:00:00
JUG_00898,STR_0017,purchased,3152-04-17 00:00:00
JUG_00898,STR_0017,returned_to_store,3152-07-17 00:00:00
JUG_00898,HUB_AURORA,washed,3152-07-22 00:00:00
JUG_00898,STR_0030,purchased,3152-08-05 00:00:00
JUG_00898,STR_0030,returned_to_store,3152-11-01 00:00:00
JUG_00898,HUB_AURORA,washed,3152-11-05 00:00:00
JUG_00898,STR_0046,purchased,3152-12-05 00:00:00
JUG_00898,STR_0046,returned_to_store,3153-02-17 00:00:00
JUG_00898,HUB_AURORA,washed,3153-02-21 00:00:00
JUG_00898,STR_0036,purchased,3153-03-14 00:00:00
JUG_00898,STR_0036,returned_to_store,3153-06-17 00:00:00
JUG_00898,HUB_AURORA,washed,3153-06-19 00:00:00
JUG_00899,STR_0010,purchased,3153-07-03 00:00:00
JUG_00899,STR_0010,returned_to_store,3153-10-05 00:00:00
JUG_00899,HUB_AURORA,washed,3153-10-07 00:00:00
JUG_00899,STR_0038,purchased,3153-10-24 00:00:00
JUG_00899,STR_0038,returned_to_store,3154-01-10 00:00:00
JUG_00899,HUB_AURORA,washed,3154-01-12 00:00:00
JUG_00899,STR_0018,purchased,3154-01-30 00:00:00
JUG_00899,STR_0018,returned_to_store,3154-04-22 00:00:00
JUG_00899,HUB_AURORA,washed,3154-04-25 00:00:00
JUG_00899,STR_0033,purchased,3154-05-07 00:00:00
JUG_00899,STR_0033,returned_to_store,3154-07-20 00:00:00
JUG_00899,HUB_AURORA,washed,3154-07-24 00:00:00
JUG_00899,STR_0042,purchased,3154-08-09 00:00:00
JUG_00899,STR_0042,returned_to_store,3154-10-14 00:00:00
JUG_00899,HUB_AURORA,washed,3154-10-16 00:00:00
JUG_00899,STR_0032,purchased,3154-11-09 00:00:00
JUG_00899,STR_0032,returned_to_store,3155-02-07 00:00:00
JUG_00899,HUB_AURORA,washed,3155-02-12 00:00:00
JUG_00899,STR_0011,purchased,3155-02-22 00:00:00
JUG_00899,UNKNOWN,lost_to_leakage,3155-05-09 00:00:00
JUG_00900,STR_0037,purchased,3155-06-05 00:00:00
JUG_00900,STR_0037,returned_to_store,3155-07-30 00:00:00
JUG_00900,HUB_AURORA,washed,3155-08-04 00:00:00
JUG_00900,STR_0004,purchased,3155-09-02 00:00:00
JUG_00900,STR_0004,returned_to_store,3155-11-21 00:00:00
JUG_00900,HUB_AURORA,washed,3155-11-23 00:00:00
JUG_00900,STR_0011,purchased,3155-12-01 00:00:00
JUG_00900,STR_0011,returned_to_store,3156-02-05 00:00:00
JUG_00900,HUB_AURORA,washed,3156-02-09 00:00:00
JUG_00900,STR_0034,purchased,3156-02-16 00:00:00
JUG_00900,STR_0034,returned_to_store,3156-05-04 00:00:00
JUG_00900,HUB_AURORA,washed,3156-05-06 00:00:00
JUG_00900,STR_0018,purchased,3156-05-19 00:00:00
JUG_00900,STR_0018,returned_to_store,3156-08-13 00:00:00
JUG_00900,HUB_AURORA,washed,3156-08-16 00:00:00
JUG_00900,STR_0038,purchased,3156-09-13 00:00:00
JUG_00900,STR_0038,returned_to_store,3156-11-14 00:00:00
JUG_00900,HUB_AURORA,washed,3156-11-19 00:00:00
JUG_00900,STR_0009,purchased,3156-11-29 00:00:00
JUG_00900,STR_0009,returned_to_store,3157-03-07 00:00:00
JUG_00900,HUB_AURORA,washed,3157-03-11 00:00:00
JUG_00900,STR_0041,purchased,3157-03-30 00:00:00
JUG_00900,STR_0041,returned_to_store,3157-06-14 00:00:00
JUG_00900,HUB_AURORA,washed,3157-06-18 00:00:00
JUG_00900,STR_0011,purchased,3157-07-17 00:00:00
JUG_00900,STR_0011,returned_to_store,3157-09-15 00:00:00
JUG_00900,HUB_AURORA,washed,3157-09-19 00:00:00
JUG_00900,STR_0031,purchased,3157-10-02 00:00:00
JUG_00900,STR_0031,returned_to_store,3157-12-26 00:00:00
JUG_00900,HUB_AURORA,washed,3157-12-29 00:00:00
JUG_00901,STR_0008,purchased,3158-01-18 00:00:00
JUG_00901,STR_0008,returned_to_store,3158-04-12 00:00:00
JUG_00901,HUB_AURORA,washed,3158-04-15 00:00:00
JUG_00901,STR_0013,purchased,3158-05-11 00:00:00
JUG_00901,STR_0013,returned_to_store,3158-08-07 00:00:00
JUG_00901,HUB_AURORA,washed,3158-08-09 00:00:00
JUG_00901,STR_0017,purchased,3158-08-16 00:00:00
JUG_00901,UNKNOWN,lost_to_leakage,3158-11-19 00:00:00
JUG_00902,STR_0038,purchased,3158-12-05 00:00:00
JUG_00902,STR_0038,returned_to_store,3159-02-17 00:00:00
JUG_00902,HUB_AURORA,washed,3159-02-22 00:00:00
JUG_00902,STR_0027,purchased,3159-03-22 00:00:00
JUG_00902,STR_0027,returned_to_store,3159-05-26 00:00:00
JUG_00902,HUB_AURORA,washed,3159-05-29 00:00:00
JUG_00902,STR_0030,purchased,3159-06-23 00:00:00
JUG_00902,STR_0030,returned_to_store,3159-09-10 00:00:00
JUG_00902,HUB_AURORA,washed,3159-09-12 00:00:00
JUG_00902,STR_0002,purchased,3159-10-06 00:00:00
JUG_00902,STR_0002,returned_to_store,3159-12-30 00:00:00
JUG_00902,HUB_AURORA,washed,3160-01-01 00:00:00
JUG_00902,STR_0009,purchased,3160-01-15 00:00:00
JUG_00902,STR_0009,returned_to_store,3160-04-09 00:00:00
JUG_00902,HUB_AURORA,washed,3160-04-11 00:00:00
JUG_00902,STR_0007,purchased,3160-05-07 00:00:00
JUG_00902,STR_0007,returned_to_store,3160-07-19 00:00:00
JUG_00902,HUB_AURORA,washed,3160-07-23 00:00:00
JUG_00902,STR_0040,purchased,3160-08-10 00:00:00
JUG_00902,STR_0040,returned_to_store,3160-10-02 00:00:00
JUG_00902,HUB_AURORA,washed,3160-10-06 00:00:00
JUG_00902,STR_0028,purchased,3160-10-20 00:00:00
JUG_00902,STR_0028,returned_to_store,3161-01-22 00:00:00
JUG_00902,HUB_AURORA,washed,3161-01-27 00:00:00
JUG_00903,STR_0014,purchased,3161-02-04 00:00:00
JUG_00903,STR_0014,returned_to_store,3161-04-16 00:00:00
JUG_00903,HUB_AURORA,washed,3161-04-20 00:00:00
JUG_00903,STR_0039,purchased,3161-05-19 00:00:00
JUG_00903,STR_0039,returned_to_store,3161-08-08 00:00:00
JUG_00903,HUB_AURORA,washed,3161-08-10 00:00:00
JUG_00903,STR_0009,purchased,3161-08-25 00:00:00
JUG_00903,STR_0009,returned_to_store,3161-11-09 00:00:00
JUG_00903,HUB_AURORA,washed,3161-11-14 00:00:00
JUG_00903,STR_0046,purchased,3161-12-12 00:00:00
JUG_00903,STR_0046,returned_to_store,3162-02-17 00:00:00
JUG_00903,HUB_AURORA,washed,3162-02-22 00:00:00
JUG_00903,STR_0038,purchased,3162-03-15 00:00:00
JUG_00903,STR_0038,returned_to_store,3162-06-03 00:00:00
JUG_00903,HUB_AURORA,washed,3162-06-05 00:00:00
JUG_00903,STR_0018,purchased,3162-06-23 00:00:00
JUG_00903,STR_0018,returned_to_store,3162-09-30 00:00:00
JUG_00903,HUB_AURORA,washed,3162-10-04 00:00:00
JUG_00903,STR_0021,purchased,3162-10-31 00:00:00
JUG_00903,STR_0021,returned_to_store,3162-12-31 00:00:00
JUG_00903,HUB_AURORA,washed,3163-01-02 00:00:00
JUG_00904,STR_0026,purchased,3163-01-24 00:00:00
JUG_00904,STR_0026,returned_to_store,3163-05-02 00:00:00
JUG_00904,HUB_AURORA,washed,3163-05-07 00:00:00
JUG_00904,STR_0004,purchased,3163-06-01 00:00:00
JUG_00904,STR_0004,returned_to_store,3163-08-21 00:00:00
JUG_00904,HUB_AURORA,washed,3163-08-25 00:00:00
JUG_00904,STR_0015,purchased,3163-09-15 00:00:00
JUG_00904,STR_0015,returned_to_store,3163-12-14 00:00:00
JUG_00904,HUB_AURORA,washed,3163-12-18 00:00:00
JUG_00905,STR_0010,purchased,3163-12-29 00:00:00
JUG_00905,STR_0010,returned_to_store,3164-03-18 00:00:00
JUG_00905,HUB_AURORA,washed,3164-03-21 00:00:00
JUG_00905,STR_0004,purchased,3164-04-18 00:00:00
JUG_00905,STR_0004,returned_to_store,3164-07-23 00:00:00
JUG_00905,HUB_AURORA,washed,3164-07-27 00:00:00
JUG_00905,STR_0017,purchased,3164-08-09 00:00:00
JUG_00905,STR_0017,returned_to_store,3164-10-09 00:00:00
JUG_00905,HUB_AURORA,washed,3164-10-12 00:00:00
JUG_00906,STR_0006,purchased,3164-11-06 00:00:00
JUG_00906,STR_0006,returned_to_store,3164-12-26 00:00:00
JUG_00906,HUB_AURORA,washed,3164-12-31 00:00:00
JUG_00906,STR_0046,purchased,3165-01-17 00:00:00
JUG_00906,UNKNOWN,lost_to_leakage,3165-04-18 00:00:00
JUG_00907,STR_0045,purchased,3165-04-28 00:00:00
JUG_00907,STR_0045,returned_to_store,3165-06-29 00:00:00
JUG_00907,HUB_AURORA,washed,3165-07-02 00:00:00
JUG_00907,STR_0003,purchased,3165-07-13 00:00:00
JUG_00907,STR_0003,returned_to_store,3165-10-14 00:00:00
JUG_00907,HUB_AURORA,washed,3165-10-17 00:00:00
JUG_00907,STR_0044,purchased,3165-10-26 00:00:00
JUG_00907,UNKNOWN,lost_to_leakage,3166-01-18 00:00:00
JUG_00908,STR_0013,purchased,3166-02-12 00:00:00
JUG_00908,STR_0013,returned_to_store,3166-05-06 00:00:00
JUG_00908,HUB_AURORA,washed,3166-05-10 00:00:00
JUG_00908,STR_0008,purchased,3166-05-18 00:00:00
JUG_00908,STR_0008,returned_to_store,3166-07-19 00:00:00
JUG_00908,HUB_AURORA,washed,3166-07-24 00:00:00
JUG_00908,STR_0004,purchased,3166-08-11 00:00:00
JUG_00908,STR_0004,returned_to_store,3166-11-11 00:00:00
JUG_00908,HUB_AURORA,washed,3166-11-16 00:00:00
JUG_00908,STR_0037,purchased,3166-12-01 00:00:00
JUG_00908,UNKNOWN,lost_to_leakage,3167-03-08 00:00:00
JUG_00909,STR_0000,purchased,3167-04-01 00:00:00
JUG_00909,STR_0000,returned_to_store,3167-06-15 00:00:00
JUG_00909,HUB_AURORA,washed,3167-06-20 00:00:00
JUG_00909,STR_0005,purchased,3167-07-19 00:00:00
JUG_00909,STR_0005,returned_to_store,3167-10-19 00:00:00
JUG_00909,HUB_AURORA,washed,3167-10-24 00:00:00
JUG_00909,STR_0031,purchased,3167-11-22 00:00:00
JUG_00909,STR_0031,returned_to_store,3168-02-18 00:00:00
JUG_00909,HUB_AURORA,washed,3168-02-23 00:00:00
JUG_00909,STR_0048,purchased,3168-03-12 00:00:00
JUG_00909,STR_0048,returned_to_store,3168-06-21 00:00:00
JUG_00909,HUB_AURORA,washed,3168-06-26 00:00:00
JUG_00909,STR_0048,purchased,3168-07-15 00:00:00
JUG_00909,STR_0048,returned_to_store,3168-09-23 00:00:00
JUG_00909,HUB_AURORA,washed,3168-09-25 00:00:00
JUG_00910,STR_0041,purchased,3168-10-22 00:00:00
JUG_00910,STR_0041,returned_to_store,3169-01-10 00:00:00
JUG_00910,HUB_AURORA,washed,3169-01-13 00:00:00
JUG_00910,STR_0040,purchased,3169-02-01 00:00:00
JUG_00910,STR_0040,returned_to_store,3169-04-14 00:00:00
JUG_00910,HUB_AURORA,washed,3169-04-19 00:00:00
JUG_00910,STR_0001,purchased,3169-04-26 00:00:00
JUG_00910,STR_0001,returned_to_store,3169-07-02 00:00:00
JUG_00910,HUB_AURORA,washed,3169-07-04 00:00:00
JUG_00910,STR_0028,purchased,3169-07-20 00:00:00
JUG_00910,STR_0028,returned_to_store,3169-09-18 00:00:00
JUG_00910,HUB_AURORA,washed,3169-09-21 00:00:00
JUG_00910,STR_0012,purchased,3169-10-07 00:00:00
JUG_00910,STR_0012,returned_to_store,3169-12-09 00:00:00
JUG_00910,HUB_AURORA,washed,3169-12-11 00:00:00
JUG_00910,STR_0028,purchased,3169-12-21 00:00:00
JUG_00910,STR_0028,returned_to_store,3170-03-11 00:00:00
JUG_00910,HUB_AURORA,washed,3170-03-16 00:00:00
JUG_00910,STR_0013,purchased,3170-04-10 00:00:00
JUG_00910,STR_0013,returned_to_store,3170-06-08 00:00:00
JUG_00910,HUB_AURORA,washed,3170-06-10 00:00:00
JUG_00910,STR_0041,purchased,3170-06-17 00:00:00
JUG_00910,STR_0041,returned_to_store,3170-09-13 00:00:00
JUG_00910,HUB_AURORA,washed,3170-09-16 00:00:00
JUG_00910,STR_0030,purchased,3170-10-08 00:00:00
JUG_00910,STR_0030,returned_to_store,3170-11-28 00:00:00
JUG_00910,HUB_AURORA,washed,3170-12-03 00:00:00
JUG_00910,STR_0009,purchased,3170-12-21 00:00:00
JUG_00910,STR_0009,returned_to_store,3171-03-07 00:00:00
JUG_00910,HUB_AURORA,washed,3171-03-09 00:00:00
JUG_00911,STR_0003,purchased,3171-03-29 00:00:00
JUG_00911,STR_0003,returned_to_store,3171-06-18 00:00:00
JUG_00911,HUB_AURORA,washed,3171-06-23 00:00:00
JUG_00911,STR_0013,purchased,3171-07-22 00:00:00
JUG_00911,STR_0013,returned_to_store,3171-09-19 00:00:00
JUG_00911,HUB_AURORA,washed,3171-09-23 00:00:00
JUG_00911,STR_0034,purchased,3171-10-03 00:00:00
JUG_00911,STR_0034,returned_to_store,3171-11-27 00:00:00
JUG_00911,HUB_AURORA,washed,3171-11-30 00:00:00
JUG_00912,STR_0015,purchased,3171-12-15 00:00:00
JUG_00912,UNKNOWN,lost_to_leakage,3172-03-11 00:00:00
JUG_00913,STR_0045,purchased,3172-04-08 00:00:00
JUG_00913,STR_0045,returned_to_store,3172-06-07 00:00:00
JUG_00913,HUB_AURORA,washed,3172-06-12 00:00:00
JUG_00913,STR_0001,purchased,3172-06-23 00:00:00
JUG_00913,STR_0001,returned_to_store,3172-09-22 00:00:00
JUG_00913,HUB_AURORA,washed,3172-09-27 00:00:00
JUG_00913,STR_0020,purchased,3172-10-10 00:00:00
JUG_00913,STR_0020,returned_to_store,3172-12-15 00:00:00
JUG_00913,HUB_AURORA,washed,3172-12-20 00:00:00
JUG_00913,STR_0038,purchased,3173-01-19 00:00:00
JUG_00913,STR_0038,returned_to_store,3173-04-07 00:00:00
JUG_00913,HUB_AURORA,washed,3173-04-11 00:00:00
JUG_00913,STR_0016,purchased,3173-05-05 00:00:00
JUG_00913,STR_0016,returned_to_store,3173-06-30 00:00:00
JUG_00913,HUB_AURORA,washed,3173-07-02 00:00:00
JUG_00913,STR_0001,purchased,3173-07-27 00:00:00
JUG_00913,STR_0001,returned_to_store,3173-10-08 00:00:00
JUG_00913,HUB_AURORA,washed,3173-10-10 00:00:00
JUG_00913,STR_0033,purchased,3173-10-17 00:00:00
JUG_00913,UNKNOWN,lost_to_leakage,3173-12-17 00:00:00
JUG_00914,STR_0037,purchased,3174-01-05 00:00:00
JUG_00914,STR_0037,returned_to_store,3174-03-26 00:00:00
JUG_00914,HUB_AURORA,washed,3174-03-28 00:00:00
JUG_00914,STR_0047,purchased,3174-04-22 00:00:00
JUG_00914,STR_0047,returned_to_store,3174-06-22 00:00:00
JUG_00914,HUB_AURORA,washed,3174-06-24 00:00:00
JUG_00914,STR_0038,purchased,3174-07-15 00:00:00
JUG_00914,STR_0038,returned_to_store,3174-10-17 00:00:00
JUG_00914,HUB_AURORA,washed,3174-10-19 00:00:00
JUG_00914,STR_0047,purchased,3174-11-15 00:00:00
JUG_00914,STR_0047,returned_to_store,3175-01-31 00:00:00
JUG_00914,HUB_AURORA,washed,3175-02-03 00:00:00
JUG_00914,STR_0003,purchased,3175-03-05 00:00:00
JUG_00914,STR_0003,returned_to_store,3175-04-25 00:00:00
JUG_00914,HUB_AURORA,washed,3175-04-29 00:00:00
JUG_00915,STR_0001,purchased,3175-05-23 00:00:00
JUG_00915,STR_0001,returned_to_store,3175-07-28 00:00:00
JUG_00915,HUB_AURORA,washed,3175-07-31 00:00:00
JUG_00915,STR_0004,purchased,3175-08-20 00:00:00
JUG_00915,STR_0004,returned_to_store,3175-11-22 00:00:00
JUG_00915,HUB_AURORA,washed,3175-11-25 00:00:00
JUG_00915,STR_0031,purchased,3175-12-22 00:00:00
JUG_00915,STR_0031,returned_to_store,3176-03-24 00:00:00
JUG_00915,HUB_AURORA,washed,3176-03-28 00:00:00
JUG_00915,STR_0014,purchased,3176-04-15 00:00:00
JUG_00915,UNKNOWN,lost_to_leakage,3176-06-27 00:00:00
JUG_00916,STR_0044,purchased,3176-07-12 00:00:00
JUG_00916,STR_0044,returned_to_store,3176-09-20 00:00:00
JUG_00916,HUB_AURORA,washed,3176-09-24 00:00:00
JUG_00916,STR_0029,purchased,3176-10-23 00:00:00
JUG_00916,STR_0029,returned_to_store,3177-01-24 00:00:00
JUG_00916,HUB_AURORA,washed,3177-01-29 00:00:00
JUG_00916,STR_0031,purchased,3177-02-05 00:00:00
JUG_00916,STR_0031,returned_to_store,3177-05-01 00:00:00
JUG_00916,HUB_AURORA,washed,3177-05-04 00:00:00
JUG_00916,STR_0009,purchased,3177-05-16 00:00:00
JUG_00916,STR_0009,returned_to_store,3177-07-13 00:00:00
JUG_00916,HUB_AURORA,washed,3177-07-18 00:00:00
JUG_00916,STR_0017,purchased,3177-07-28 00:00:00
JUG_00916,STR_0017,returned_to_store,3177-10-12 00:00:00
JUG_00916,HUB_AURORA,washed,3177-10-15 00:00:00
JUG_00916,STR_0040,purchased,3177-11-04 00:00:00
JUG_00916,STR_0040,returned_to_store,3177-12-29 00:00:00
JUG_00916,HUB_AURORA,washed,3177-12-31 00:00:00
JUG_00916,STR_0019,purchased,3178-01-26 00:00:00
JUG_00916,STR_0019,returned_to_store,3178-03-24 00:00:00
JUG_00916,HUB_AURORA,washed,3178-03-27 00:00:00
JUG_00916,STR_0012,purchased,3178-04-22 00:00:00
JUG_00916,STR_0012,returned_to_store,3178-07-27 00:00:00
JUG_00916,HUB_AURORA,washed,3178-07-30 00:00:00
JUG_00916,STR_0011,purchased,3178-08-15 00:00:00
JUG_00916,STR_0011,returned_to_store,3178-10-10 00:00:00
JUG_00916,HUB_AURORA,washed,3178-10-12 00:00:00
JUG_00917,STR_0029,purchased,3178-10-28 00:00:00
JUG_00917,STR_0029,returned_to_store,3179-01-19 00:00:00
JUG_00917,HUB_AURORA,washed,3179-01-21 00:00:00
JUG_00917,STR_0019,purchased,3179-02-02 00:00:00
JUG_00917,STR_0019,returned_to_store,3179-04-30 00:00:00
JUG_00917,HUB_AURORA,washed,3179-05-04 00:00:00
JUG_00917,STR_0010,purchased,3179-05-25 00:00:00
JUG_00917,STR_0010,returned_to_store,3179-08-20 00:00:00
JUG_00917,HUB_AURORA,washed,3179-08-23 00:00:00
JUG_00917,STR_0044,purchased,3179-09-18 00:00:00
JUG_00917,STR_0044,returned_to_store,3179-11-23 00:00:00
JUG_00917,HUB_AURORA,washed,3179-11-27 00:00:00
JUG_00917,STR_0021,purchased,3179-12-07 00:00:00
JUG_00917,STR_0021,returned_to_store,3180-02-28 00:00:00
JUG_00917,HUB_AURORA,washed,3180-03-04 00:00:00
JUG_00917,STR_0005,purchased,3180-03-27 00:00:00
JUG_00917,STR_0005,returned_to_store,3180-05-23 00:00:00
JUG_00917,HUB_AURORA,washed,3180-05-26 00:00:00
JUG_00917,STR_0019,purchased,3180-06-18 00:00:00
JUG_00917,STR_0019,returned_to_store,3180-08-18 00:00:00
JUG_00917,HUB_AURORA,washed,3180-08-23 00:00:00
JUG_00917,STR_0008,purchased,3180-09-19 00:00:00
JUG_00917,STR_0008,returned_to_store,3180-12-01 00:00:00
JUG_00917,HUB_AURORA,washed,3180-12-05 00:00:00
JUG_00918,STR_0023,purchased,3181-01-03 00:00:00
JUG_00918,UNKNOWN,lost_to_leakage,3181-03-16 00:00:00
JUG_00919,STR_0009,purchased,3181-03-29 00:00:00
JUG_00919,STR_0009,returned_to_store,3181-06-16 00:00:00
JUG_00919,HUB_AURORA,washed,3181-06-19 00:00:00
JUG_00919,STR_0038,purchased,3181-07-18 00:00:00
JUG_00919,STR_0038,returned_to_store,3181-09-26 00:00:00
JUG_00919,HUB_AURORA,washed,3181-09-29 00:00:00
JUG_00919,STR_0007,purchased,3181-10-24 00:00:00
JUG_00919,STR_0007,returned_to_store,3182-01-16 00:00:00
JUG_00919,HUB_AURORA,washed,3182-01-20 00:00:00
JUG_00919,STR_0025,purchased,3182-02-16 00:00:00
JUG_00919,STR_0025,returned_to_store,3182-05-17 00:00:00
JUG_00919,HUB_AURORA,washed,3182-05-22 00:00:00
JUG_00919,STR_0038,purchased,3182-06-12 00:00:00
JUG_00919,UNKNOWN,lost_to_leakage,3182-09-13 00:00:00
JUG_00920,STR_0020,purchased,3182-10-10 00:00:00
JUG_00920,STR_0020,returned_to_store,3183-01-09 00:00:00
JUG_00920,HUB_AURORA,washed,3183-01-11 00:00:00
JUG_00920,STR_0000,purchased,3183-01-25 00:00:00
JUG_00920,STR_0000,returned_to_store,3183-04-18 00:00:00
JUG_00920,HUB_AURORA,washed,3183-04-22 00:00:00
JUG_00920,STR_0000,purchased,3183-05-17 00:00:00
JUG_00920,STR_0000,returned_to_store,3183-07-13 00:00:00
JUG_00920,HUB_AURORA,washed,3183-07-18 00:00:00
JUG_00920,STR_0037,purchased,3183-08-07 00:00:00
JUG_00920,STR_0037,returned_to_store,3183-10-30 00:00:00
JUG_00920,HUB_AURORA,washed,3183-11-02 00:00:00
JUG_00920,STR_0012,purchased,3183-11-22 00:00:00
JUG_00920,STR_0012,returned_to_store,3184-01-16 00:00:00
JUG_00920,HUB_AURORA,washed,3184-01-19 00:00:00
JUG_00920,STR_0048,purchased,3184-01-28 00:00:00
JUG_00920,STR_0048,returned_to_store,3184-03-31 00:00:00
JUG_00920,HUB_AURORA,washed,3184-04-02 00:00:00
JUG_00920,STR_0031,purchased,3184-04-15 00:00:00
JUG_00920,STR_0031,returned_to_store,3184-06-30 00:00:00
JUG_00920,HUB_AURORA,washed,3184-07-05 00:00:00
JUG_00920,STR_0034,purchased,3184-07-29 00:00:00
JUG_00920,STR_0034,returned_to_store,3184-10-12 00:00:00
JUG_00920,HUB_AURORA,washed,3184-10-17 00:00:00
JUG_00921,STR_0049,purchased,3184-10-28 00:00:00
JUG_00921,STR_0049,returned_to_store,3185-02-03 00:00:00
JUG_00921,HUB_AURORA,washed,3185-02-05 00:00:00
JUG_00921,STR_0009,purchased,3185-02-16 00:00:00
JUG_00921,STR_0009,returned_to_store,3185-05-06 00:00:00
JUG_00921,HUB_AURORA,washed,3185-05-11 00:00:00
JUG_00921,STR_0006,purchased,3185-05-21 00:00:00
JUG_00921,STR_0006,returned_to_store,3185-08-07 00:00:00
JUG_00921,HUB_AURORA,washed,3185-08-12 00:00:00
JUG_00922,STR_0006,purchased,3185-09-07 00:00:00
JUG_00922,STR_0006,returned_to_store,3185-11-03 00:00:00
JUG_00922,HUB_AURORA,washed,3185-11-05 00:00:00
JUG_00922,STR_0027,purchased,3185-11-14 00:00:00
JUG_00922,STR_0027,returned_to_store,3186-01-28 00:00:00
JUG_00922,HUB_AURORA,washed,3186-02-01 00:00:00
JUG_00922,STR_0042,purchased,3186-02-11 00:00:00
JUG_00922,STR_0042,returned_to_store,3186-04-05 00:00:00
JUG_00922,HUB_AURORA,washed,3186-04-07 00:00:00
JUG_00922,STR_0001,purchased,3186-04-20 00:00:00
JUG_00922,STR_0001,returned_to_store,3186-07-08 00:00:00
JUG_00922,HUB_AURORA,washed,3186-07-10 00:00:00
JUG_00922,STR_0042,purchased,3186-08-05 00:00:00
JUG_00922,STR_0042,returned_to_store,3186-10-02 00:00:00
JUG_00922,HUB_AURORA,washed,3186-10-07 00:00:00
JUG_00922,STR_0001,purchased,3186-10-16 00:00:00
JUG_00922,STR_0001,returned_to_store,3186-12-27 00:00:00
JUG_00922,HUB_AURORA,washed,3186-12-29 00:00:00
JUG_00922,STR_0040,purchased,3187-01-22 00:00:00
JUG_00922,STR_0040,returned_to_store,3187-04-02 00:00:00
JUG_00922,HUB_AURORA,washed,3187-04-06 00:00:00
JUG_00922,STR_0000,purchased,3187-05-02 00:00:00
JUG_00922,STR_0000,returned_to_store,3187-07-15 00:00:00
JUG_00922,HUB_AURORA,washed,3187-07-20 00:00:00
JUG_00922,STR_0049,purchased,3187-08-07 00:00:00
JUG_00922,STR_0049,returned_to_store,3187-10-03 00:00:00
JUG_00922,HUB_AURORA,washed,3187-10-06 00:00:00
JUG_00922,STR_0025,purchased,3187-10-13 00:00:00
JUG_00922,STR_0025,returned_to_store,3188-01-22 00:00:00
JUG_00922,HUB_AURORA,washed,3188-01-27 00:00:00
JUG_00923,STR_0027,purchased,3188-02-19 00:00:00
JUG_00923,STR_0027,returned_to_store,3188-05-10 00:00:00
JUG_00923,HUB_AURORA,washed,3188-05-12 00:00:00
JUG_00923,STR_0041,purchased,3188-05-27 00:00:00
JUG_00923,STR_0041,returned_to_store,3188-08-23 00:00:00
JUG_00923,HUB_AURORA,washed,3188-08-28 00:00:00
JUG_00923,STR_0047,purchased,3188-09-14 00:00:00
JUG_00923,STR_0047,returned_to_store,3188-12-08 00:00:00
JUG_00923,HUB_AURORA,washed,3188-12-12 00:00:00
JUG_00923,STR_0028,purchased,3188-12-30 00:00:00
JUG_00923,STR_0028,returned_to_store,3189-03-02 00:00:00
JUG_00923,HUB_AURORA,washed,3189-03-07 00:00:00
JUG_00923,STR_0048,purchased,3189-04-01 00:00:00
JUG_00923,STR_0048,returned_to_store,3189-06-20 00:00:00
JUG_00923,HUB_AURORA,washed,3189-06-24 00:00:00
JUG_00923,STR_0027,purchased,3189-07-10 00:00:00
JUG_00923,STR_0027,returned_to_store,3189-10-04 00:00:00
JUG_00923,HUB_AURORA,washed,3189-10-07 00:00:00
JUG_00923,STR_0014,purchased,3189-10-17 00:00:00
JUG_00923,STR_0014,returned_to_store,3190-01-05 00:00:00
JUG_00923,HUB_AURORA,washed,3190-01-10 00:00:00
JUG_00923,STR_0040,purchased,3190-01-25 00:00:00
JUG_00923,STR_0040,returned_to_store,3190-03-25 00:00:00
JUG_00923,HUB_AURORA,washed,3190-03-29 00:00:00
JUG_00923,STR_0003,purchased,3190-04-18 00:00:00
JUG_00923,STR_0003,returned_to_store,3190-06-09 00:00:00
JUG_00923,HUB_AURORA,washed,3190-06-11 00:00:00
JUG_00923,STR_0024,purchased,3190-07-08 00:00:00
JUG_00923,STR_0024,returned_to_store,3190-09-23 00:00:00
JUG_00923,HUB_AURORA,washed,3190-09-25 00:00:00
JUG_00924,STR_0010,purchased,3190-10-20 00:00:00
JUG_00924,STR_0010,returned_to_store,3190-12-14 00:00:00
JUG_00924,HUB_AURORA,washed,3190-12-17 00:00:00
JUG_00924,STR_0046,purchased,3191-01-03 00:00:00
JUG_00924,STR_0046,returned_to_store,3191-04-02 00:00:00
JUG_00924,HUB_AURORA,washed,3191-04-04 00:00:00
JUG_00924,STR_0009,purchased,3191-04-28 00:00:00
JUG_00924,STR_0009,returned_to_store,3191-07-02 00:00:00
JUG_00924,HUB_AURORA,washed,3191-07-07 00:00:00
JUG_00925,STR_0018,purchased,3191-07-30 00:00:00
JUG_00925,STR_0018,returned_to_store,3191-10-15 00:00:00
JUG_00925,HUB_AURORA,washed,3191-10-18 00:00:00
JUG_00925,STR_0011,purchased,3191-11-15 00:00:00
JUG_00925,STR_0011,returned_to_store,3192-02-04 00:00:00
JUG_00925,HUB_AURORA,washed,3192-02-08 00:00:00
JUG_00925,STR_0011,purchased,3192-02-21 00:00:00
JUG_00925,STR_0011,returned_to_store,3192-05-03 00:00:00
JUG_00925,HUB_AURORA,washed,3192-05-05 00:00:00
JUG_00925,STR_0009,purchased,3192-05-20 00:00:00
JUG_00925,STR_0009,returned_to_store,3192-08-12 00:00:00
JUG_00925,HUB_AURORA,washed,3192-08-17 00:00:00
JUG_00925,STR_0008,purchased,3192-09-02 00:00:00
JUG_00925,STR_0008,returned_to_store,3192-11-14 00:00:00
JUG_00925,HUB_AURORA,washed,3192-11-16 00:00:00
JUG_00926,STR_0033,purchased,3192-12-02 00:00:00
JUG_00926,STR_0033,returned_to_store,3193-03-02 00:00:00
JUG_00926,HUB_AURORA,washed,3193-03-05 00:00:00
JUG_00926,STR_0036,purchased,3193-03-27 00:00:00
JUG_00926,UNKNOWN,lost_to_leakage,3193-06-09 00:00:00
JUG_00927,STR_0003,purchased,3193-07-09 00:00:00
JUG_00927,STR_0003,returned_to_store,3193-10-16 00:00:00
JUG_00927,HUB_AURORA,washed,3193-10-20 00:00:00
JUG_00927,STR_0012,purchased,3193-10-29 00:00:00
JUG_00927,STR_0012,returned_to_store,3194-01-20 00:00:00
JUG_00927,HUB_AURORA,washed,3194-01-25 00:00:00
JUG_00927,STR_0040,purchased,3194-02-08 00:00:00
JUG_00927,STR_0040,returned_to_store,3194-05-08 00:00:00
JUG_00927,HUB_AURORA,washed,3194-05-13 00:00:00
JUG_00927,STR_0024,purchased,3194-05-20 00:00:00
JUG_00927,UNKNOWN,lost_to_leakage,3194-08-09 00:00:00
JUG_00928,STR_0001,purchased,3194-09-03 00:00:00
JUG_00928,STR_0001,returned_to_store,3194-12-09 00:00:00
JUG_00928,HUB_AURORA,washed,3194-12-13 00:00:00
JUG_00928,STR_0037,purchased,3194-12-25 00:00:00
JUG_00928,UNKNOWN,lost_to_leakage,3195-03-21 00:00:00
JUG_00929,STR_0043,purchased,3195-04-07 00:00:00
JUG_00929,STR_0043,returned_to_store,3195-06-24 00:00:00
JUG_00929,HUB_AURORA,washed,3195-06-29 00:00:00
JUG_00929,STR_0046,purchased,3195-07-29 00:00:00
JUG_00929,STR_0046,returned_to_store,3195-10-16 00:00:00
JUG_00929,HUB_AURORA,washed,3195-10-21 00:00:00
JUG_00929,STR_0035,purchased,3195-10-29 00:00:00
JUG_00929,STR_0035,returned_to_store,3195-12-22 00:00:00
JUG_00929,HUB_AURORA,washed,3195-12-26 00:00:00
JUG_00929,STR_0024,purchased,3196-01-17 00:00:00
JUG_00929,STR_0024,returned_to_store,3196-03-24 00:00:00
JUG_00929,HUB_AURORA,washed,3196-03-27 00:00:00
JUG_00930,STR_0038,purchased,3196-04-23 00:00:00
JUG_00930,STR_0038,returned_to_store,3196-07-08 00:00:00
JUG_00930,HUB_AURORA,washed,3196-07-12 00:00:00
JUG_00930,STR_0037,purchased,3196-08-09 00:00:00
JUG_00930,STR_0037,returned_to_store,3196-10-27 00:00:00
JUG_00930,HUB_AURORA,washed,3196-11-01 00:00:00
JUG_00930,STR_0009,purchased,3196-11-28 00:00:00
JUG_00930,STR_0009,returned_to_store,3197-02-27 00:00:00
JUG_00930,HUB_AURORA,washed,3197-03-04 00:00:00
JUG_00930,STR_0037,purchased,3197-03-22 00:00:00
JUG_00930,STR_0037,returned_to_store,3197-05-20 00:00:00
JUG_00930,HUB_AURORA,washed,3197-05-23 00:00:00
JUG_00930,STR_0020,purchased,3197-06-10 00:00:00
JUG_00930,STR_0020,returned_to_store,3197-09-10 00:00:00
JUG_00930,HUB_AURORA,washed,3197-09-13 00:00:00
JUG_00930,STR_0039,purchased,3197-09-22 00:00:00
JUG_00930,STR_0039,returned_to_store,3197-11-26 00:00:00
JUG_00930,HUB_AURORA,washed,3197-11-30 00:00:00
JUG_00930,STR_0017,purchased,3197-12-15 00:00:00
JUG_00930,STR_0017,returned_to_store,3198-02-27 00:00:00
JUG_00930,HUB_AURORA,washed,3198-03-02 00:00:00
JUG_00930,STR_0015,purchased,3198-03-31 00:00:00
JUG_00930,STR_0015,returned_to_store,3198-06-07 00:00:00
JUG_00930,HUB_AURORA,washed,3198-06-10 00:00:00
JUG_00930,STR_0012,purchased,3198-07-03 00:00:00
JUG_00930,STR_0012,returned_to_store,3198-08-28 00:00:00
JUG_00930,HUB_AURORA,washed,3198-09-01 00:00:00
JUG_00931,STR_0016,purchased,3198-09-08 00:00:00
JUG_00931,STR_0016,returned_to_store,3198-11-26 00:00:00
JUG_00931,HUB_AURORA,washed,3198-11-29 00:00:00
JUG_00931,STR_0036,purchased,3198-12-23 00:00:00
JUG_00931,STR_0036,returned_to_store,3199-02-22 00:00:00
JUG_00931,HUB_AURORA,washed,3199-02-26 00:00:00
JUG_00931,STR_0013,purchased,3199-03-14 00:00:00
JUG_00931,STR_0013,returned_to_store,3199-05-10 00:00:00
JUG_00931,HUB_AURORA,washed,3199-05-12 00:00:00
JUG_00931,STR_0009,purchased,3199-05-25 00:00:00
JUG_00931,UNKNOWN,lost_to_leakage,3199-07-29 00:00:00
JUG_00932,STR_0007,purchased,3199-08-28 00:00:00
JUG_00932,STR_0007,returned_to_store,3199-12-09 00:00:00
JUG_00932,HUB_AURORA,washed,3199-12-12 00:00:00
JUG_00932,STR_0020,purchased,3200-01-04 00:00:00
JUG_00932,STR_0020,returned_to_store,3200-03-18 00:00:00
JUG_00932,HUB_AURORA,washed,3200-03-23 00:00:00
JUG_00932,STR_0048,purchased,3200-04-22 00:00:00
JUG_00932,STR_0048,returned_to_store,3200-06-27 00:00:00
JUG_00932,HUB_AURORA,washed,3200-07-01 00:00:00
JUG_00932,STR_0047,purchased,3200-07-13 00:00:00
JUG_00932,STR_0047,returned_to_store,3200-09-20 00:00:00
JUG_00932,HUB_AURORA,washed,3200-09-23 00:00:00
JUG_00932,STR_0025,purchased,3200-10-23 00:00:00
JUG_00932,STR_0025,returned_to_store,3201-01-10 00:00:00
JUG_00932,HUB_AURORA,washed,3201-01-15 00:00:00
JUG_00932,STR_0024,purchased,3201-01-24 00:00:00
JUG_00932,STR_0024,returned_to_store,3201-04-20 00:00:00
JUG_00932,HUB_AURORA,washed,3201-04-23 00:00:00
JUG_00933,STR_0041,purchased,3201-05-05 00:00:00
JUG_00933,UNKNOWN,lost_to_leakage,3201-07-19 00:00:00
JUG_00934,STR_0036,purchased,3201-08-02 00:00:00
JUG_00934,STR_0036,returned_to_store,3201-11-04 00:00:00
JUG_00934,HUB_AURORA,washed,3201-11-09 00:00:00
JUG_00934,STR_0018,purchased,3201-12-06 00:00:00
JUG_00934,STR_0018,returned_to_store,3202-02-04 00:00:00
JUG_00934,HUB_AURORA,washed,3202-02-08 00:00:00
JUG_00934,STR_0030,purchased,3202-03-09 00:00:00
JUG_00934,UNKNOWN,lost_to_leakage,3202-05-13 00:00:00
JUG_00935,STR_0045,purchased,3202-05-24 00:00:00
JUG_00935,STR_0045,returned_to_store,3202-08-18 00:00:00
JUG_00935,HUB_AURORA,washed,3202-08-20 00:00:00
JUG_00935,STR_0002,purchased,3202-08-30 00:00:00
JUG_00935,STR_0002,returned_to_store,3202-12-01 00:00:00
JUG_00935,HUB_AURORA,washed,3202-12-06 00:00:00
JUG_00935,STR_0020,purchased,3202-12-24 00:00:00
JUG_00935,STR_0020,returned_to_store,3203-03-15 00:00:00
JUG_00935,HUB_AURORA,washed,3203-03-17 00:00:00
JUG_00935,STR_0037,purchased,3203-04-14 00:00:00
JUG_00935,STR_0037,returned_to_store,3203-07-05 00:00:00
JUG_00935,HUB_AURORA,washed,3203-07-09 00:00:00
JUG_00935,STR_0034,purchased,3203-08-01 00:00:00
JUG_00935,STR_0034,returned_to_store,3203-10-22 00:00:00
JUG_00935,HUB_AURORA,washed,3203-10-26 00:00:00
JUG_00935,STR_0007,purchased,3203-11-10 00:00:00
JUG_00935,STR_0007,returned_to_store,3204-01-24 00:00:00
JUG_00935,HUB_AURORA,washed,3204-01-28 00:00:00
JUG_00936,STR_0021,purchased,3204-02-20 00:00:00
JUG_00936,STR_0021,returned_to_store,3204-04-12 00:00:00
JUG_00936,HUB_AURORA,washed,3204-04-16 00:00:00
JUG_00936,STR_0042,purchased,3204-04-23 00:00:00
JUG_00936,STR_0042,returned_to_store,3204-07-25 00:00:00
JUG_00936,HUB_AURORA,washed,3204-07-28 00:00:00
JUG_00936,STR_0036,purchased,3204-08-26 00:00:00
JUG_00936,STR_0036,returned_to_store,3204-11-15 00:00:00
JUG_00936,HUB_AURORA,washed,3204-11-18 00:00:00
JUG_00936,STR_0034,purchased,3204-12-12 00:00:00
JUG_00936,UNKNOWN,lost_to_leakage,3205-03-21 00:00:00
JUG_00937,STR_0021,purchased,3205-04-05 00:00:00
JUG_00937,STR_0021,returned_to_store,3205-05-30 00:00:00
JUG_00937,HUB_AURORA,washed,3205-06-04 00:00:00
JUG_00937,STR_0009,purchased,3205-06-23 00:00:00
JUG_00937,UNKNOWN,lost_to_leakage,3205-09-06 00:00:00
JUG_00938,STR_0039,purchased,3205-09-14 00:00:00
JUG_00938,STR_0039,returned_to_store,3205-12-06 00:00:00
JUG_00938,HUB_AURORA,washed,3205-12-11 00:00:00
JUG_00938,STR_0026,purchased,3205-12-20 00:00:00
JUG_00938,STR_0026,returned_to_store,3206-03-14 00:00:00
JUG_00938,HUB_AURORA,washed,3206-03-17 00:00:00
JUG_00938,STR_0047,purchased,3206-04-09 00:00:00
JUG_00938,STR_0047,returned_to_store,3206-07-09 00:00:00
JUG_00938,HUB_AURORA,washed,3206-07-14 00:00:00
JUG_00938,STR_0047,purchased,3206-08-10 00:00:00
JUG_00938,STR_0047,returned_to_store,3206-11-02 00:00:00
JUG_00938,HUB_AURORA,washed,3206-11-05 00:00:00
JUG_00938,STR_0043,purchased,3206-11-16 00:00:00
JUG_00938,STR_0043,returned_to_store,3207-02-04 00:00:00
JUG_00938,HUB_AURORA,washed,3207-02-08 00:00:00
JUG_00938,STR_0019,purchased,3207-02-24 00:00:00
JUG_00938,STR_0019,returned_to_store,3207-05-25 00:00:00
JUG_00938,HUB_AURORA,washed,3207-05-27 00:00:00
JUG_00938,STR_0033,purchased,3207-06-12 00:00:00
JUG_00938,STR_0033,returned_to_store,3207-08-29 00:00:00
JUG_00938,HUB_AURORA,washed,3207-09-03 00:00:00
JUG_00938,STR_0049,purchased,3207-09-10 00:00:00
JUG_00938,STR_0049,returned_to_store,3207-12-11 00:00:00
JUG_00938,HUB_AURORA,washed,3207-12-16 00:00:00
JUG_00938,STR_0045,purchased,3207-12-27 00:00:00
JUG_00938,STR_0045,returned_to_store,3208-03-01 00:00:00
JUG_00938,HUB_AURORA,washed,3208-03-06 00:00:00
JUG_00938,STR_0032,purchased,3208-04-01 00:00:00
JUG_00938,STR_0032,returned_to_store,3208-06-05 00:00:00
JUG_00938,HUB_AURORA,washed,3208-06-07 00:00:00
JUG_00939,STR_0027,purchased,3208-07-04 00:00:00
JUG_00939,STR_0027,returned_to_store,3208-10-11 00:00:00
JUG_00939,HUB_AURORA,washed,3208-10-13 00:00:00
JUG_00939,STR_0045,purchased,3208-10-21 00:00:00
JUG_00939,STR_0045,returned_to_store,3208-12-18 00:00:00
JUG_00939,HUB_AURORA,washed,3208-12-23 00:00:00
JUG_00939,STR_0006,purchased,3209-01-21 00:00:00
JUG_00939,STR_0006,returned_to_store,3209-04-16 00:00:00
JUG_00939,HUB_AURORA,washed,3209-04-21 00:00:00
JUG_00939,STR_0037,purchased,3209-05-12 00:00:00
JUG_00939,STR_0037,returned_to_store,3209-07-14 00:00:00
JUG_00939,HUB_AURORA,washed,3209-07-19 00:00:00
JUG_00939,STR_0014,purchased,3209-07-26 00:00:00
JUG_00939,STR_0014,returned_to_store,3209-10-07 00:00:00
JUG_00939,HUB_AURORA,washed,3209-10-10 00:00:00
JUG_00939,STR_0039,purchased,3209-11-06 00:00:00
JUG_00939,STR_0039,returned_to_store,3210-01-15 00:00:00
JUG_00939,HUB_AURORA,washed,3210-01-19 00:00:00
JUG_00939,STR_0019,purchased,3210-02-11 00:00:00
JUG_00939,STR_0019,returned_to_store,3210-04-02 00:00:00
JUG_00939,HUB_AURORA,washed,3210-04-04 00:00:00
JUG_00939,STR_0013,purchased,3210-04-30 00:00:00
JUG_00939,UNKNOWN,lost_to_leakage,3210-07-27 00:00:00
JUG_00940,STR_0036,purchased,3210-08-15 00:00:00
JUG_00940,STR_0036,returned_to_store,3210-11-08 00:00:00
JUG_00940,HUB_AURORA,washed,3210-11-12 00:00:00
JUG_00940,STR_0028,purchased,3210-11-30 00:00:00
JUG_00940,STR_0028,returned_to_store,3211-02-24 00:00:00
JUG_00940,HUB_AURORA,washed,3211-02-26 00:00:00
JUG_00940,STR_0026,purchased,3211-03-24 00:00:00
JUG_00940,STR_0026,returned_to_store,3211-06-25 00:00:00
JUG_00940,HUB_AURORA,washed,3211-06-27 00:00:00
JUG_00940,STR_0042,purchased,3211-07-15 00:00:00
JUG_00940,STR_0042,returned_to_store,3211-09-13 00:00:00
JUG_00940,HUB_AURORA,washed,3211-09-18 00:00:00
JUG_00940,STR_0010,purchased,3211-10-14 00:00:00
JUG_00940,STR_0010,returned_to_store,3211-12-07 00:00:00
JUG_00940,HUB_AURORA,washed,3211-12-11 00:00:00
JUG_00941,STR_0004,purchased,3212-01-03 00:00:00
JUG_00941,UNKNOWN,lost_to_leakage,3212-03-07 00:00:00
JUG_00942,STR_0022,purchased,3212-03-19 00:00:00
JUG_00942,STR_0022,returned_to_store,3212-06-19 00:00:00
JUG_00942,HUB_AURORA,washed,3212-06-23 00:00:00
JUG_00942,STR_0047,purchased,3212-07-09 00:00:00
JUG_00942,UNKNOWN,lost_to_leakage,3212-09-03 00:00:00
JUG_00943,STR_0027,purchased,3212-09-28 00:00:00
JUG_00943,STR_0027,returned_to_store,3212-12-17 00:00:00
JUG_00943,HUB_AURORA,washed,3212-12-21 00:00:00
JUG_00943,STR_0044,purchased,3213-01-16 00:00:00
JUG_00943,STR_0044,returned_to_store,3213-04-06 00:00:00
JUG_00943,HUB_AURORA,washed,3213-04-10 00:00:00
JUG_00943,STR_0008,purchased,3213-05-05 00:00:00
JUG_00943,UNKNOWN,lost_to_leakage,3213-07-13 00:00:00
JUG_00944,STR_0000,purchased,3213-07-30 00:00:00
JUG_00944,STR_0000,returned_to_store,3213-10-17 00:00:00
JUG_00944,HUB_AURORA,washed,3213-10-22 00:00:00
JUG_00944,STR_0031,purchased,3213-11-11 00:00:00
JUG_00944,STR_0031,returned_to_store,3214-01-24 00:00:00
JUG_00944,HUB_AURORA,washed,3214-01-28 00:00:00
JUG_00944,STR_0013,purchased,3214-02-10 00:00:00
JUG_00944,STR_0013,returned_to_store,3214-04-15 00:00:00
JUG_00944,HUB_AURORA,washed,3214-04-17 00:00:00
JUG_00944,STR_0024,purchased,3214-04-30 00:00:00
JUG_00944,STR_0024,returned_to_store,3214-08-03 00:00:00
JUG_00944,HUB_AURORA,washed,3214-08-07 00:00:00
JUG_00944,STR_0018,purchased,3214-08-23 00:00:00
JUG_00944,STR_0018,returned_to_store,3214-11-17 00:00:00
JUG_00944,HUB_AURORA,washed,3214-11-21 00:00:00
JUG_00945,STR_0046,purchased,3214-12-06 00:00:00
JUG_00945,STR_0046,returned_to_store,3215-02-07 00:00:00
JUG_00945,HUB_AURORA,washed,3215-02-12 00:00:00
JUG_00945,STR_0027,purchased,3215-02-24 00:00:00
JUG_00945,STR_0027,returned_to_store,3215-04-22 00:00:00
JUG_00945,HUB_AURORA,washed,3215-04-26 00:00:00
JUG_00945,STR_0049,purchased,3215-05-13 00:00:00
JUG_00945,STR_0049,returned_to_store,3215-08-05 00:00:00
JUG_00945,HUB_AURORA,washed,3215-08-09 00:00:00
JUG_00945,STR_0015,purchased,3215-08-19 00:00:00
JUG_00945,STR_0015,returned_to_store,3215-10-18 00:00:00
JUG_00945,HUB_AURORA,washed,3215-10-21 00:00:00
JUG_00945,STR_0017,purchased,3215-11-18 00:00:00
JUG_00945,STR_0017,returned_to_store,3216-01-13 00:00:00
JUG_00945,HUB_AURORA,washed,3216-01-15 00:00:00
JUG_00946,STR_0017,purchased,3216-02-04 00:00:00
JUG_00946,STR_0017,returned_to_store,3216-05-03 00:00:00
JUG_00946,HUB_AURORA,washed,3216-05-08 00:00:00
JUG_00946,STR_0006,purchased,3216-05-31 00:00:00
JUG_00946,UNKNOWN,lost_to_leakage,3216-08-07 00:00:00
JUG_00947,STR_0036,purchased,3216-08-27 00:00:00
JUG_00947,STR_0036,returned_to_store,3216-10-18 00:00:00
JUG_00947,HUB_AURORA,washed,3216-10-23 00:00:00
JUG_00947,STR_0040,purchased,3216-11-22 00:00:00
JUG_00947,STR_0040,returned_to_store,3217-01-29 00:00:00
JUG_00947,HUB_AURORA,washed,3217-02-01 00:00:00
JUG_00947,STR_0019,purchased,3217-03-03 00:00:00
JUG_00947,UNKNOWN,lost_to_leakage,3217-05-23 00:00:00
JUG_00948,STR_0048,purchased,3217-06-02 00:00:00
JUG_00948,STR_0048,returned_to_store,3217-08-18 00:00:00
JUG_00948,HUB_AURORA,washed,3217-08-21 00:00:00
JUG_00948,STR_0009,purchased,3217-09-13 00:00:00
JUG_00948,STR_0009,returned_to_store,3217-11-01 00:00:00
JUG_00948,HUB_AURORA,washed,3217-11-06 00:00:00
JUG_00948,STR_0026,purchased,3217-11-29 00:00:00
JUG_00948,STR_0026,returned_to_store,3218-01-18 00:00:00
JUG_00948,HUB_AURORA,washed,3218-01-23 00:00:00
JUG_00948,STR_0008,purchased,3218-02-20 00:00:00
JUG_00948,STR_0008,returned_to_store,3218-05-14 00:00:00
JUG_00948,HUB_AURORA,washed,3218-05-19 00:00:00
JUG_00949,STR_0015,purchased,3218-06-06 00:00:00
JUG_00949,STR_0015,returned_to_store,3218-08-01 00:00:00
JUG_00949,HUB_AURORA,washed,3218-08-05 00:00:00
JUG_00949,STR_0009,purchased,3218-08-12 00:00:00
JUG_00949,STR_0009,returned_to_store,3218-11-06 00:00:00
JUG_00949,HUB_AURORA,washed,3218-11-11 00:00:00
JUG_00949,STR_0039,purchased,3218-12-10 00:00:00
JUG_00949,STR_0039,returned_to_store,3219-02-15 00:00:00
JUG_00949,HUB_AURORA,washed,3219-02-19 00:00:00
JUG_00949,STR_0028,purchased,3219-03-16 00:00:00
JUG_00949,STR_0028,returned_to_store,3219-06-23 00:00:00
JUG_00949,HUB_AURORA,washed,3219-06-25 00:00:00
JUG_00949,STR_0004,purchased,3219-07-23 00:00:00
JUG_00949,STR_0004,returned_to_store,3219-10-07 00:00:00
JUG_00949,HUB_AURORA,washed,3219-10-11 00:00:00
JUG_00949,STR_0034,purchased,3219-10-29 00:00:00
JUG_00949,STR_0034,returned_to_store,3220-01-07 00:00:00
JUG_00949,HUB_AURORA,washed,3220-01-11 00:00:00
JUG_00949,STR_0049,purchased,3220-01-24 00:00:00
JUG_00949,STR_0049,returned_to_store,3220-03-18 00:00:00
JUG_00949,HUB_AURORA,washed,3220-03-23 00:00:00
JUG_00949,STR_0029,purchased,3220-04-11 00:00:00
JUG_00949,STR_0029,returned_to_store,3220-07-08 00:00:00
JUG_00949,HUB_AURORA,washed,3220-07-10 00:00:00
JUG_00949,STR_0037,purchased,3220-08-03 00:00:00
JUG_00949,UNKNOWN,lost_to_leakage,3220-11-01 00:00:00
JUG_00950,STR_0017,purchased,3220-11-18 00:00:00
JUG_00950,STR_0017,returned_to_store,3221-02-24 00:00:00
JUG_00950,HUB_AURORA,washed,3221-02-26 00:00:00
JUG_00950,STR_0015,purchased,3221-03-11 00:00:00
JUG_00950,UNKNOWN,lost_to_leakage,3221-05-14 00:00:00
JUG_00951,STR_0002,purchased,3221-06-06 00:00:00
JUG_00951,STR_0002,returned_to_store,3221-08-18 00:00:00
JUG_00951,HUB_AURORA,washed,3221-08-21 00:00:00
JUG_00951,STR_0028,purchased,3221-09-07 00:00:00
JUG_00951,STR_0028,returned_to_store,3221-11-25 00:00:00
JUG_00951,HUB_AURORA,washed,3221-11-29 00:00:00
JUG_00951,STR_0006,purchased,3221-12-08 00:00:00
JUG_00951,STR_0006,returned_to_store,3222-02-24 00:00:00
JUG_00951,HUB_AURORA,washed,3222-03-01 00:00:00
JUG_00951,STR_0027,purchased,3222-03-30 00:00:00
JUG_00951,STR_0027,returned_to_store,3222-06-17 00:00:00
JUG_00951,HUB_AURORA,washed,3222-06-19 00:00:00
JUG_00952,STR_0041,purchased,3222-07-04 00:00:00
JUG_00952,STR_0041,returned_to_store,3222-10-12 00:00:00
JUG_00952,HUB_AURORA,washed,3222-10-14 00:00:00
JUG_00952,STR_0027,purchased,3222-10-21 00:00:00
JUG_00952,STR_0027,returned_to_store,3222-12-23 00:00:00
JUG_00952,HUB_AURORA,washed,3222-12-25 00:00:00
JUG_00952,STR_0026,purchased,3223-01-01 00:00:00
JUG_00952,STR_0026,returned_to_store,3223-04-04 00:00:00
JUG_00952,HUB_AURORA,washed,3223-04-07 00:00:00
JUG_00952,STR_0018,purchased,3223-05-05 00:00:00
JUG_00952,STR_0018,returned_to_store,3223-07-21 00:00:00
JUG_00952,HUB_AURORA,washed,3223-07-24 00:00:00
JUG_00952,STR_0017,purchased,3223-08-08 00:00:00
JUG_00952,STR_0017,returned_to_store,3223-09-30 00:00:00
JUG_00952,HUB_AURORA,washed,3223-10-03 00:00:00
JUG_00952,STR_0021,purchased,3223-10-25 00:00:00
JUG_00952,STR_0021,returned_to_store,3224-01-26 00:00:00
JUG_00952,HUB_AURORA,washed,3224-01-28 00:00:00
JUG_00953,STR_0004,purchased,3224-02-27 00:00:00
JUG_00953,STR_0004,returned_to_store,3224-04-24 00:00:00
JUG_00953,HUB_AURORA,washed,3224-04-27 00:00:00
JUG_00953,STR_0014,purchased,3224-05-24 00:00:00
JUG_00953,STR_0014,returned_to_store,3224-08-17 00:00:00
JUG_00953,HUB_AURORA,washed,3224-08-21 00:00:00
JUG_00953,STR_0017,purchased,3224-09-12 00:00:00
JUG_00953,STR_0017,returned_to_store,3224-12-19 00:00:00
JUG_00953,HUB_AURORA,washed,3224-12-22 00:00:00
JUG_00953,STR_0014,purchased,3225-01-02 00:00:00
JUG_00953,STR_0014,returned_to_store,3225-03-02 00:00:00
JUG_00953,HUB_AURORA,washed,3225-03-05 00:00:00
JUG_00953,STR_0033,purchased,3225-03-19 00:00:00
JUG_00953,STR_0033,returned_to_store,3225-05-19 00:00:00
JUG_00953,HUB_AURORA,washed,3225-05-22 00:00:00
JUG_00954,STR_0010,purchased,3225-06-01 00:00:00
JUG_00954,STR_0010,returned_to_store,3225-09-01 00:00:00
JUG_00954,HUB_AURORA,washed,3225-09-06 00:00:00
JUG_00954,STR_0034,purchased,3225-09-19 00:00:00
JUG_00954,STR_0034,returned_to_store,3225-11-29 00:00:00
JUG_00954,HUB_AURORA,washed,3225-12-04 00:00:00
JUG_00954,STR_0028,purchased,3225-12-17 00:00:00
JUG_00954,STR_0028,returned_to_store,3226-03-29 00:00:00
JUG_00954,HUB_AURORA,washed,3226-04-03 00:00:00
JUG_00954,STR_0009,purchased,3226-04-15 00:00:00
JUG_00954,STR_0009,returned_to_store,3226-06-17 00:00:00
JUG_00954,HUB_AURORA,washed,3226-06-19 00:00:00
JUG_00955,STR_0043,purchased,3226-07-14 00:00:00
JUG_00955,STR_0043,returned_to_store,3226-10-18 00:00:00
JUG_00955,HUB_AURORA,washed,3226-10-20 00:00:00
JUG_00955,STR_0038,purchased,3226-11-09 00:00:00
JUG_00955,STR_0038,returned_to_store,3227-01-21 00:00:00
JUG_00955,HUB_AURORA,washed,3227-01-26 00:00:00
JUG_00955,STR_0042,purchased,3227-02-25 00:00:00
JUG_00955,STR_0042,returned_to_store,3227-06-01 00:00:00
JUG_00955,HUB_AURORA,washed,3227-06-05 00:00:00
JUG_00955,STR_0020,purchased,3227-06-21 00:00:00
JUG_00955,STR_0020,returned_to_store,3227-09-09 00:00:00
JUG_00955,HUB_AURORA,washed,3227-09-13 00:00:00
JUG_00955,STR_0035,purchased,3227-09-20 00:00:00
JUG_00955,STR_0035,returned_to_store,3227-12-14 00:00:00
JUG_00955,HUB_AURORA,washed,3227-12-18 00:00:00
JUG_00956,STR_0026,purchased,3228-01-14 00:00:00
JUG_00956,STR_0026,returned_to_store,3228-04-22 00:00:00
JUG_00956,HUB_AURORA,washed,3228-04-24 00:00:00
JUG_00956,STR_0027,purchased,3228-05-08 00:00:00
JUG_00956,STR_0027,returned_to_store,3228-07-27 00:00:00
JUG_00956,HUB_AURORA,washed,3228-07-31 00:00:00
JUG_00956,STR_0023,purchased,3228-08-21 00:00:00
JUG_00956,STR_0023,returned_to_store,3228-10-26 00:00:00
JUG_00956,HUB_AURORA,washed,3228-10-28 00:00:00
JUG_00956,STR_0037,purchased,3228-11-09 00:00:00
JUG_00956,STR_0037,returned_to_store,3229-02-04 00:00:00
JUG_00956,HUB_AURORA,washed,3229-02-09 00:00:00
JUG_00956,STR_0031,purchased,3229-02-27 00:00:00
JUG_00956,STR_0031,returned_to_store,3229-05-29 00:00:00
JUG_00956,HUB_AURORA,washed,3229-06-03 00:00:00
JUG_00956,STR_0022,purchased,3229-06-17 00:00:00
JUG_00956,STR_0022,returned_to_store,3229-09-14 00:00:00
JUG_00956,HUB_AURORA,washed,3229-09-19 00:00:00
JUG_00956,STR_0044,purchased,3229-10-12 00:00:00
JUG_00956,STR_0044,returned_to_store,3229-12-11 00:00:00
JUG_00956,HUB_AURORA,washed,3229-12-15 00:00:00
JUG_00957,STR_0043,purchased,3229-12-31 00:00:00
JUG_00957,STR_0043,returned_to_store,3230-03-26 00:00:00
JUG_00957,HUB_AURORA,washed,3230-03-30 00:00:00
JUG_00957,STR_0012,purchased,3230-04-20 00:00:00
JUG_00957,STR_0012,returned_to_store,3230-07-03 00:00:00
JUG_00957,HUB_AURORA,washed,3230-07-07 00:00:00
JUG_00957,STR_0003,purchased,3230-07-15 00:00:00
JUG_00957,STR_0003,returned_to_store,3230-09-17 00:00:00
JUG_00957,HUB_AURORA,washed,3230-09-21 00:00:00
JUG_00957,STR_0039,purchased,3230-10-11 00:00:00
JUG_00957,STR_0039,returned_to_store,3230-12-13 00:00:00
JUG_00957,HUB_AURORA,washed,3230-12-17 00:00:00
JUG_00957,STR_0035,purchased,3231-01-01 00:00:00
JUG_00957,STR_0035,returned_to_store,3231-02-27 00:00:00
JUG_00957,HUB_AURORA,washed,3231-03-01 00:00:00
JUG_00957,STR_0047,purchased,3231-03-19 00:00:00
JUG_00957,STR_0047,returned_to_store,3231-05-20 00:00:00
JUG_00957,HUB_AURORA,washed,3231-05-25 00:00:00
JUG_00957,STR_0014,purchased,3231-06-18 00:00:00
JUG_00957,STR_0014,returned_to_store,3231-08-17 00:00:00
JUG_00957,HUB_AURORA,washed,3231-08-19 00:00:00
JUG_00957,STR_0028,purchased,3231-09-17 00:00:00
JUG_00957,UNKNOWN,lost_to_leakage,3231-12-15 00:00:00
JUG_00958,STR_0031,purchased,3232-01-13 00:00:00
JUG_00958,STR_0031,returned_to_store,3232-03-29 00:00:00
JUG_00958,HUB_AURORA,washed,3232-03-31 00:00:00
JUG_00958,STR_0013,purchased,3232-04-16 00:00:00
JUG_00958,STR_0013,returned_to_store,3232-07-24 00:00:00
JUG_00958,HUB_AURORA,washed,3232-07-29 00:00:00
JUG_00958,STR_0023,purchased,3232-08-18 00:00:00
JUG_00958,STR_0023,returned_to_store,3232-10-12 00:00:00
JUG_00958,HUB_AURORA,washed,3232-10-17 00:00:00
JUG_00958,STR_0047,purchased,3232-11-01 00:00:00
JUG_00958,STR_0047,returned_to_store,3233-02-04 00:00:00
JUG_00958,HUB_AURORA,washed,3233-02-09 00:00:00
JUG_00958,STR_0016,purchased,3233-03-06 00:00:00
JUG_00958,STR_0016,returned_to_store,3233-05-06 00:00:00
JUG_00958,HUB_AURORA,washed,3233-05-10 00:00:00
JUG_00958,STR_0030,purchased,3233-05-19 00:00:00
JUG_00958,STR_0030,returned_to_store,3233-07-25 00:00:00
JUG_00958,HUB_AURORA,washed,3233-07-29 00:00:00
JUG_00958,STR_0001,purchased,3233-08-09 00:00:00
JUG_00958,STR_0001,returned_to_store,3233-11-09 00:00:00
JUG_00958,HUB_AURORA,washed,3233-11-13 00:00:00
JUG_00958,STR_0003,purchased,3233-11-20 00:00:00
JUG_00958,STR_0003,returned_to_store,3234-01-26 00:00:00
JUG_00958,HUB_AURORA,washed,3234-01-30 00:00:00
JUG_00958,STR_0000,purchased,3234-02-08 00:00:00
JUG_00958,UNKNOWN,lost_to_leakage,3234-05-09 00:00:00
JUG_00959,STR_0018,purchased,3234-05-20 00:00:00
JUG_00959,STR_0018,returned_to_store,3234-08-11 00:00:00
JUG_00959,HUB_AURORA,washed,3234-08-16 00:00:00
JUG_00959,STR_0016,purchased,3234-08-28 00:00:00
JUG_00959,STR_0016,returned_to_store,3234-10-16 00:00:00
JUG_00959,HUB_AURORA,washed,3234-10-20 00:00:00
JUG_00959,STR_0013,purchased,3234-11-03 00:00:00
JUG_00959,STR_0013,returned_to_store,3235-01-09 00:00:00
JUG_00959,HUB_AURORA,washed,3235-01-11 00:00:00
JUG_00959,STR_0034,purchased,3235-02-06 00:00:00
JUG_00959,STR_0034,returned_to_store,3235-04-27 00:00:00
JUG_00959,HUB_AURORA,washed,3235-04-29 00:00:00
JUG_00959,STR_0028,purchased,3235-05-20 00:00:00
JUG_00959,STR_0028,returned_to_store,3235-07-30 00:00:00
JUG_00959,HUB_AURORA,washed,3235-08-02 00:00:00
JUG_00959,STR_0036,purchased,3235-08-31 00:00:00
JUG_00959,STR_0036,returned_to_store,3235-11-21 00:00:00
JUG_00959,HUB_AURORA,washed,3235-11-23 00:00:00
JUG_00959,STR_0026,purchased,3235-12-02 00:00:00
JUG_00959,STR_0026,returned_to_store,3236-02-20 00:00:00
JUG_00959,HUB_AURORA,washed,3236-02-22 00:00:00
JUG_00959,STR_0041,purchased,3236-03-06 00:00:00
JUG_00959,STR_0041,returned_to_store,3236-05-07 00:00:00
JUG_00959,HUB_AURORA,washed,3236-05-09 00:00:00
JUG_00959,STR_0024,purchased,3236-06-07 00:00:00
JUG_00959,STR_0024,returned_to_store,3236-08-25 00:00:00
JUG_00959,HUB_AURORA,washed,3236-08-27 00:00:00
JUG_00960,STR_0003,purchased,3236-09-03 00:00:00
JUG_00960,STR_0003,returned_to_store,3236-11-16 00:00:00
JUG_00960,HUB_AURORA,washed,3236-11-18 00:00:00
JUG_00960,STR_0021,purchased,3236-12-07 00:00:00
JUG_00960,STR_0021,returned_to_store,3237-01-30 00:00:00
JUG_00960,HUB_AURORA,washed,3237-02-02 00:00:00
JUG_00960,STR_0002,purchased,3237-02-18 00:00:00
JUG_00960,STR_0002,returned_to_store,3237-05-20 00:00:00
JUG_00960,HUB_AURORA,washed,3237-05-23 00:00:00
JUG_00960,STR_0049,purchased,3237-06-22 00:00:00
JUG_00960,STR_0049,returned_to_store,3237-08-31 00:00:00
JUG_00960,HUB_AURORA,washed,3237-09-04 00:00:00
JUG_00960,STR_0010,purchased,3237-09-17 00:00:00
JUG_00960,STR_0010,returned_to_store,3237-11-17 00:00:00
JUG_00960,HUB_AURORA,washed,3237-11-21 00:00:00
JUG_00960,STR_0040,purchased,3237-12-06 00:00:00
JUG_00960,STR_0040,returned_to_store,3238-02-21 00:00:00
JUG_00960,HUB_AURORA,washed,3238-02-26 00:00:00
JUG_00960,STR_0007,purchased,3238-03-28 00:00:00
JUG_00960,STR_0007,returned_to_store,3238-05-30 00:00:00
JUG_00960,HUB_AURORA,washed,3238-06-01 00:00:00
JUG_00961,STR_0004,purchased,3238-06-23 00:00:00
JUG_00961,STR_0004,returned_to_store,3238-09-21 00:00:00
JUG_00961,HUB_AURORA,washed,3238-09-24 00:00:00
JUG_00961,STR_0044,purchased,3238-10-12 00:00:00
JUG_00961,STR_0044,returned_to_store,3239-01-11 00:00:00
JUG_00961,HUB_AURORA,washed,3239-01-16 00:00:00
JUG_00961,STR_0019,purchased,3239-02-05 00:00:00
JUG_00961,STR_0019,returned_to_store,3239-05-05 00:00:00
JUG_00961,HUB_AURORA,washed,3239-05-09 00:00:00
JUG_00961,STR_0017,purchased,3239-05-21 00:00:00
JUG_00961,STR_0017,returned_to_store,3239-07-10 00:00:00
JUG_00961,HUB_AURORA,washed,3239-07-14 00:00:00
JUG_00961,STR_0006,purchased,3239-08-03 00:00:00
JUG_00961,STR_0006,returned_to_store,3239-10-09 00:00:00
JUG_00961,HUB_AURORA,washed,3239-10-14 00:00:00
JUG_00961,STR_0035,purchased,3239-10-23 00:00:00
JUG_00961,STR_0035,returned_to_store,3239-12-29 00:00:00
JUG_00961,HUB_AURORA,washed,3240-01-03 00:00:00
JUG_00961,STR_0043,purchased,3240-01-26 00:00:00
JUG_00961,STR_0043,returned_to_store,3240-04-14 00:00:00
JUG_00961,HUB_AURORA,washed,3240-04-18 00:00:00
JUG_00961,STR_0045,purchased,3240-05-02 00:00:00
JUG_00961,STR_0045,returned_to_store,3240-07-26 00:00:00
JUG_00961,HUB_AURORA,washed,3240-07-28 00:00:00
JUG_00962,STR_0039,purchased,3240-08-14 00:00:00
JUG_00962,STR_0039,returned_to_store,3240-10-31 00:00:00
JUG_00962,HUB_AURORA,washed,3240-11-04 00:00:00
JUG_00962,STR_0015,purchased,3240-11-20 00:00:00
JUG_00962,STR_0015,returned_to_store,3241-01-25 00:00:00
JUG_00962,HUB_AURORA,washed,3241-01-28 00:00:00
JUG_00962,STR_0036,purchased,3241-02-11 00:00:00
JUG_00962,STR_0036,returned_to_store,3241-04-11 00:00:00
JUG_00962,HUB_AURORA,washed,3241-04-15 00:00:00
JUG_00962,STR_0049,purchased,3241-04-30 00:00:00
JUG_00962,STR_0049,returned_to_store,3241-06-28 00:00:00
JUG_00962,HUB_AURORA,washed,3241-07-01 00:00:00
JUG_00962,STR_0022,purchased,3241-07-10 00:00:00
JUG_00962,STR_0022,returned_to_store,3241-10-15 00:00:00
JUG_00962,HUB_AURORA,washed,3241-10-18 00:00:00
JUG_00962,STR_0008,purchased,3241-11-08 00:00:00
JUG_00962,UNKNOWN,lost_to_leakage,3241-12-31 00:00:00
JUG_00963,STR_0043,purchased,3242-01-14 00:00:00
JUG_00963,STR_0043,returned_to_store,3242-03-28 00:00:00
JUG_00963,HUB_AURORA,washed,3242-03-30 00:00:00
JUG_00963,STR_0020,purchased,3242-04-19 00:00:00
JUG_00963,STR_0020,returned_to_store,3242-06-19 00:00:00
JUG_00963,HUB_AURORA,washed,3242-06-22 00:00:00
JUG_00963,STR_0042,purchased,3242-07-02 00:00:00
JUG_00963,STR_0042,returned_to_store,3242-10-01 00:00:00
JUG_00963,HUB_AURORA,washed,3242-10-04 00:00:00
JUG_00964,STR_0020,purchased,3242-10-12 00:00:00
JUG_00964,STR_0020,returned_to_store,3243-01-14 00:00:00
JUG_00964,HUB_AURORA,washed,3243-01-17 00:00:00
JUG_00964,STR_0026,purchased,3243-02-11 00:00:00
JUG_00964,STR_0026,returned_to_store,3243-05-05 00:00:00
JUG_00964,HUB_AURORA,washed,3243-05-10 00:00:00
JUG_00964,STR_0003,purchased,3243-06-07 00:00:00
JUG_00964,STR_0003,returned_to_store,3243-08-17 00:00:00
JUG_00964,HUB_AURORA,washed,3243-08-22 00:00:00
JUG_00965,STR_0036,purchased,3243-09-11 00:00:00
JUG_00965,STR_0036,returned_to_store,3243-11-17 00:00:00
JUG_00965,HUB_AURORA,washed,3243-11-19 00:00:00
JUG_00965,STR_0022,purchased,3243-12-09 00:00:00
JUG_00965,STR_0022,returned_to_store,3244-02-20 00:00:00
JUG_00965,HUB_AURORA,washed,3244-02-22 00:00:00
JUG_00965,STR_0013,purchased,3244-03-04 00:00:00
JUG_00965,STR_0013,returned_to_store,3244-04-30 00:00:00
JUG_00965,HUB_AURORA,washed,3244-05-02 00:00:00
JUG_00965,STR_0010,purchased,3244-05-26 00:00:00
JUG_00965,STR_0010,returned_to_store,3244-08-26 00:00:00
JUG_00965,HUB_AURORA,washed,3244-08-29 00:00:00
JUG_00965,STR_0015,purchased,3244-09-25 00:00:00
JUG_00965,STR_0015,returned_to_store,3244-12-12 00:00:00
JUG_00965,HUB_AURORA,washed,3244-12-15 00:00:00
JUG_00965,STR_0018,purchased,3244-12-25 00:00:00
JUG_00965,STR_0018,returned_to_store,3245-03-27 00:00:00
JUG_00965,HUB_AURORA,washed,3245-03-31 00:00:00
JUG_00965,STR_0032,purchased,3245-04-27 00:00:00
JUG_00965,STR_0032,returned_to_store,3245-07-01 00:00:00
JUG_00965,HUB_AURORA,washed,3245-07-06 00:00:00
JUG_00965,STR_0014,purchased,3245-07-15 00:00:00
JUG_00965,STR_0014,returned_to_store,3245-09-26 00:00:00
JUG_00965,HUB_AURORA,washed,3245-09-29 00:00:00
JUG_00965,STR_0036,purchased,3245-10-06 00:00:00
JUG_00965,UNKNOWN,lost_to_leakage,3245-12-09 00:00:00
JUG_00966,STR_0033,purchased,3246-01-01 00:00:00
JUG_00966,STR_0033,returned_to_store,3246-04-11 00:00:00
JUG_00966,HUB_AURORA,washed,3246-04-13 00:00:00
JUG_00966,STR_0009,purchased,3246-05-01 00:00:00
JUG_00966,STR_0009,returned_to_store,3246-07-05 00:00:00
JUG_00966,HUB_AURORA,washed,3246-07-10 00:00:00
JUG_00966,STR_0014,purchased,3246-08-01 00:00:00
JUG_00966,UNKNOWN,lost_to_leakage,3246-10-28 00:00:00
JUG_00967,STR_0037,purchased,3246-11-05 00:00:00
JUG_00967,STR_0037,returned_to_store,3247-01-21 00:00:00
JUG_00967,HUB_AURORA,washed,3247-01-24 00:00:00
JUG_00967,STR_0048,purchased,3247-02-11 00:00:00
JUG_00967,STR_0048,returned_to_store,3247-04-26 00:00:00
JUG_00967,HUB_AURORA,washed,3247-04-28 00:00:00
JUG_00967,STR_0040,purchased,3247-05-24 00:00:00
JUG_00967,STR_0040,returned_to_store,3247-07-23 00:00:00
JUG_00967,HUB_AURORA,washed,3247-07-25 00:00:00
JUG_00967,STR_0031,purchased,3247-08-18 00:00:00
JUG_00967,STR_0031,returned_to_store,3247-11-17 00:00:00
JUG_00967,HUB_AURORA,washed,3247-11-19 00:00:00
JUG_00968,STR_0006,purchased,3247-12-11 00:00:00
JUG_00968,STR_0006,returned_to_store,3248-02-06 00:00:00
JUG_00968,HUB_AURORA,washed,3248-02-11 00:00:00
JUG_00968,STR_0028,purchased,3248-03-02 00:00:00
JUG_00968,STR_0028,returned_to_store,3248-05-30 00:00:00
JUG_00968,HUB_AURORA,washed,3248-06-02 00:00:00
JUG_00968,STR_0021,purchased,3248-06-24 00:00:00
JUG_00968,STR_0021,returned_to_store,3248-09-25 00:00:00
JUG_00968,HUB_AURORA,washed,3248-09-29 00:00:00
JUG_00968,STR_0030,purchased,3248-10-22 00:00:00
JUG_00968,STR_0030,returned_to_store,3248-12-24 00:00:00
JUG_00968,HUB_AURORA,washed,3248-12-27 00:00:00
JUG_00968,STR_0040,purchased,3249-01-25 00:00:00
JUG_00968,STR_0040,returned_to_store,3249-04-05 00:00:00
JUG_00968,HUB_AURORA,washed,3249-04-08 00:00:00
JUG_00968,STR_0006,purchased,3249-05-02 00:00:00
JUG_00968,STR_0006,returned_to_store,3249-07-08 00:00:00
JUG_00968,HUB_AURORA,washed,3249-07-13 00:00:00
JUG_00969,STR_0037,purchased,3249-07-29 00:00:00
JUG_00969,STR_0037,returned_to_store,3249-09-22 00:00:00
JUG_00969,HUB_AURORA,washed,3249-09-26 00:00:00
JUG_00969,STR_0012,purchased,3249-10-14 00:00:00
JUG_00969,STR_0012,returned_to_store,3249-12-24 00:00:00
JUG_00969,HUB_AURORA,washed,3249-12-26 00:00:00
JUG_00969,STR_0049,purchased,3250-01-24 00:00:00
JUG_00969,STR_0049,returned_to_store,3250-03-22 00:00:00
JUG_00969,HUB_AURORA,washed,3250-03-24 00:00:00
JUG_00970,STR_0002,purchased,3250-04-22 00:00:00
JUG_00970,STR_0002,returned_to_store,3250-07-24 00:00:00
JUG_00970,HUB_AURORA,washed,3250-07-26 00:00:00
JUG_00970,STR_0037,purchased,3250-08-22 00:00:00
JUG_00970,UNKNOWN,lost_to_leakage,3250-10-27 00:00:00
JUG_00971,STR_0012,purchased,3250-11-04 00:00:00
JUG_00971,UNKNOWN,lost_to_leakage,3251-01-02 00:00:00
JUG_00972,STR_0027,purchased,3251-01-27 00:00:00
JUG_00972,STR_0027,returned_to_store,3251-04-05 00:00:00
JUG_00972,HUB_AURORA,washed,3251-04-09 00:00:00
JUG_00972,STR_0000,purchased,3251-04-24 00:00:00
JUG_00972,STR_0000,returned_to_store,3251-07-30 00:00:00
JUG_00972,HUB_AURORA,washed,3251-08-03 00:00:00
JUG_00972,STR_0039,purchased,3251-08-28 00:00:00
JUG_00972,STR_0039,returned_to_store,3251-11-26 00:00:00
JUG_00972,HUB_AURORA,washed,3251-11-29 00:00:00
JUG_00972,STR_0023,purchased,3251-12-22 00:00:00
JUG_00972,STR_0023,returned_to_store,3252-02-24 00:00:00
JUG_00972,HUB_AURORA,washed,3252-02-29 00:00:00
JUG_00972,STR_0009,purchased,3252-03-07 00:00:00
JUG_00972,STR_0009,returned_to_store,3252-06-01 00:00:00
JUG_00972,HUB_AURORA,washed,3252-06-03 00:00:00
JUG_00973,STR_0000,purchased,3252-06-29 00:00:00
JUG_00973,STR_0000,returned_to_store,3252-08-31 00:00:00
JUG_00973,HUB_AURORA,washed,3252-09-05 00:00:00
JUG_00973,STR_0030,purchased,3252-09-17 00:00:00
JUG_00973,STR_0030,returned_to_store,3252-11-26 00:00:00
JUG_00973,HUB_AURORA,washed,3252-11-30 00:00:00
JUG_00973,STR_0016,purchased,3252-12-14 00:00:00
JUG_00973,STR_0016,returned_to_store,3253-03-11 00:00:00
JUG_00973,HUB_AURORA,washed,3253-03-13 00:00:00
JUG_00973,STR_0037,purchased,3253-04-11 00:00:00
JUG_00973,STR_0037,returned_to_store,3253-06-30 00:00:00
JUG_00973,HUB_AURORA,washed,3253-07-03 00:00:00
JUG_00974,STR_0014,purchased,3253-08-02 00:00:00
JUG_00974,STR_0014,returned_to_store,3253-09-27 00:00:00
JUG_00974,HUB_AURORA,washed,3253-09-29 00:00:00
JUG_00974,STR_0038,purchased,3253-10-28 00:00:00
JUG_00974,UNKNOWN,lost_to_leakage,3253-12-19 00:00:00
JUG_00975,STR_0026,purchased,3254-01-01 00:00:00
JUG_00975,STR_0026,returned_to_store,3254-04-05 00:00:00
JUG_00975,HUB_AURORA,washed,3254-04-10 00:00:00
JUG_00975,STR_0001,purchased,3254-04-23 00:00:00
JUG_00975,STR_0001,returned_to_store,3254-07-29 00:00:00
JUG_00975,HUB_AURORA,washed,3254-08-03 00:00:00
JUG_00975,STR_0047,purchased,3254-08-16 00:00:00
JUG_00975,STR_0047,returned_to_store,3254-11-11 00:00:00
JUG_00975,HUB_AURORA,washed,3254-11-16 00:00:00
JUG_00976,STR_0034,purchased,3254-11-25 00:00:00
JUG_00976,STR_0034,returned_to_store,3255-02-20 00:00:00
JUG_00976,HUB_AURORA,washed,3255-02-24 00:00:00
JUG_00976,STR_0046,purchased,3255-03-20 00:00:00
JUG_00976,STR_0046,returned_to_store,3255-05-27 00:00:00
JUG_00976,HUB_AURORA,washed,3255-06-01 00:00:00
JUG_00976,STR_0008,purchased,3255-06-12 00:00:00
JUG_00976,STR_0008,returned_to_store,3255-08-24 00:00:00
JUG_00976,HUB_AURORA,washed,3255-08-28 00:00:00
JUG_00976,STR_0010,purchased,3255-09-17 00:00:00
JUG_00976,STR_0010,returned_to_store,3255-12-15 00:00:00
JUG_00976,HUB_AURORA,washed,3255-12-17 00:00:00
JUG_00976,STR_0002,purchased,3256-01-03 00:00:00
JUG_00976,STR_0002,returned_to_store,3256-03-09 00:00:00
JUG_00976,HUB_AURORA,washed,3256-03-12 00:00:00
JUG_00976,STR_0022,purchased,3256-03-22 00:00:00
JUG_00976,STR_0022,returned_to_store,3256-06-02 00:00:00
JUG_00976,HUB_AURORA,washed,3256-06-07 00:00:00
JUG_00976,STR_0041,purchased,3256-07-04 00:00:00
JUG_00976,STR_0041,returned_to_store,3256-10-02 00:00:00
JUG_00976,HUB_AURORA,washed,3256-10-04 00:00:00
JUG_00976,STR_0048,purchased,3256-10-13 00:00:00
JUG_00976,STR_0048,returned_to_store,3257-01-03 00:00:00
JUG_00976,HUB_AURORA,washed,3257-01-07 00:00:00
JUG_00977,STR_0007,purchased,3257-02-04 00:00:00
JUG_00977,STR_0007,returned_to_store,3257-04-23 00:00:00
JUG_00977,HUB_AURORA,washed,3257-04-27 00:00:00
JUG_00977,STR_0043,purchased,3257-05-04 00:00:00
JUG_00977,UNKNOWN,lost_to_leakage,3257-07-07 00:00:00
JUG_00978,STR_0023,purchased,3257-07-17 00:00:00
JUG_00978,STR_0023,returned_to_store,3257-10-14 00:00:00
JUG_00978,HUB_AURORA,washed,3257-10-18 00:00:00
JUG_00978,STR_0034,purchased,3257-10-27 00:00:00
JUG_00978,STR_0034,returned_to_store,3258-01-20 00:00:00
JUG_00978,HUB_AURORA,washed,3258-01-23 00:00:00
JUG_00978,STR_0029,purchased,3258-02-21 00:00:00
JUG_00978,UNKNOWN,lost_to_leakage,3258-05-06 00:00:00
JUG_00979,STR_0012,purchased,3258-05-31 00:00:00
JUG_00979,STR_0012,returned_to_store,3258-08-17 00:00:00
JUG_00979,HUB_AURORA,washed,3258-08-19 00:00:00
JUG_00979,STR_0017,purchased,3258-09-11 00:00:00
JUG_00979,STR_0017,returned_to_store,3258-12-24 00:00:00
JUG_00979,HUB_AURORA,washed,3258-12-29 00:00:00
JUG_00979,STR_0040,purchased,3259-01-27 00:00:00
JUG_00979,STR_0040,returned_to_store,3259-04-20 00:00:00
JUG_00979,HUB_AURORA,washed,3259-04-25 00:00:00
JUG_00979,STR_0021,purchased,3259-05-24 00:00:00
JUG_00979,STR_0021,returned_to_store,3259-08-01 00:00:00
JUG_00979,HUB_AURORA,washed,3259-08-03 00:00:00
JUG_00979,STR_0017,purchased,3259-08-17 00:00:00
JUG_00979,STR_0017,returned_to_store,3259-11-10 00:00:00
JUG_00979,HUB_AURORA,washed,3259-11-12 00:00:00
JUG_00979,STR_0044,purchased,3259-11-22 00:00:00
JUG_00979,STR_0044,returned_to_store,3260-02-20 00:00:00
JUG_00979,HUB_AURORA,washed,3260-02-25 00:00:00
JUG_00979,STR_0028,purchased,3260-03-18 00:00:00
JUG_00979,STR_0028,returned_to_store,3260-06-06 00:00:00
JUG_00979,HUB_AURORA,washed,3260-06-08 00:00:00
JUG_00979,STR_0008,purchased,3260-06-26 00:00:00
JUG_00979,STR_0008,returned_to_store,3260-09-26 00:00:00
JUG_00979,HUB_AURORA,washed,3260-10-01 00:00:00
JUG_00979,STR_0011,purchased,3260-10-27 00:00:00
JUG_00979,UNKNOWN,lost_to_leakage,3261-01-30 00:00:00
JUG_00980,STR_0042,purchased,3261-02-08 00:00:00
JUG_00980,STR_0042,returned_to_store,3261-05-03 00:00:00
JUG_00980,HUB_AURORA,washed,3261-05-05 00:00:00
JUG_00980,STR_0021,purchased,3261-05-29 00:00:00
JUG_00980,STR_0021,returned_to_store,3261-08-02 00:00:00
JUG_00980,HUB_AURORA,washed,3261-08-06 00:00:00
JUG_00980,STR_0009,purchased,3261-09-05 00:00:00
JUG_00980,STR_0009,returned_to_store,3261-11-02 00:00:00
JUG_00980,HUB_AURORA,washed,3261-11-06 00:00:00
JUG_00980,STR_0017,purchased,3261-11-25 00:00:00
JUG_00980,STR_0017,returned_to_store,3262-01-19 00:00:00
JUG_00980,HUB_AURORA,washed,3262-01-24 00:00:00
JUG_00980,STR_0011,purchased,3262-02-10 00:00:00
JUG_00980,STR_0011,returned_to_store,3262-05-07 00:00:00
JUG_00980,HUB_AURORA,washed,3262-05-10 00:00:00
JUG_00980,STR_0018,purchased,3262-06-09 00:00:00
JUG_00980,STR_0018,returned_to_store,3262-09-15 00:00:00
JUG_00980,HUB_AURORA,washed,3262-09-17 00:00:00
JUG_00980,STR_0040,purchased,3262-10-17 00:00:00
JUG_00980,STR_0040,returned_to_store,3263-01-12 00:00:00
JUG_00980,HUB_AURORA,washed,3263-01-16 00:00:00
JUG_00980,STR_0013,purchased,3263-02-15 00:00:00
JUG_00980,STR_0013,returned_to_store,3263-05-22 00:00:00
JUG_00980,HUB_AURORA,washed,3263-05-24 00:00:00
JUG_00981,STR_0027,purchased,3263-06-19 00:00:00
JUG_00981,STR_0027,returned_to_store,3263-08-26 00:00:00
JUG_00981,HUB_AURORA,washed,3263-08-29 00:00:00
JUG_00981,STR_0012,purchased,3263-09-18 00:00:00
JUG_00981,STR_0012,returned_to_store,3263-12-17 00:00:00
JUG_00981,HUB_AURORA,washed,3263-12-22 00:00:00
JUG_00981,STR_0046,purchased,3264-01-17 00:00:00
JUG_00981,UNKNOWN,lost_to_leakage,3264-04-03 00:00:00
JUG_00982,STR_0022,purchased,3264-04-23 00:00:00
JUG_00982,STR_0022,returned_to_store,3264-07-23 00:00:00
JUG_00982,HUB_AURORA,washed,3264-07-26 00:00:00
JUG_00982,STR_0002,purchased,3264-08-20 00:00:00
JUG_00982,STR_0002,returned_to_store,3264-11-22 00:00:00
JUG_00982,HUB_AURORA,washed,3264-11-27 00:00:00
JUG_00982,STR_0027,purchased,3264-12-16 00:00:00
JUG_00982,STR_0027,returned_to_store,3265-03-09 00:00:00
JUG_00982,HUB_AURORA,washed,3265-03-14 00:00:00
JUG_00983,STR_0023,purchased,3265-03-23 00:00:00
JUG_00983,STR_0023,returned_to_store,3265-05-18 00:00:00
JUG_00983,HUB_AURORA,washed,3265-05-22 00:00:00
JUG_00983,STR_0028,purchased,3265-06-14 00:00:00
JUG_00983,STR_0028,returned_to_store,3265-08-29 00:00:00
JUG_00983,HUB_AURORA,washed,3265-08-31 00:00:00
JUG_00983,STR_0028,purchased,3265-09-29 00:00:00
JUG_00983,STR_0028,returned_to_store,3265-11-22 00:00:00
JUG_00983,HUB_AURORA,washed,3265-11-27 00:00:00
JUG_00983,STR_0017,purchased,3265-12-25 00:00:00
JUG_00983,UNKNOWN,lost_to_leakage,3266-03-21 00:00:00
JUG_00984,STR_0049,purchased,3266-04-01 00:00:00
JUG_00984,STR_0049,returned_to_store,3266-06-05 00:00:00
JUG_00984,HUB_AURORA,washed,3266-06-07 00:00:00
JUG_00984,STR_0042,purchased,3266-07-02 00:00:00
JUG_00984,STR_0042,returned_to_store,3266-09-07 00:00:00
JUG_00984,HUB_AURORA,washed,3266-09-12 00:00:00
JUG_00984,STR_0019,purchased,3266-09-22 00:00:00
JUG_00984,STR_0019,returned_to_store,3266-12-21 00:00:00
JUG_00984,HUB_AURORA,washed,3266-12-24 00:00:00
JUG_00984,STR_0035,purchased,3267-01-15 00:00:00
JUG_00984,STR_0035,returned_to_store,3267-04-11 00:00:00
JUG_00984,HUB_AURORA,washed,3267-04-13 00:00:00
JUG_00984,STR_0040,purchased,3267-04-29 00:00:00
JUG_00984,STR_0040,returned_to_store,3267-07-11 00:00:00
JUG_00984,HUB_AURORA,washed,3267-07-16 00:00:00
JUG_00984,STR_0006,purchased,3267-08-14 00:00:00
JUG_00984,STR_0006,returned_to_store,3267-10-18 00:00:00
JUG_00984,HUB_AURORA,washed,3267-10-21 00:00:00
JUG_00985,STR_0002,purchased,3267-11-14 00:00:00
JUG_00985,STR_0002,returned_to_store,3268-02-04 00:00:00
JUG_00985,HUB_AURORA,washed,3268-02-09 00:00:00
JUG_00985,STR_0004,purchased,3268-03-01 00:00:00
JUG_00985,STR_0004,returned_to_store,3268-05-12 00:00:00
JUG_00985,HUB_AURORA,washed,3268-05-17 00:00:00
JUG_00985,STR_0031,purchased,3268-06-06 00:00:00
JUG_00985,STR_0031,returned_to_store,3268-08-04 00:00:00
JUG_00985,HUB_AURORA,washed,3268-08-09 00:00:00
JUG_00985,STR_0021,purchased,3268-08-17 00:00:00
JUG_00985,STR_0021,returned_to_store,3268-10-22 00:00:00
JUG_00985,HUB_AURORA,washed,3268-10-25 00:00:00
JUG_00985,STR_0044,purchased,3268-11-07 00:00:00
JUG_00985,UNKNOWN,lost_to_leakage,3269-01-29 00:00:00
JUG_00986,STR_0034,purchased,3269-02-18 00:00:00
JUG_00986,STR_0034,returned_to_store,3269-05-05 00:00:00
JUG_00986,HUB_AURORA,washed,3269-05-07 00:00:00
JUG_00986,STR_0043,purchased,3269-05-26 00:00:00
JUG_00986,STR_0043,returned_to_store,3269-07-27 00:00:00
JUG_00986,HUB_AURORA,washed,3269-07-31 00:00:00
JUG_00986,STR_0024,purchased,3269-08-16 00:00:00
JUG_00986,UNKNOWN,lost_to_leakage,3269-11-04 00:00:00
JUG_00987,STR_0017,purchased,3269-11-12 00:00:00
JUG_00987,STR_0017,returned_to_store,3270-02-07 00:00:00
JUG_00987,HUB_AURORA,washed,3270-02-10 00:00:00
JUG_00987,STR_0031,purchased,3270-02-21 00:00:00
JUG_00987,STR_0031,returned_to_store,3270-05-25 00:00:00
JUG_00987,HUB_AURORA,washed,3270-05-30 00:00:00
JUG_00987,STR_0038,purchased,3270-06-17 00:00:00
JUG_00987,STR_0038,returned_to_store,3270-09-08 00:00:00
JUG_00987,HUB_AURORA,washed,3270-09-11 00:00:00
JUG_00987,STR_0005,purchased,3270-09-24 00:00:00
JUG_00987,STR_0005,returned_to_store,3270-12-15 00:00:00
JUG_00987,HUB_AURORA,washed,3270-12-20 00:00:00
JUG_00988,STR_0002,purchased,3271-01-14 00:00:00
JUG_00988,STR_0002,returned_to_store,3271-04-12 00:00:00
JUG_00988,HUB_AURORA,washed,3271-04-14 00:00:00
JUG_00988,STR_0018,purchased,3271-05-06 00:00:00
JUG_00988,STR_0018,returned_to_store,3271-07-13 00:00:00
JUG_00988,HUB_AURORA,washed,3271-07-15 00:00:00
JUG_00988,STR_0002,purchased,3271-08-12 00:00:00
JUG_00988,STR_0002,returned_to_store,3271-10-29 00:00:00
JUG_00988,HUB_AURORA,washed,3271-11-01 00:00:00
JUG_00988,STR_0010,purchased,3271-11-30 00:00:00
JUG_00988,STR_0010,returned_to_store,3272-02-07 00:00:00
JUG_00988,HUB_AURORA,washed,3272-02-10 00:00:00
JUG_00988,STR_0021,purchased,3272-02-23 00:00:00
JUG_00988,STR_0021,returned_to_store,3272-04-22 00:00:00
JUG_00988,HUB_AURORA,washed,3272-04-27 00:00:00
JUG_00988,STR_0022,purchased,3272-05-17 00:00:00
JUG_00988,STR_0022,returned_to_store,3272-08-16 00:00:00
JUG_00988,HUB_AURORA,washed,3272-08-19 00:00:00
JUG_00989,STR_0034,purchased,3272-09-06 00:00:00
JUG_00989,STR_0034,returned_to_store,3272-11-30 00:00:00
JUG_00989,HUB_AURORA,washed,3272-12-05 00:00:00
JUG_00989,STR_0015,purchased,3272-12-12 00:00:00
JUG_00989,STR_0015,returned_to_store,3273-03-22 00:00:00
JUG_00989,HUB_AURORA,washed,3273-03-24 00:00:00
JUG_00989,STR_0033,purchased,3273-04-22 00:00:00
JUG_00989,STR_0033,returned_to_store,3273-07-17 00:00:00
JUG_00989,HUB_AURORA,washed,3273-07-22 00:00:00
JUG_00989,STR_0006,purchased,3273-08-02 00:00:00
JUG_00989,STR_0006,returned_to_store,3273-11-05 00:00:00
JUG_00989,HUB_AURORA,washed,3273-11-07 00:00:00
JUG_00990,STR_0024,purchased,3273-11-16 00:00:00
JUG_00990,STR_0024,returned_to_store,3274-01-04 00:00:00
JUG_00990,HUB_AURORA,washed,3274-01-09 00:00:00
JUG_00990,STR_0012,purchased,3274-02-06 00:00:00
JUG_00990,STR_0012,returned_to_store,3274-05-14 00:00:00
JUG_00990,HUB_AURORA,washed,3274-05-17 00:00:00
JUG_00990,STR_0008,purchased,3274-06-02 00:00:00
JUG_00990,STR_0008,returned_to_store,3274-08-18 00:00:00
JUG_00990,HUB_AURORA,washed,3274-08-20 00:00:00
JUG_00990,STR_0000,purchased,3274-09-13 00:00:00
JUG_00990,STR_0000,returned_to_store,3274-11-06 00:00:00
JUG_00990,HUB_AURORA,washed,3274-11-09 00:00:00
JUG_00990,STR_0013,purchased,3274-11-27 00:00:00
JUG_00990,STR_0013,returned_to_store,3275-01-27 00:00:00
JUG_00990,HUB_AURORA,washed,3275-01-31 00:00:00
JUG_00991,STR_0012,purchased,3275-02-23 00:00:00
JUG_00991,UNKNOWN,lost_to_leakage,3275-05-03 00:00:00
JUG_00992,STR_0026,purchased,3275-05-22 00:00:00
JUG_00992,STR_0026,returned_to_store,3275-07-31 00:00:00
JUG_00992,HUB_AURORA,washed,3275-08-03 00:00:00
JUG_00992,STR_0043,purchased,3275-08-11 00:00:00
JUG_00992,UNKNOWN,lost_to_leakage,3275-11-12 00:00:00
JUG_00993,STR_0039,purchased,3275-11-30 00:00:00
JUG_00993,UNKNOWN,lost_to_leakage,3276-02-04 00:00:00
JUG_00994,STR_0004,purchased,3276-03-03 00:00:00
JUG_00994,STR_0004,returned_to_store,3276-05-20 00:00:00
JUG_00994,HUB_AURORA,washed,3276-05-25 00:00:00
JUG_00994,STR_0037,purchased,3276-06-07 00:00:00
JUG_00994,STR_0037,returned_to_store,3276-08-25 00:00:00
JUG_00994,HUB_AURORA,washed,3276-08-28 00:00:00
JUG_00994,STR_0025,purchased,3276-09-15 00:00:00
JUG_00994,UNKNOWN,lost_to_leakage,3276-11-17 00:00:00
JUG_00995,STR_0016,purchased,3276-12-09 00:00:00
JUG_00995,STR_0016,returned_to_store,3277-03-12 00:00:00
JUG_00995,HUB_AURORA,washed,3277-03-16 00:00:00
JUG_00995,STR_0031,purchased,3277-03-27 00:00:00
JUG_00995,STR_0031,returned_to_store,3277-05-16 00:00:00
JUG_00995,HUB_AURORA,washed,3277-05-19 00:00:00
JUG_00995,STR_0010,purchased,3277-06-05 00:00:00
JUG_00995,STR_0010,returned_to_store,3277-08-11 00:00:00
JUG_00995,HUB_AURORA,washed,3277-08-15 00:00:00
JUG_00995,STR_0041,purchased,3277-09-08 00:00:00
JUG_00995,STR_0041,returned_to_store,3277-12-15 00:00:00
JUG_00995,HUB_AURORA,washed,3277-12-18 00:00:00
JUG_00995,STR_0044,purchased,3278-01-07 00:00:00
JUG_00995,STR_0044,returned_to_store,3278-03-27 00:00:00
JUG_00995,HUB_AURORA,washed,3278-03-29 00:00:00
JUG_00995,STR_0003,purchased,3278-04-21 00:00:00
JUG_00995,STR_0003,returned_to_store,3278-06-28 00:00:00
JUG_00995,HUB_AURORA,washed,3278-06-30 00:00:00
JUG_00995,STR_0046,purchased,3278-07-10 00:00:00
JUG_00995,STR_0046,returned_to_store,3278-09-13 00:00:00
JUG_00995,HUB_AURORA,washed,3278-09-18 00:00:00
JUG_00995,STR_0002,purchased,3278-10-04 00:00:00
JUG_00995,STR_0002,returned_to_store,3279-01-06 00:00:00
JUG_00995,HUB_AURORA,washed,3279-01-10 00:00:00
JUG_00995,STR_0015,purchased,3279-02-09 00:00:00
JUG_00995,STR_0015,returned_to_store,3279-03-31 00:00:00
JUG_00995,HUB_AURORA,washed,3279-04-04 00:00:00
JUG_00996,STR_0030,purchased,3279-04-21 00:00:00
JUG_00996,STR_0030,returned_to_store,3279-07-30 00:00:00
JUG_00996,HUB_AURORA,washed,3279-08-02 00:00:00
JUG_00996,STR_0003,purchased,3279-08-14 00:00:00
JUG_00996,STR_0003,returned_to_store,3279-10-16 00:00:00
JUG_00996,HUB_AURORA,washed,3279-10-20 00:00:00
JUG_00996,STR_0048,purchased,3279-10-28 00:00:00
JUG_00996,STR_0048,returned_to_store,3279-12-29 00:00:00
JUG_00996,HUB_AURORA,washed,3280-01-01 00:00:00
JUG_00997,STR_0020,purchased,3280-01-28 00:00:00
JUG_00997,STR_0020,returned_to_store,3280-04-22 00:00:00
JUG_00997,HUB_AURORA,washed,3280-04-27 00:00:00
JUG_00997,STR_0004,purchased,3280-05-16 00:00:00
JUG_00997,STR_0004,returned_to_store,3280-08-20 00:00:00
JUG_00997,HUB_AURORA,washed,3280-08-22 00:00:00
JUG_00997,STR_0043,purchased,3280-09-16 00:00:00
JUG_00997,STR_0043,returned_to_store,3280-11-17 00:00:00
JUG_00997,HUB_AURORA,washed,3280-11-21 00:00:00
JUG_00998,STR_0036,purchased,3280-12-09 00:00:00
JUG_00998,STR_0036,returned_to_store,3281-03-05 00:00:00
JUG_00998,HUB_AURORA,washed,3281-03-08 00:00:00
JUG_00998,STR_0039,purchased,3281-03-15 00:00:00
JUG_00998,STR_0039,returned_to_store,3281-05-14 00:00:00
JUG_00998,HUB_AURORA,washed,3281-05-18 00:00:00
JUG_00998,STR_0006,purchased,3281-06-09 00:00:00
JUG_00998,STR_0006,returned_to_store,3281-08-23 00:00:00
JUG_00998,HUB_AURORA,washed,3281-08-26 00:00:00
JUG_00999,STR_0023,purchased,3281-09-22 00:00:00
JUG_00999,STR_0023,returned_to_store,3281-12-17 00:00:00
JUG_00999,HUB_AURORA,washed,3281-12-20 00:00:00
JUG_00999,STR_0020,purchased,3282-01-11 00:00:00
JUG_00999,STR_0020,returned_to_store,3282-04-09 00:00:00
JUG_00999,HUB_AURORA,washed,3282-04-11 00:00:00
JUG_00999,STR_0011,purchased,3282-04-18 00:00:00
JUG_00999,STR_0011,returned_to_store,3282-06-10 00:00:00
JUG_00999,HUB_AURORA,washed,3282-06-13 00:00:00
JUG_00999,STR_0047,purchased,3282-06-28 00:00:00
JUG_00999,STR_0047,returned_to_store,3282-09-14 00:00:00
JUG_00999,HUB_AURORA,washed,3282-09-16 00:00:00
JUG_00999,STR_0047,purchased,3282-10-08 00:00:00
JUG_00999,STR_0047,returned_to_store,3282-12-11 00:00:00
JUG_00999,HUB_AURORA,washed,3282-12-15 00:00:00
JUG_00999,STR_0038,purchased,3283-01-07 00:00:00
JUG_00999,STR_0038,returned_to_store,3283-03-18 00:00:00
JUG_00999,HUB_AURORA,washed,3283-03-23 00:00:00
JUG_00999,STR_0020,purchased,3283-04-18 00:00:00
JUG_00999,STR_0020,returned_to_store,3283-06-17 00:00:00
JUG_00999,HUB_AURORA,washed,3283-06-22 00:00:00
JUG_00999,STR_0023,purchased,3283-07-01 00:00:00
JUG_00999,STR_0023,returned_to_store,3283-09-14 00:00:00
JUG_00999,HUB_AURORA,washed,3283-09-17 00:00:00
JUG_00999,STR_0036,purchased,3283-09-30 00:00:00
JUG_00999,STR_0036,returned_to_store,3283-11-19 00:00:00
JUG_00999,HUB_AURORA,washed,3283-11-24 00:00:00
